session_id,roi_type,total_fixation_time_seconds,total_fixation_time_normalized,fixation_time_percentage,fixation_time_percentage_normalized,enter_count,regression_count
ad10q1,KW,23.842,1.0,0.6701,0.6701,39,35
ad10q1,INST,3.309,0.1394,0.093,0.093,5,4
ad10q1,BG,7.821,0.3296,0.2198,0.2198,25,24
ad10q2,KW,17.36,0.7315,0.634,0.634,24,20
ad10q2,INST,5.257,0.2215,0.192,0.192,3,2
ad10q2,BG,3.911,0.1648,0.1428,0.1428,13,12
ad10q3,KW,6.721,0.2832,0.3928,0.3928,14,11
ad10q3,INST,5.5,0.2318,0.3214,0.3214,5,3
ad10q3,BG,4.28,0.1803,0.2501,0.2501,10,9
ad10q4,KW,8.434,0.3554,0.2491,0.2491,8,7
ad10q4,INST,16.128,0.6796,0.4763,0.4763,27,24
ad10q4,BG,8.441,0.3557,0.2493,0.2493,24,23
ad10q5,KW,0.0,0.0,0.0,0.0,0,0
ad10q5,INST,12.227,0.5152,0.5716,0.5716,17,14
ad10q5,BG,8.31,0.3502,0.3885,0.3885,13,12
ad11q1,KW,24.687,1.0,0.5869,0.5869,48,44
ad11q1,INST,4.401,0.1854,0.1046,0.1046,7,6
ad11q1,BG,11.744,0.4949,0.2792,0.2792,32,31
ad11q2,KW,22.37,0.9426,0.4855,0.4855,47,43
ad11q2,INST,14.791,0.6233,0.321,0.321,14,13
ad11q2,BG,8.307,0.35,0.1803,0.1803,26,25
ad11q3,KW,10.635,0.4481,0.4143,0.4143,20,17
ad11q3,INST,10.264,0.4325,0.3998,0.3998,12,10
ad11q3,BG,3.668,0.1546,0.1429,0.1429,15,14
ad11q4,KW,25.675,1.0,0.3173,0.3173,27,26
ad11q4,INST,41.073,1.0,0.5076,0.5076,60,57
ad11q4,BG,10.26,0.4323,0.1268,0.1268,33,32
ad11q5,KW,0.0,0.0,0.0,0.0,0,0
ad11q5,INST,9.534,0.4017,0.4193,0.4193,19,16
ad11q5,BG,12.468,0.5254,0.5483,0.5483,17,16
ad12q1,KW,27.503,1.0,0.6796,0.6796,56,52
ad12q1,INST,3.918,0.1651,0.0968,0.0968,7,6
ad12q1,BG,8.562,0.3608,0.2116,0.2116,26,25
ad12q2,KW,15.283,0.644,0.6041,0.6041,35,31
ad12q2,INST,4.522,0.1905,0.1787,0.1787,5,4
ad12q2,BG,5.254,0.2214,0.2077,0.2077,20,19
ad12q3,KW,9.414,0.3967,0.4755,0.4755,20,17
ad12q3,INST,5.499,0.2317,0.2777,0.2777,5,3
ad12q3,BG,4.034,0.17,0.2037,0.2037,11,10
ad12q4,KW,5.744,0.242,0.1661,0.1661,6,5
ad12q4,INST,16.991,0.716,0.4912,0.4912,30,27
ad12q4,BG,9.901,0.4172,0.2862,0.2862,23,22
ad12q5,KW,0.0,0.0,0.0,0.0,0,0
ad12q5,INST,14.057,0.5923,0.6284,0.6284,20,17
ad12q5,BG,8.312,0.3502,0.3716,0.3716,16,15
ad13q1,KW,21.881,0.922,0.6831,0.6831,27,23
ad13q1,INST,3.791,0.1597,0.1184,0.1184,7,6
ad13q1,BG,5.748,0.2422,0.1795,0.1795,20,19
ad13q2,KW,33.124,1.0,0.6482,0.6482,63,59
ad13q2,INST,4.769,0.201,0.0933,0.0933,5,4
ad13q2,BG,11.857,0.4996,0.232,0.232,39,38
ad13q3,KW,10.39,0.4378,0.5347,0.5347,23,20
ad13q3,INST,3.788,0.1596,0.195,0.195,5,3
ad13q3,BG,4.891,0.2061,0.2517,0.2517,13,12
ad13q4,KW,8.922,0.376,0.2028,0.2028,7,6
ad13q4,INST,19.562,0.8243,0.4446,0.4446,30,27
ad13q4,BG,13.689,0.5768,0.3111,0.3111,31,30
ad13q5,KW,0.0,0.0,0.0,0.0,0,0
ad13q5,INST,8.923,0.376,0.4621,0.4621,15,12
ad13q5,BG,9.779,0.4121,0.5064,0.5064,13,12
ad14q1,KW,28.485,1.0,0.7146,0.7146,48,44
ad14q1,INST,3.917,0.1651,0.0983,0.0983,5,4
ad14q1,BG,6.482,0.2731,0.1626,0.1626,19,18
ad14q2,KW,40.951,1.0,0.891,0.891,31,27
ad14q2,INST,0.123,0.0052,0.0027,0.0027,1,0
ad14q2,BG,3.297,0.1389,0.0717,0.0717,12,11
ad14q3,KW,23.955,1.0,0.6242,0.6242,35,32
ad14q3,INST,5.985,0.2522,0.1559,0.1559,8,6
ad14q3,BG,7.461,0.3144,0.1944,0.1944,19,18
ad14q4,KW,6.478,0.273,0.1559,0.1559,7,6
ad14q4,INST,24.695,1.0,0.5942,0.5942,27,24
ad14q4,BG,9.409,0.3965,0.2264,0.2264,20,19
ad14q5,KW,0.0,0.0,0.0,0.0,0,0
ad14q5,INST,9.904,0.4173,0.6643,0.6643,17,14
ad14q5,BG,5.009,0.2111,0.3359,0.3359,9,8
ad15q1,KW,24.937,1.0,0.6108,0.6108,52,48
ad15q1,INST,5.381,0.2267,0.1318,0.1318,8,7
ad15q1,BG,10.026,0.4225,0.2456,0.2456,29,28
ad15q2,KW,22.98,0.9683,0.7015,0.7015,34,30
ad15q2,INST,3.792,0.1598,0.1158,0.1158,7,6
ad15q2,BG,4.643,0.1956,0.1417,0.1417,17,16
ad15q3,KW,11.005,0.4637,0.4287,0.4287,22,19
ad15q3,INST,8.186,0.3449,0.3189,0.3189,8,6
ad15q3,BG,5.746,0.2421,0.2238,0.2238,12,11
ad15q4,KW,2.199,0.0927,0.0844,0.0844,6,5
ad15q4,INST,15.041,0.6338,0.5776,0.5776,22,19
ad15q4,BG,8.43,0.3552,0.3237,0.3237,16,15
ad15q5,KW,0.0,0.0,0.0,0.0,0,0
ad15q5,INST,14.179,0.5975,0.5771,0.5771,29,26
ad15q5,BG,9.779,0.4121,0.398,0.398,23,22
ad16q1,KW,43.147,1.0,0.8344,0.8344,30,26
ad16q1,INST,2.2,0.0927,0.0425,0.0425,2,1
ad16q1,BG,4.773,0.2011,0.0923,0.0923,13,12
ad16q2,KW,18.826,0.7933,0.7441,0.7441,19,15
ad16q2,INST,3.789,0.1597,0.1498,0.1498,6,5
ad16q2,BG,2.199,0.0927,0.0869,0.0869,9,8
ad16q3,KW,3.91,0.1648,0.1849,0.1849,9,6
ad16q3,INST,9.898,0.4171,0.468,0.468,14,12
ad16q3,BG,7.094,0.2989,0.3354,0.3354,16,15
ad16q4,KW,4.523,0.1906,0.1581,0.1581,6,5
ad16q4,INST,18.947,0.7984,0.6625,0.6625,19,16
ad16q4,BG,4.275,0.1801,0.1495,0.1495,15,14
ad16q5,KW,0.0,0.0,0.0,0.0,0,0
ad16q5,INST,13.567,0.5717,0.6167,0.6167,25,22
ad16q5,BG,8.19,0.3451,0.3723,0.3723,18,17
ad17q1,KW,22.617,0.953,0.627,0.627,37,33
ad17q1,INST,3.552,0.1497,0.0985,0.0985,2,1
ad17q1,BG,9.658,0.407,0.2678,0.2678,16,15
ad17q2,KW,16.622,0.7004,0.6181,0.6181,28,24
ad17q2,INST,5.5,0.2318,0.2045,0.2045,12,11
ad17q2,BG,4.158,0.1752,0.1546,0.1546,14,13
ad17q3,KW,10.024,0.4224,0.3711,0.3711,22,19
ad17q3,INST,10.266,0.4326,0.3801,0.3801,14,12
ad17q3,BG,6.233,0.2626,0.2308,0.2308,17,16
ad17q4,KW,5.624,0.237,0.171,0.171,7,6
ad17q4,INST,20.287,0.8548,0.617,0.617,31,28
ad17q4,BG,6.361,0.268,0.1935,0.1935,22,21
ad17q5,KW,0.0,0.0,0.0,0.0,0,0
ad17q5,INST,11.975,0.5046,0.4205,0.4205,35,32
ad17q5,BG,16.262,0.6852,0.571,0.571,28,27
ad18q1,KW,18.7,0.788,0.4779,0.4779,54,50
ad18q1,INST,5.142,0.2167,0.1314,0.1314,10,9
ad18q1,BG,14.796,0.6235,0.3781,0.3781,31,30
ad18q2,KW,21.408,0.9021,0.4693,0.4693,46,42
ad18q2,INST,9.539,0.402,0.2091,0.2091,19,18
ad18q2,BG,14.302,0.6027,0.3135,0.3135,45,44
ad18q3,KW,6.843,0.2883,0.3636,0.3636,17,14
ad18q3,INST,4.28,0.1803,0.2274,0.2274,10,8
ad18q3,BG,7.579,0.3194,0.4027,0.4027,14,13
ad18q4,KW,7.7,0.3245,0.1821,0.1821,11,10
ad18q4,INST,22.982,0.9684,0.5434,0.5434,35,32
ad18q4,BG,11.0,0.4635,0.2601,0.2601,27,26
ad18q5,KW,0.0,0.0,0.0,0.0,0,0
ad18q5,INST,11.124,0.4687,0.5483,0.5483,28,25
ad18q5,BG,9.166,0.3862,0.4517,0.4517,22,21
ad19q1,KW,16.754,0.706,0.6117,0.6117,42,38
ad19q1,INST,3.185,0.1342,0.1163,0.1163,5,4
ad19q1,BG,7.087,0.2986,0.2587,0.2587,24,23
ad19q2,KW,13.323,0.5614,0.6194,0.6194,30,26
ad19q2,INST,2.078,0.0876,0.0966,0.0966,5,4
ad19q2,BG,5.501,0.2318,0.2557,0.2557,17,16
ad19q3,KW,8.925,0.3761,0.3477,0.3477,16,13
ad19q3,INST,10.142,0.4274,0.3951,0.3951,7,5
ad19q3,BG,4.279,0.1803,0.1667,0.1667,13,12
ad19q4,KW,5.991,0.2524,0.1809,0.1809,10,9
ad19q4,INST,18.704,0.7881,0.5647,0.5647,30,27
ad19q4,BG,8.186,0.3449,0.2472,0.2472,17,16
ad19q5,KW,0.0,0.0,0.0,0.0,0,0
ad19q5,INST,10.511,0.4429,0.5889,0.5889,20,17
ad19q5,BG,7.213,0.3039,0.4041,0.4041,14,13
ad20q1,KW,15.766,0.6643,0.5681,0.5681,37,33
ad20q1,INST,2.323,0.0979,0.0837,0.0837,5,4
ad20q1,BG,9.419,0.3969,0.3394,0.3394,19,18
ad20q2,KW,15.161,0.6389,0.5212,0.5212,33,29
ad20q2,INST,4.767,0.2009,0.1639,0.1639,5,4
ad20q2,BG,8.186,0.3449,0.2814,0.2814,20,19
ad20q3,KW,9.781,0.4121,0.447,0.447,21,18
ad20q3,INST,6.234,0.2627,0.2849,0.2849,7,5
ad20q3,BG,5.62,0.2368,0.2569,0.2569,16,15
ad20q4,KW,5.502,0.2318,0.1438,0.1438,8,7
ad20q4,INST,25.541,1.0,0.6676,0.6676,33,30
ad20q4,BG,6.237,0.2628,0.163,0.163,21,20
ad20q5,KW,0.0,0.0,0.0,0.0,0,0
ad20q5,INST,3.909,0.1647,0.2806,0.2806,11,8
ad20q5,BG,9.659,0.407,0.6934,0.6934,10,9
ad21q1,KW,9.051,0.3814,0.5828,0.5828,19,15
ad21q1,INST,0.491,0.0207,0.0316,0.0316,2,1
ad21q1,BG,5.743,0.242,0.3698,0.3698,12,11
ad21q2,KW,11.247,0.4739,0.5351,0.5351,27,23
ad21q2,INST,3.422,0.1442,0.1628,0.1628,6,5
ad21q2,BG,6.11,0.2575,0.2907,0.2907,18,17
ad21q3,KW,4.035,0.17,0.2685,0.2685,15,12
ad21q3,INST,7.946,0.3348,0.5287,0.5287,10,8
ad21q3,BG,2.809,0.1184,0.1869,0.1869,13,12
ad21q4,KW,2.814,0.1186,0.13,0.13,4,3
ad21q4,INST,10.88,0.4585,0.5028,0.5028,21,18
ad21q4,BG,7.454,0.3141,0.3445,0.3445,19,18
ad21q5,KW,0.0,0.0,0.0,0.0,0,0
ad21q5,INST,9.532,0.4017,0.5304,0.5304,19,16
ad21q5,BG,8.316,0.3504,0.4628,0.4628,17,16
ad22q1,KW,11.615,0.4894,0.7143,0.7143,29,25
ad22q1,INST,2.324,0.0979,0.1429,0.1429,2,1
ad22q1,BG,2.079,0.0876,0.1279,0.1279,11,10
ad22q2,KW,14.669,0.6181,0.8109,0.8109,26,22
ad22q2,INST,1.223,0.0515,0.0676,0.0676,2,1
ad22q2,BG,2.078,0.0876,0.1149,0.1149,13,12
ad22q3,KW,4.888,0.206,0.3006,0.3006,11,8
ad22q3,INST,8.558,0.3606,0.5263,0.5263,11,9
ad22q3,BG,2.567,0.1082,0.1579,0.1579,11,10
ad22q4,KW,5.623,0.2369,0.1723,0.1723,5,4
ad22q4,INST,19.309,0.8136,0.5916,0.5916,24,21
ad22q4,BG,6.848,0.2886,0.2098,0.2098,17,16
ad22q5,KW,0.0,0.0,0.0,0.0,0,0
ad22q5,INST,15.397,0.6488,0.5623,0.5623,27,24
ad22q5,BG,11.863,0.4999,0.4333,0.4333,24,23
ad3q1,KW,46.456,1.0,0.7984,0.7984,38,34
ad3q1,INST,6.235,0.2627,0.1071,0.1071,3,2
ad3q1,BG,2.931,0.1235,0.0504,0.0504,15,14
ad3q2,KW,20.171,0.85,0.5957,0.5957,31,27
ad3q2,INST,4.4,0.1854,0.1299,0.1299,8,7
ad3q2,BG,8.801,0.3709,0.2599,0.2599,21,20
ad3q3,KW,7.704,0.3246,0.3299,0.3299,13,10
ad3q3,INST,9.042,0.381,0.3872,0.3872,8,6
ad3q3,BG,6.116,0.2577,0.2619,0.2619,14,13
ad3q4,KW,9.172,0.3865,0.1778,0.1778,9,8
ad3q4,INST,31.179,1.0,0.6042,0.6042,39,36
ad3q4,BG,9.781,0.4121,0.1896,0.1896,28,27
ad3q5,KW,0.0,0.0,0.0,0.0,0,0
ad3q5,INST,11.74,0.4947,0.4851,0.4851,25,22
ad3q5,BG,12.219,0.5149,0.5049,0.5049,23,22
ad4q1,KW,30.93,1.0,0.6389,0.6389,57,53
ad4q1,INST,2.572,0.1084,0.0531,0.0531,7,6
ad4q1,BG,14.296,0.6024,0.2953,0.2953,37,36
ad4q2,KW,53.413,1.0,0.6807,0.6807,70,66
ad4q2,INST,5.501,0.2318,0.0701,0.0701,10,9
ad4q2,BG,17.108,0.7209,0.218,0.218,40,39
ad4q3,KW,7.087,0.2986,0.2761,0.2761,11,8
ad4q3,INST,10.39,0.4378,0.4048,0.4048,12,10
ad4q3,BG,7.093,0.2989,0.2763,0.2763,15,14
ad4q4,KW,8.068,0.34,0.1794,0.1794,7,6
ad4q4,INST,28.843,1.0,0.6412,0.6412,34,31
ad4q4,BG,6.966,0.2935,0.1549,0.1549,28,27
ad4q5,KW,0.0,0.0,0.0,0.0,0,0
ad4q5,INST,14.79,0.6232,0.4745,0.4745,28,25
ad4q5,BG,16.133,0.6798,0.5176,0.5176,22,21
ad5q1,KW,16.623,0.7005,0.5937,0.5937,34,30
ad5q1,INST,1.101,0.0464,0.0393,0.0393,1,0
ad5q1,BG,8.318,0.3505,0.2971,0.2971,19,18
ad5q2,KW,12.713,0.5357,0.5842,0.5842,32,28
ad5q2,INST,3.668,0.1546,0.1686,0.1686,3,2
ad5q2,BG,5.011,0.2112,0.2303,0.2303,18,17
ad5q3,KW,6.601,0.2782,0.2769,0.2769,12,9
ad5q3,INST,9.044,0.3811,0.3794,0.3794,10,8
ad5q3,BG,7.58,0.3194,0.318,0.318,13,12
ad5q4,KW,4.033,0.1699,0.0786,0.0786,4,3
ad5q4,INST,32.025,1.0,0.6238,0.6238,33,30
ad5q4,BG,13.447,0.5666,0.2619,0.2619,28,27
ad5q5,KW,0.0,0.0,0.0,0.0,0,0
ad5q5,INST,13.69,0.5769,0.5989,0.5989,17,14
ad5q5,BG,9.046,0.3812,0.3957,0.3957,15,14
ad6q1,KW,34.724,1.0,0.6081,0.6081,58,54
ad6q1,INST,3.313,0.1396,0.058,0.058,5,4
ad6q1,BG,18.334,0.7726,0.3211,0.3211,42,41
ad6q2,KW,21.03,0.8862,0.6566,0.6566,41,37
ad6q2,INST,2.321,0.0978,0.0725,0.0725,7,6
ad6q2,BG,7.943,0.3347,0.248,0.248,23,22
ad6q3,KW,7.82,0.3295,0.2723,0.2723,21,18
ad6q3,INST,10.636,0.4482,0.3703,0.3703,16,14
ad6q3,BG,9.654,0.4068,0.3361,0.3361,25,24
ad6q4,KW,9.05,0.3813,0.2062,0.2062,10,9
ad6q4,INST,19.194,0.8088,0.4374,0.4374,39,36
ad6q4,BG,14.293,0.6023,0.3257,0.3257,36,35
ad6q5,KW,0.0,0.0,0.0,0.0,0,0
ad6q5,INST,9.168,0.3863,0.6816,0.6816,13,10
ad6q5,BG,3.911,0.1648,0.2908,0.2908,9,8
ad7q1,KW,16.503,0.6954,0.5336,0.5336,35,31
ad7q1,INST,3.914,0.1649,0.1265,0.1265,8,7
ad7q1,BG,10.392,0.4379,0.336,0.336,22,21
ad7q2,KW,22.736,0.958,0.655,0.655,41,37
ad7q2,INST,2.198,0.0926,0.0633,0.0633,3,2
ad7q2,BG,9.045,0.3811,0.2606,0.2606,23,22
ad7q3,KW,4.888,0.206,0.2897,0.2897,11,8
ad7q3,INST,7.947,0.3349,0.4711,0.4711,11,9
ad7q3,BG,4.034,0.17,0.2391,0.2391,11,10
ad7q4,KW,6.113,0.2576,0.1985,0.1985,7,6
ad7q4,INST,16.503,0.6954,0.5358,0.5358,25,22
ad7q4,BG,7.7,0.3245,0.25,0.25,20,19
ad7q5,KW,0.0,0.0,0.0,0.0,0,0
ad7q5,INST,12.957,0.546,0.5638,0.5638,27,24
ad7q5,BG,9.658,0.407,0.4203,0.4203,25,24
ad8q1,KW,17.852,0.7522,0.5428,0.5428,42,38
ad8q1,INST,5.749,0.2423,0.1748,0.1748,7,6
ad8q1,BG,8.921,0.3759,0.2712,0.2712,28,27
ad8q2,KW,9.408,0.3964,0.4999,0.4999,18,14
ad8q2,INST,4.034,0.17,0.2143,0.2143,4,3
ad8q2,BG,4.77,0.201,0.2535,0.2535,13,12
ad8q3,KW,14.3,0.6026,0.3578,0.3578,35,32
ad8q3,INST,14.916,0.6285,0.3732,0.3732,18,16
ad8q3,BG,9.901,0.4172,0.2477,0.2477,24,23
ad8q4,KW,3.305,0.1393,0.1502,0.1502,5,4
ad8q4,INST,10.628,0.4478,0.4831,0.4831,22,19
ad8q4,BG,7.947,0.3349,0.3612,0.3612,14,13
ad8q5,KW,0.0,0.0,0.0,0.0,0,0
ad8q5,INST,18.826,0.7933,0.5969,0.5969,34,31
ad8q5,BG,12.343,0.5201,0.3913,0.3913,28,27
ad9q1,KW,17.608,0.742,0.5715,0.5715,33,29
ad9q1,INST,2.079,0.0876,0.0675,0.0675,2,1
ad9q1,BG,10.512,0.443,0.3412,0.3412,17,16
ad9q2,KW,6.846,0.2885,0.4787,0.4787,15,11
ad9q2,INST,2.932,0.1235,0.205,0.205,2,1
ad9q2,BG,4.401,0.1854,0.3078,0.3078,7,6
ad9q3,KW,8.189,0.3451,0.3661,0.3661,14,11
ad9q3,INST,10.757,0.4533,0.4809,0.4809,6,4
ad9q3,BG,2.935,0.1237,0.1312,0.1312,6,5
ad9q4,KW,3.669,0.1546,0.0938,0.0938,6,5
ad9q4,INST,20.3,0.8554,0.5189,0.5189,29,26
ad9q4,BG,14.295,0.6024,0.3654,0.3654,26,25
ad9q5,KW,0.0,0.0,0.0,0.0,0,0
ad9q5,INST,10.392,0.4379,0.7142,0.7142,20,17
ad9q5,BG,4.155,0.1751,0.2856,0.2856,14,13
m10q1,KW,32.155,1.0,0.8974,0.8974,15,11
m10q1,INST,0.619,0.0261,0.0173,0.0173,1,0
m10q1,BG,1.956,0.0824,0.0546,0.0546,7,6
m10q2,KW,35.569,1.0,0.795,0.795,37,33
m10q2,INST,5.5,0.2318,0.1229,0.1229,3,2
m10q2,BG,3.301,0.1391,0.0738,0.0738,18,17
m10q3,KW,9.778,0.412,0.4371,0.4371,15,12
m10q3,INST,8.555,0.3605,0.3824,0.3824,5,3
m10q3,BG,3.058,0.1289,0.1367,0.1367,9,8
m10q4,KW,32.639,1.0,0.4286,0.4286,20,19
m10q4,INST,29.582,1.0,0.3885,0.3885,44,41
m10q4,BG,11.002,0.4636,0.1445,0.1445,28,27
m10q5,KW,0.0,0.0,0.0,0.0,0,0
m10q5,INST,4.157,0.1752,0.4789,0.4789,11,8
m10q5,BG,4.522,0.1905,0.521,0.521,9,8
m11q1,KW,31.051,1.0,0.8493,0.8493,17,13
m11q1,INST,0.373,0.0157,0.0102,0.0102,2,1
m11q1,BG,3.916,0.165,0.1071,0.1071,11,10
m11q2,KW,47.915,1.0,0.8672,0.8672,27,23
m11q2,INST,2.567,0.1082,0.0465,0.0465,4,3
m11q2,BG,2.326,0.098,0.0421,0.0421,13,12
m11q3,KW,5.136,0.2164,0.3752,0.3752,6,3
m11q3,INST,5.379,0.2267,0.3929,0.3929,3,1
m11q3,BG,2.321,0.0978,0.1695,0.1695,5,4
m11q4,KW,11.123,0.4687,0.2161,0.2161,12,11
m11q4,INST,29.091,1.0,0.5653,0.5653,35,32
m11q4,BG,9.78,0.4121,0.1901,0.1901,25,24
m11q5,KW,0.0,0.0,0.0,0.0,0,0
m11q5,INST,8.921,0.3759,0.5175,0.5175,15,12
m11q5,BG,7.824,0.3297,0.4538,0.4538,13,12
m12q1,KW,12.842,0.5411,0.536,0.536,27,23
m12q1,INST,0.733,0.0309,0.0306,0.0306,2,1
m12q1,BG,9.41,0.3965,0.3927,0.3927,20,19
m12q2,KW,9.045,0.3811,0.8509,0.8509,7,3
m12q2,INST,0.733,0.0309,0.069,0.069,1,0
m12q2,BG,0.489,0.0206,0.046,0.046,3,2
m12q3,KW,8.679,0.3657,0.3717,0.3717,25,22
m12q3,INST,10.755,0.4532,0.4606,0.4606,9,7
m12q3,BG,3.67,0.1546,0.1572,0.1572,17,16
m12q4,KW,4.644,0.1957,0.1659,0.1659,6,5
m12q4,INST,13.208,0.5566,0.4719,0.4719,22,19
m12q4,BG,7.328,0.3088,0.2618,0.2618,21,20
m12q5,KW,0.0,0.0,0.0,0.0,0,0
m12q5,INST,3.422,0.1442,0.5713,0.5713,7,4
m12q5,BG,2.567,0.1082,0.4285,0.4285,7,6
m13q1,KW,16.504,0.6954,0.5357,0.5357,24,20
m13q1,INST,0.612,0.0258,0.0199,0.0199,2,1
m13q1,BG,12.227,0.5152,0.3969,0.3969,19,18
m13q2,KW,20.166,0.8498,0.7236,0.7236,32,28
m13q2,INST,3.422,0.1442,0.1228,0.1228,4,3
m13q2,BG,3.427,0.1444,0.123,0.123,14,13
m13q3,KW,4.522,0.1905,0.5283,0.5283,9,6
m13q3,INST,3.545,0.1494,0.4141,0.4141,3,1
m13q3,BG,0.368,0.0155,0.043,0.043,3,2
m13q4,KW,23.958,1.0,0.4734,0.4734,13,12
m13q4,INST,19.556,0.824,0.3864,0.3864,26,23
m13q4,BG,5.623,0.2369,0.1111,0.1111,18,17
m13q5,KW,0.0,0.0,0.0,0.0,0,0
m13q5,INST,2.565,0.1081,0.3331,0.3331,9,6
m13q5,BG,5.015,0.2113,0.6513,0.6513,7,6
m14q1,KW,26.894,1.0,0.8905,0.8905,11,7
m14q1,INST,0.741,0.0312,0.0245,0.0245,1,0
m14q1,BG,1.591,0.067,0.0527,0.0527,7,6
m14q2,KW,37.893,1.0,0.8683,0.8683,13,9
m14q2,INST,2.689,0.1133,0.0616,0.0616,1,0
m14q2,BG,1.344,0.0566,0.0308,0.0308,4,3
m14q3,KW,13.812,0.582,0.5885,0.5885,15,12
m14q3,INST,7.091,0.2988,0.3021,0.3021,3,1
m14q3,BG,1.956,0.0824,0.0833,0.0833,7,6
m14q4,KW,20.536,0.8653,0.4713,0.4713,12,11
m14q4,INST,17.037,0.7179,0.391,0.391,22,19
m14q4,BG,4.899,0.2064,0.1124,0.1124,14,13
m14q5,KW,0.0,0.0,0.0,0.0,0,0
m14q5,INST,5.744,0.242,0.6618,0.6618,13,10
m14q5,BG,2.691,0.1134,0.31,0.31,9,8
m15q1,KW,35.343,1.0,0.8652,0.8652,13,9
m15q1,INST,0.741,0.0312,0.0181,0.0181,1,0
m15q1,BG,3.179,0.134,0.0778,0.0778,8,7
m15q2,KW,23.225,0.9786,0.7116,0.7116,15,11
m15q2,INST,6.724,0.2833,0.206,0.206,7,6
m15q2,BG,1.712,0.0721,0.0525,0.0525,6,5
m15q3,KW,14.424,0.6078,0.5756,0.5756,17,14
m15q3,INST,6.722,0.2833,0.2682,0.2682,6,4
m15q3,BG,2.934,0.1236,0.1171,0.1171,10,9
m15q4,KW,62.951,1.0,0.6978,0.6978,19,18
m15q4,INST,19.552,0.8239,0.2167,0.2167,32,29
m15q4,BG,4.404,0.1856,0.0488,0.0488,15,14
m15q5,KW,0.0,0.0,0.0,0.0,0,0
m15q5,INST,5.745,0.2421,0.5947,0.5947,7,4
m15q5,BG,3.667,0.1545,0.3796,0.3796,6,5
m16q1,KW,11.495,0.4844,0.6912,0.6912,10,6
m16q1,INST,0.979,0.0413,0.0589,0.0589,2,1
m16q1,BG,3.668,0.1546,0.2206,0.2206,7,6
m16q2,KW,11.734,0.4944,0.6906,0.6906,16,12
m16q2,INST,1.955,0.0824,0.1151,0.1151,3,2
m16q2,BG,3.058,0.1289,0.18,0.18,7,6
m16q3,KW,11.24,0.4736,0.5821,0.5821,22,19
m16q3,INST,3.913,0.1649,0.2026,0.2026,5,3
m16q3,BG,3.426,0.1444,0.1774,0.1774,9,8
m16q4,KW,7.7,0.3245,0.248,0.248,5,4
m16q4,INST,17.725,0.7469,0.5709,0.5709,21,18
m16q4,BG,4.887,0.2059,0.1574,0.1574,13,12
m16q5,KW,0.0,0.0,0.0,0.0,0,0
m16q5,INST,5.377,0.2266,0.7584,0.7584,6,3
m16q5,BG,1.712,0.0721,0.2415,0.2415,3,2
m17q1,KW,6.236,0.2628,0.5664,0.5664,12,8
m17q1,INST,1.835,0.0773,0.1667,0.1667,5,4
m17q1,BG,2.813,0.1185,0.2555,0.2555,7,6
m17q2,KW,4.158,0.1752,0.523,0.523,15,11
m17q2,INST,2.201,0.0927,0.2769,0.2769,5,4
m17q2,BG,1.587,0.0669,0.1996,0.1996,4,3
m17q3,KW,5.132,0.2163,0.4828,0.4828,10,7
m17q3,INST,3.18,0.134,0.2992,0.2992,4,2
m17q3,BG,1.956,0.0824,0.184,0.184,4,3
m17q4,KW,0.978,0.0412,0.04,0.04,1,0
m17q4,INST,18.945,0.7983,0.7748,0.7748,19,16
m17q4,BG,4.159,0.1753,0.1701,0.1701,15,14
m17q5,KW,0.0,0.0,0.0,0.0,0,0
m17q5,INST,3.911,0.1648,0.6035,0.6035,13,10
m17q5,BG,2.567,0.1082,0.3961,0.3961,10,9
m18q1,KW,18.952,0.7986,0.7636,0.7636,18,14
m18q1,INST,0.981,0.0413,0.0395,0.0395,3,2
m18q1,BG,3.911,0.1648,0.1576,0.1576,11,10
m18q2,KW,21.271,0.8963,0.7982,0.7982,19,15
m18q2,INST,1.222,0.0515,0.0459,0.0459,2,1
m18q2,BG,3.422,0.1442,0.1284,0.1284,8,7
m18q3,KW,16.268,0.6855,0.7151,0.7151,14,11
m18q3,INST,5.011,0.2112,0.2203,0.2203,2,0
m18q3,BG,0.489,0.0206,0.0215,0.0215,4,3
m18q4,KW,67.229,1.0,0.7902,0.7902,11,10
m18q4,INST,11.49,0.4842,0.135,0.135,18,15
m18q4,BG,2.81,0.1184,0.033,0.033,9,8
m18q5,KW,0.0,0.0,0.0,0.0,0,0
m18q5,INST,6.966,0.2935,0.6333,0.6333,9,6
m18q5,BG,4.035,0.17,0.3668,0.3668,8,7
m19q1,KW,16.263,0.6853,0.6363,0.6363,29,25
m19q1,INST,0.858,0.0362,0.0336,0.0336,1,0
m19q1,BG,8.067,0.3399,0.3156,0.3156,19,18
m19q2,KW,23.834,1.0,0.8552,0.8552,26,22
m19q2,INST,0.734,0.0309,0.0263,0.0263,1,0
m19q2,BG,2.813,0.1185,0.1009,0.1009,9,8
m19q3,KW,6.234,0.2627,0.4112,0.4112,15,12
m19q3,INST,5.012,0.2112,0.3306,0.3306,5,3
m19q3,BG,2.933,0.1236,0.1935,0.1935,13,12
m19q4,KW,51.951,1.0,0.7456,0.7456,12,11
m19q4,INST,10.879,0.4584,0.1561,0.1561,17,14
m19q4,BG,3.668,0.1546,0.0526,0.0526,9,8
m19q5,KW,0.0,0.0,0.0,0.0,0,0
m19q5,INST,4.772,0.2011,0.3486,0.3486,11,8
m19q5,BG,8.919,0.3758,0.6515,0.6515,10,9
m1q1,KW,7.334,0.309,0.6284,0.6284,16,12
m1q1,INST,2.914,0.1228,0.2497,0.2497,5,4
m1q1,BG,1.425,0.06,0.1221,0.1221,8,7
m1q2,KW,12.956,0.5459,0.8027,0.8027,16,12
m1q2,INST,0.611,0.0257,0.0379,0.0379,2,1
m1q2,BG,1.956,0.0824,0.1212,0.1212,8,7
m1q3,KW,0.857,0.0361,0.1001,0.1001,4,2
m1q3,INST,4.769,0.201,0.5571,0.5571,6,4
m1q3,BG,2.565,0.1081,0.2996,0.2996,7,6
m1q4,KW,22.493,0.9478,0.5936,0.5936,13,12
m1q4,INST,11.002,0.4636,0.2904,0.2904,20,17
m1q4,BG,3.788,0.1596,0.1,0.1,14,13
m1q5,KW,0.0,0.0,0.0,0.0,0,0
m1q5,INST,3.912,0.1648,0.4927,0.4927,10,7
m1q5,BG,4.033,0.1699,0.5079,0.5079,10,9
m20q1,KW,18.83,0.7935,0.744,0.744,23,19
m20q1,INST,2.57,0.1083,0.1015,0.1015,3,2
m20q1,BG,2.565,0.1081,0.1013,0.1013,10,9
m20q2,KW,22.609,0.9527,0.6206,0.6206,36,32
m20q2,INST,5.745,0.2421,0.1577,0.1577,7,6
m20q2,BG,7.093,0.2989,0.1947,0.1947,21,20
m20q3,KW,3.301,0.1391,0.3701,0.3701,8,5
m20q3,INST,3.421,0.1442,0.3835,0.3835,6,4
m20q3,BG,2.2,0.0927,0.2466,0.2466,7,6
m20q4,KW,9.659,0.407,0.3062,0.3062,8,7
m20q4,INST,15.156,0.6386,0.4805,0.4805,25,22
m20q4,BG,5.745,0.2421,0.1821,0.1821,18,17
m20q5,KW,0.0,0.0,0.0,0.0,0,0
m20q5,INST,5.99,0.2524,0.485,0.485,9,6
m20q5,BG,6.356,0.2678,0.5147,0.5147,8,7
m2q1,KW,27.994,1.0,0.8035,0.8035,15,11
m2q1,INST,2.936,0.1237,0.0843,0.0843,3,2
m2q1,BG,2.323,0.0979,0.0667,0.0667,7,6
m2q2,KW,22.861,0.9633,0.6319,0.6319,23,19
m2q2,INST,7.088,0.2987,0.1959,0.1959,4,3
m2q2,BG,5.257,0.2215,0.1453,0.1453,16,15
m2q3,KW,10.266,0.4326,0.535,0.535,12,9
m2q3,INST,5.99,0.2524,0.3121,0.3121,3,1
m2q3,BG,2.079,0.0876,0.1083,0.1083,9,8
m2q4,KW,31.29,1.0,0.6719,0.6719,12,11
m2q4,INST,11.737,0.4946,0.252,0.252,15,12
m2q4,BG,2.079,0.0876,0.0446,0.0446,9,8
m2q5,KW,0.0,0.0,0.0,0.0,0,0
m2q5,INST,12.228,0.5153,0.5749,0.5749,25,22
m2q5,BG,8.187,0.345,0.3849,0.3849,19,18
m3q1,KW,9.416,0.3968,0.5462,0.5462,21,17
m3q1,INST,2.082,0.0877,0.1208,0.1208,4,3
m3q1,BG,5.132,0.2163,0.2977,0.2977,17,16
m3q2,KW,13.323,0.5614,0.6194,0.6194,22,18
m3q2,INST,2.32,0.0978,0.1079,0.1079,3,2
m3q2,BG,5.379,0.2267,0.2501,0.2501,15,14
m3q3,KW,4.157,0.1752,0.4096,0.4096,9,6
m3q3,INST,3.422,0.1442,0.3371,0.3371,5,3
m3q3,BG,2.323,0.0979,0.2289,0.2289,10,9
m3q4,KW,56.106,1.0,0.7549,0.7549,22,21
m3q4,INST,12.225,0.5151,0.1645,0.1645,24,21
m3q4,BG,4.523,0.1906,0.0609,0.0609,19,18
m3q5,KW,0.0,0.0,0.0,0.0,0,0
m3q5,INST,7.702,0.3245,0.5782,0.5782,16,13
m3q5,BG,5.255,0.2214,0.3945,0.3945,13,12
m4q1,KW,6.362,0.2681,0.6505,0.6505,11,7
m4q1,INST,1.101,0.0464,0.1126,0.1126,1,0
m4q1,BG,2.321,0.0978,0.2373,0.2373,7,6
m4q2,KW,15.281,0.6439,0.5062,0.5062,26,22
m4q2,INST,4.645,0.1957,0.1539,0.1539,4,3
m4q2,BG,9.412,0.3966,0.3118,0.3118,22,21
m4q3,KW,3.3,0.1391,0.5622,0.5622,8,5
m4q3,INST,1.467,0.0618,0.2499,0.2499,2,0
m4q3,BG,0.978,0.0412,0.1666,0.1666,4,3
m4q4,KW,25.057,1.0,0.8264,0.8264,8,7
m4q4,INST,2.936,0.1237,0.0968,0.0968,9,6
m4q4,BG,1.344,0.0566,0.0443,0.0443,8,7
m4q5,KW,0.0,0.0,0.0,0.0,0,0
m4q5,INST,11.49,0.4842,0.6025,0.6025,19,16
m4q5,BG,7.333,0.309,0.3845,0.3845,17,16
m5q1,KW,19.726,0.8312,0.6826,0.6826,30,26
m5q1,INST,1.957,0.0825,0.0677,0.0677,3,2
m5q1,BG,6.359,0.268,0.22,0.22,21,20
m5q2,KW,16.379,0.6902,0.6505,0.6505,30,26
m5q2,INST,2.813,0.1185,0.1117,0.1117,4,3
m5q2,BG,5.744,0.242,0.2281,0.2281,16,15
m5q3,KW,3.788,0.1596,0.5435,0.5435,10,7
m5q3,INST,1.59,0.067,0.2281,0.2281,4,2
m5q3,BG,1.467,0.0618,0.2105,0.2105,6,5
m5q4,KW,26.528,1.0,0.676,0.676,10,9
m5q4,INST,7.946,0.3348,0.2025,0.2025,15,12
m5q4,BG,3.175,0.1338,0.0809,0.0809,13,12
m5q5,KW,0.0,0.0,0.0,0.0,0,0
m5q5,INST,4.522,0.1905,0.5688,0.5688,10,7
m5q5,BG,3.424,0.1443,0.4307,0.4307,8,7
m6q1,KW,32.168,1.0,1.0,1.0,46,38
m6q1,INST,11.738,0.4946,0.6139,0.6139,9,7
m6q1,BG,8.464,0.3567,0.4427,0.4427,30,28
m6q2,KW,30.917,1.0,1.0,1.0,48,40
m6q2,INST,7.457,0.3142,0.649,0.649,10,8
m6q2,BG,4.406,0.1857,0.3835,0.3835,18,16
m6q3,KW,10.632,0.448,0.7373,0.7373,18,12
m6q3,INST,11.979,0.5048,0.8307,0.8307,7,3
m6q3,BG,2.2,0.0927,0.1526,0.1526,5,3
m6q4,KW,19.069,0.8035,0.661,0.661,19,17
m6q4,INST,51.087,1.0,1.0,1.0,57,51
m6q4,BG,10.635,0.4481,0.3686,0.3686,36,34
m6q5,KW,0.0,0.0,0.0,0.0,0,0
m6q5,INST,17.237,0.7263,1.0,1.0,21,15
m6q5,BG,7.7,0.3245,0.6851,0.6851,16,14
m7q1,KW,20.169,0.8499,0.5045,0.5045,46,42
m7q1,INST,7.341,0.3093,0.1836,0.1836,7,6
m7q1,BG,11.616,0.4895,0.2905,0.2905,23,22
m7q2,KW,14.547,0.613,0.6468,0.6468,24,20
m7q2,INST,2.811,0.1184,0.125,0.125,3,2
m7q2,BG,4.522,0.1905,0.2011,0.2011,14,13
m7q3,KW,3.911,0.1648,0.2302,0.2302,7,4
m7q3,INST,7.576,0.3192,0.4459,0.4459,8,6
m7q3,BG,4.89,0.2061,0.2878,0.2878,10,9
m7q4,KW,14.058,0.5924,0.2934,0.2934,9,8
m7q4,INST,21.389,0.9013,0.4464,0.4464,34,31
m7q4,BG,10.632,0.448,0.2219,0.2219,25,24
m7q5,KW,0.0,0.0,0.0,0.0,0,0
m7q5,INST,10.879,0.4584,0.5494,0.5494,22,19
m7q5,BG,8.921,0.3759,0.4506,0.4506,19,18
m8q1,KW,22.002,0.9271,0.5013,0.5013,37,33
m8q1,INST,4.773,0.2011,0.1087,0.1087,9,8
m8q1,BG,15.771,0.6646,0.3593,0.3593,26,25
m8q2,KW,22.856,0.9631,0.745,0.745,33,29
m8q2,INST,1.955,0.0824,0.0637,0.0637,3,2
m8q2,BG,5.499,0.2317,0.1792,0.1792,12,11
m8q3,KW,13.322,0.5614,0.5828,0.5828,23,20
m8q3,INST,5.5,0.2318,0.2406,0.2406,7,5
m8q3,BG,2.935,0.1237,0.1284,0.1284,10,9
m8q4,KW,23.099,0.9733,0.4458,0.4458,11,10
m8q4,INST,20.655,0.8704,0.3986,0.3986,27,24
m8q4,BG,6.236,0.2628,0.1203,0.1203,18,17
m8q5,KW,0.0,0.0,0.0,0.0,0,0
m8q5,INST,13.809,0.5819,0.6009,0.6009,20,17
m8q5,BG,8.558,0.3606,0.3724,0.3724,17,16
m9q1,KW,17.97,0.7572,0.6448,0.6448,30,26
m9q1,INST,3.667,0.1545,0.1316,0.1316,4,3
m9q1,BG,5.745,0.2421,0.2061,0.2061,18,17
m9q2,KW,21.507,0.9063,0.6307,0.6307,30,26
m9q2,INST,7.21,0.3038,0.2114,0.2114,4,3
m9q2,BG,4.161,0.1753,0.122,0.122,14,13
m9q3,KW,3.667,0.1545,0.2829,0.2829,13,10
m9q3,INST,6.477,0.2729,0.4998,0.4998,5,3
m9q3,BG,2.444,0.103,0.1886,0.1886,5,4
m9q4,KW,12.711,0.5356,0.3939,0.3939,6,5
m9q4,INST,14.422,0.6077,0.4469,0.4469,18,15
m9q4,BG,3.791,0.1597,0.1175,0.1175,8,7
m9q5,KW,0.0,0.0,0.0,0.0,0,0
m9q5,INST,10.388,0.4377,0.4426,0.4426,20,17
m9q5,BG,12.468,0.5254,0.5312,0.5312,18,17
n10q1,KW,7.094,0.2989,0.5419,0.5419,9,5
n10q1,INST,0.617,0.026,0.0471,0.0471,1,0
n10q1,BG,5.012,0.2112,0.3829,0.3829,8,7
n10q2,KW,10.151,0.4277,0.6696,0.6696,10,6
n10q2,INST,0.856,0.0361,0.0565,0.0565,1,0
n10q2,BG,3.419,0.1441,0.2255,0.2255,8,7
n10q3,KW,5.011,0.2112,0.3762,0.3762,9,6
n10q3,INST,6.6,0.2781,0.4955,0.4955,3,1
n10q3,BG,0.734,0.0309,0.0551,0.0551,3,2
n10q4,KW,15.035,0.6335,0.7277,0.7277,2,1
n10q4,INST,4.401,0.1854,0.213,0.213,4,1
n10q4,BG,0.244,0.0103,0.0118,0.0118,2,1
n10q5,KW,0.0,0.0,0.0,0.0,0,0
n10q5,INST,4.278,0.1803,0.4605,0.4605,11,8
n10q5,BG,4.767,0.2009,0.5131,0.5131,9,8
n11q1,KW,8.56,0.3607,0.6926,0.6926,13,9
n11q1,INST,0.497,0.0209,0.0402,0.0402,1,0
n11q1,BG,3.057,0.1288,0.2473,0.2473,7,6
n11q2,KW,7.336,0.3091,0.6003,0.6003,5,1
n11q2,INST,1.957,0.0825,0.1601,0.1601,2,1
n11q2,BG,2.199,0.0927,0.18,0.18,4,3
n11q3,KW,5.009,0.2111,0.414,0.414,8,5
n11q3,INST,5.746,0.2421,0.4749,0.4749,2,0
n11q3,BG,0.49,0.0206,0.0405,0.0405,3,2
n11q4,KW,27.257,1.0,0.7147,0.7147,4,3
n11q4,INST,8.557,0.3606,0.2244,0.2244,3,0
n11q4,BG,1.345,0.0567,0.0353,0.0353,3,2
n11q5,KW,0.0,0.0,0.0,0.0,0,0
n11q5,INST,3.423,0.1442,0.2886,0.2886,6,3
n11q5,BG,8.312,0.3502,0.7008,0.7008,5,4
n12q1,KW,11.737,0.4946,0.7799,0.7799,16,12
n12q1,INST,0.373,0.0157,0.0248,0.0248,1,0
n12q1,BG,2.324,0.0979,0.1544,0.1544,3,2
n12q2,KW,22.733,0.9579,0.8897,0.8897,7,3
n12q2,INST,0.733,0.0309,0.0287,0.0287,1,0
n12q2,BG,1.347,0.0568,0.0527,0.0527,4,3
n12q3,KW,4.888,0.206,0.408,0.408,7,4
n12q3,INST,5.255,0.2214,0.4386,0.4386,4,2
n12q3,BG,0.977,0.0412,0.0816,0.0816,3,2
n12q4,KW,24.078,1.0,0.7242,0.7242,4,3
n12q4,INST,7.093,0.2989,0.2133,0.2133,6,3
n12q4,BG,0.366,0.0154,0.011,0.011,2,1
n12q5,KW,0.0,0.0,0.0,0.0,0,0
n12q5,INST,2.202,0.0928,0.237,0.237,5,2
n12q5,BG,6.843,0.2883,0.7366,0.7366,6,5
n13q1,KW,6.724,0.2833,0.753,0.753,6,2
n13q1,INST,1.468,0.0619,0.1644,0.1644,1,0
n13q1,BG,0.37,0.0156,0.0414,0.0414,2,1
n13q2,KW,9.657,0.4069,0.7744,0.7744,6,2
n13q2,INST,1.835,0.0773,0.1472,0.1472,1,0
n13q2,BG,0.488,0.0206,0.0391,0.0391,2,1
n13q3,KW,3.546,0.1494,0.2149,0.2149,8,5
n13q3,INST,4.281,0.1804,0.2595,0.2595,4,2
n13q3,BG,7.823,0.3296,0.4741,0.4741,10,9
n13q4,KW,35.813,1.0,0.773,0.773,6,5
n13q4,INST,6.48,0.2731,0.1399,0.1399,7,4
n13q4,BG,2.813,0.1185,0.0607,0.0607,8,7
n13q5,KW,0.0,0.0,0.0,0.0,0,0
n13q5,INST,9.782,0.4122,0.8332,0.8332,8,5
n13q5,BG,1.954,0.0823,0.1664,0.1664,5,4
n14q1,KW,8.927,0.3762,0.839,0.839,5,1
n14q1,INST,1.225,0.0516,0.1151,0.1151,1,0
n14q1,BG,0.244,0.0103,0.0229,0.0229,2,1
n14q2,KW,7.091,0.2988,0.7251,0.7251,4,0
n14q2,INST,1.957,0.0825,0.2001,0.2001,1,0
n14q2,BG,0.244,0.0103,0.0249,0.0249,1,0
n14q3,KW,5.256,0.2215,0.4256,0.4256,11,8
n14q3,INST,4.523,0.1906,0.3662,0.3662,4,2
n14q3,BG,1.956,0.0824,0.1584,0.1584,7,6
n14q4,KW,17.604,0.7418,0.7501,0.7501,2,1
n14q4,INST,3.171,0.1336,0.1351,0.1351,4,1
n14q4,BG,1.467,0.0618,0.0625,0.0625,3,2
n14q5,KW,0.0,0.0,0.0,0.0,0,0
n14q5,INST,8.799,0.3708,0.8888,0.8888,9,6
n14q5,BG,1.101,0.0464,0.1112,0.1112,7,6
n15q1,KW,13.205,0.5564,0.7828,0.7828,6,2
n15q1,INST,1.957,0.0825,0.116,0.116,1,0
n15q1,BG,1.221,0.0515,0.0724,0.0724,3,2
n15q2,KW,9.776,0.4119,0.8,0.8,6,2
n15q2,INST,1.345,0.0567,0.1101,0.1101,1,0
n15q2,BG,0.368,0.0155,0.0301,0.0301,2,1
n15q3,KW,6.356,0.2678,0.5716,0.5716,9,6
n15q3,INST,3.055,0.1287,0.2747,0.2747,5,3
n15q3,BG,1.345,0.0567,0.121,0.121,5,4
n15q4,KW,29.698,1.0,0.8181,0.8181,3,2
n15q4,INST,4.404,0.1856,0.1213,0.1213,5,2
n15q4,BG,0.856,0.0361,0.0236,0.0236,2,1
n15q5,KW,0.0,0.0,0.0,0.0,0,0
n15q5,INST,3.913,0.1649,0.5721,0.5721,8,5
n15q5,BG,2.931,0.1235,0.4285,0.4285,7,6
n16q1,KW,7.579,0.3194,0.7556,0.7556,5,1
n16q1,INST,1.103,0.0465,0.11,0.11,1,0
n16q1,BG,0.978,0.0412,0.0975,0.0975,2,1
n16q2,KW,8.925,0.3761,0.8026,0.8026,6,2
n16q2,INST,1.467,0.0618,0.1319,0.1319,1,0
n16q2,BG,0.366,0.0154,0.0329,0.0329,2,1
n16q3,KW,4.276,0.1802,0.3845,0.3845,9,6
n16q3,INST,4.279,0.1803,0.3848,0.3848,3,1
n16q3,BG,1.467,0.0618,0.1319,0.1319,6,5
n16q4,KW,22.001,0.9271,0.7966,0.7966,4,3
n16q4,INST,3.788,0.1596,0.1371,0.1371,4,1
n16q4,BG,0.733,0.0309,0.0265,0.0265,4,3
n16q5,KW,0.0,0.0,0.0,0.0,0,0
n16q5,INST,3.544,0.1493,0.58,0.58,6,3
n16q5,BG,2.567,0.1082,0.4201,0.4201,5,4
n17q1,KW,7.949,0.335,0.7651,0.7651,7,3
n17q1,INST,1.469,0.0619,0.1414,0.1414,1,0
n17q1,BG,0.729,0.0307,0.0702,0.0702,4,3
n17q2,KW,8.19,0.3451,0.8273,0.8273,5,1
n17q2,INST,0.856,0.0361,0.0865,0.0865,1,0
n17q2,BG,0.244,0.0103,0.0246,0.0246,1,0
n17q3,KW,4.767,0.2009,0.4757,0.4757,9,6
n17q3,INST,3.3,0.1391,0.3293,0.3293,4,2
n17q3,BG,1.834,0.0773,0.183,0.183,5,4
n17q4,KW,24.199,1.0,0.8251,0.8251,4,3
n17q4,INST,3.667,0.1545,0.125,0.125,3,0
n17q4,BG,0.368,0.0155,0.0125,0.0125,3,2
n17q5,KW,0.0,0.0,0.0,0.0,0,0
n17q5,INST,5.132,0.2163,0.8238,0.8238,6,3
n17q5,BG,0.979,0.0413,0.1571,0.1571,4,3
n18q1,KW,6.602,0.2782,0.8574,0.8574,5,1
n18q1,INST,0.613,0.0258,0.0796,0.0796,1,0
n18q1,BG,0.244,0.0103,0.0317,0.0317,2,1
n18q2,KW,10.757,0.4533,0.7927,0.7927,4,0
n18q2,INST,1.712,0.0721,0.1262,0.1262,1,0
n18q2,BG,0.489,0.0206,0.036,0.036,1,0
n18q3,KW,2.932,0.1235,0.3332,0.3332,9,6
n18q3,INST,3.544,0.1493,0.4027,0.4027,3,1
n18q3,BG,1.713,0.0722,0.1947,0.1947,7,6
n18q4,KW,21.023,0.8859,0.8389,0.8389,5,4
n18q4,INST,1.96,0.0826,0.0782,0.0782,3,0
n18q4,BG,0.855,0.036,0.0341,0.0341,5,4
n18q5,KW,0.0,0.0,0.0,0.0,0,0
n18q5,INST,4.033,0.1699,0.6474,0.6474,7,4
n18q5,BG,1.955,0.0824,0.3138,0.3138,5,4
n19q1,KW,8.082,0.3406,0.8147,0.8147,4,0
n19q1,INST,1.224,0.0516,0.1234,0.1234,1,0
n19q1,BG,0.244,0.0103,0.0246,0.0246,1,0
n19q2,KW,5.499,0.2317,0.7492,0.7492,5,1
n19q2,INST,1.223,0.0515,0.1666,0.1666,1,0
n19q2,BG,0.368,0.0155,0.0501,0.0501,3,2
n19q3,KW,4.155,0.1751,0.5313,0.5313,7,4
n19q3,INST,2.2,0.0927,0.2813,0.2813,3,1
n19q3,BG,1.1,0.0464,0.1407,0.1407,4,3
n19q4,KW,23.466,0.9888,0.8496,0.8496,2,1
n19q4,INST,2.446,0.1031,0.0886,0.0886,4,2
n19q4,BG,0.367,0.0155,0.0133,0.0133,2,1
n19q5,KW,0.0,0.0,0.0,0.0,0,0
n19q5,INST,5.134,0.2163,0.8944,0.8944,5,2
n19q5,BG,0.488,0.0206,0.085,0.085,2,1
n1q1,KW,8.681,0.3658,0.8355,0.8355,17,13
n1q1,INST,0.612,0.0258,0.0589,0.0589,1,0
n1q1,BG,1.1,0.0464,0.1059,0.1059,3,2
n1q2,KW,6.723,0.2833,0.4868,0.4868,13,9
n1q2,INST,3.789,0.1597,0.2744,0.2744,6,5
n1q2,BG,2.934,0.1236,0.2125,0.2125,12,11
n1q3,KW,0.855,0.036,0.0804,0.0804,6,3
n1q3,INST,2.322,0.0978,0.2184,0.2184,6,4
n1q3,BG,6.967,0.2936,0.6554,0.6554,9,8
n1q4,KW,17.235,0.7262,0.7087,0.7087,6,5
n1q4,INST,0.978,0.0412,0.0402,0.0402,5,2
n1q4,BG,5.253,0.2213,0.216,0.216,11,10
n1q5,KW,0.0,0.0,0.0,0.0,0,0
n1q5,INST,4.277,0.1802,0.4664,0.4664,6,3
n1q5,BG,4.89,0.2061,0.5333,0.5333,6,5
n20q1,KW,6.114,0.2576,0.8066,0.8066,11,7
n20q1,INST,1.101,0.0464,0.1453,0.1453,1,0
n20q1,BG,0.368,0.0155,0.0485,0.0485,2,1
n20q2,KW,5.501,0.2318,0.763,0.763,4,0
n20q2,INST,1.1,0.0464,0.1526,0.1526,1,0
n20q2,BG,0.244,0.0103,0.0338,0.0338,1,0
n20q3,KW,4.156,0.1751,0.4659,0.4659,10,7
n20q3,INST,2.812,0.1185,0.3152,0.3152,2,0
n20q3,BG,1.345,0.0567,0.1508,0.1508,6,5
n20q4,KW,21.267,0.8961,0.8327,0.8327,2,1
n20q4,INST,3.176,0.1338,0.1244,0.1244,4,1
n20q4,BG,0.0,0.0,0.0,0.0,0,0
n20q5,KW,0.0,0.0,0.0,0.0,0,0
n20q5,INST,4.768,0.2009,0.6097,0.6097,7,4
n20q5,BG,3.054,0.1287,0.3905,0.3905,6,5
n2q1,KW,10.76,0.4534,0.8072,0.8072,6,2
n2q1,INST,2.081,0.0877,0.1561,0.1561,1,0
n2q1,BG,0.0,0.0,0.0,0.0,0,0
n2q2,KW,10.634,0.4481,0.7768,0.7768,10,6
n2q2,INST,1.956,0.0824,0.1429,0.1429,1,0
n2q2,BG,0.489,0.0206,0.0357,0.0357,3,2
n2q3,KW,5.869,0.2473,0.3968,0.3968,9,6
n2q3,INST,5.992,0.2525,0.4051,0.4051,5,3
n2q3,BG,2.809,0.1184,0.1899,0.1899,7,6
n2q4,KW,22.614,0.9529,0.7645,0.7645,3,2
n2q4,INST,4.767,0.2009,0.1612,0.1612,6,3
n2q4,BG,1.343,0.0566,0.0454,0.0454,7,6
n2q5,KW,0.0,0.0,0.0,0.0,0,0
n2q5,INST,16.87,0.7109,0.8791,0.8791,7,4
n2q5,BG,1.347,0.0568,0.0702,0.0702,4,3
n3q1,KW,15.773,0.6646,0.8777,0.8777,9,5
n3q1,INST,0.735,0.031,0.0409,0.0409,1,0
n3q1,BG,0.611,0.0257,0.034,0.034,3,2
n3q2,KW,10.756,0.4532,0.8978,0.8978,4,0
n3q2,INST,0.733,0.0309,0.0612,0.0612,1,0
n3q2,BG,0.122,0.0051,0.0102,0.0102,1,0
n3q3,KW,4.032,0.1699,0.3332,0.3332,7,4
n3q3,INST,3.423,0.1442,0.2829,0.2829,1,0
n3q3,BG,4.034,0.17,0.3334,0.3334,5,4
n3q4,KW,20.046,0.8447,0.7162,0.7162,2,1
n3q4,INST,6.234,0.2627,0.2227,0.2227,3,1
n3q4,BG,0.856,0.0361,0.0306,0.0306,4,3
n3q5,KW,0.0,0.0,0.0,0.0,0,0
n3q5,INST,8.66,0.3649,0.788,0.788,9,6
n3q5,BG,2.326,0.098,0.2116,0.2116,4,3
n4q1,KW,8.073,0.3402,0.8255,0.8255,6,2
n4q1,INST,0.0,0.0,0.0,0.0,0,0
n4q1,BG,1.589,0.067,0.1625,0.1625,5,4
n4q2,KW,8.435,0.3554,0.7928,0.7928,6,2
n4q2,INST,0.978,0.0412,0.0919,0.0919,2,1
n4q2,BG,0.612,0.0258,0.0575,0.0575,3,2
n4q3,KW,7.334,0.309,0.5129,0.5129,8,5
n4q3,INST,5.746,0.2421,0.4018,0.4018,3,1
n4q3,BG,0.612,0.0258,0.0428,0.0428,3,2
n4q4,KW,26.402,1.0,0.6771,0.6771,7,6
n4q4,INST,9.781,0.4121,0.2509,0.2509,10,7
n4q4,BG,1.099,0.0463,0.0282,0.0282,5,4
n4q5,KW,0.0,0.0,0.0,0.0,0,0
n4q5,INST,5.991,0.2524,0.7661,0.7661,6,3
n4q5,BG,1.466,0.0618,0.1875,0.1875,6,5
n5q1,KW,10.639,0.4483,0.8532,0.8532,5,1
n5q1,INST,1.101,0.0464,0.0883,0.0883,1,0
n5q1,BG,0.122,0.0051,0.0098,0.0098,1,0
n5q2,KW,12.958,0.546,0.848,0.848,6,2
n5q2,INST,1.468,0.0619,0.0961,0.0961,2,1
n5q2,BG,0.488,0.0206,0.0319,0.0319,3,2
n5q3,KW,5.379,0.2267,0.3697,0.3697,8,5
n5q3,INST,6.479,0.273,0.4453,0.4453,4,2
n5q3,BG,1.222,0.0515,0.084,0.084,5,4
n5q4,KW,13.323,0.5614,0.6157,0.6157,4,3
n5q4,INST,6.601,0.2782,0.305,0.305,4,1
n5q4,BG,0.612,0.0258,0.0283,0.0283,2,1
n5q5,KW,0.0,0.0,0.0,0.0,0,0
n5q5,INST,5.499,0.2317,0.5997,0.5997,8,5
n5q5,BG,3.303,0.1392,0.3602,0.3602,5,4
n6q1,KW,7.583,0.3195,0.756,0.756,8,4
n6q1,INST,0.734,0.0309,0.0732,0.0732,1,0
n6q1,BG,1.222,0.0515,0.1218,0.1218,4,3
n6q2,KW,25.179,1.0,0.9237,0.9237,9,5
n6q2,INST,0.977,0.0412,0.0358,0.0358,1,0
n6q2,BG,0.367,0.0155,0.0135,0.0135,3,2
n6q3,KW,4.279,0.1803,0.2917,0.2917,10,7
n6q3,INST,7.945,0.3348,0.5416,0.5416,6,4
n6q3,BG,0.734,0.0309,0.05,0.05,4,3
n6q4,KW,15.279,0.6438,0.5682,0.5682,6,5
n6q4,INST,8.19,0.3451,0.3046,0.3046,8,5
n6q4,BG,1.468,0.0619,0.0546,0.0546,4,3
n6q5,KW,0.0,0.0,0.0,0.0,0,0
n6q5,INST,3.789,0.1597,0.4845,0.4845,7,4
n6q5,BG,3.913,0.1649,0.5004,0.5004,7,6
n7q1,KW,11.25,0.474,0.8212,0.8212,8,4
n7q1,INST,0.373,0.0157,0.0272,0.0272,1,0
n7q1,BG,1.591,0.067,0.1161,0.1161,6,5
n7q2,KW,15.766,0.6643,0.8165,0.8165,10,6
n7q2,INST,1.222,0.0515,0.0633,0.0633,1,0
n7q2,BG,1.347,0.0568,0.0698,0.0698,7,6
n7q3,KW,4.89,0.2061,0.4041,0.4041,9,6
n7q3,INST,5.254,0.2214,0.4342,0.4342,4,2
n7q3,BG,0.978,0.0412,0.0808,0.0808,4,3
n7q4,KW,30.315,1.0,0.7702,0.7702,4,3
n7q4,INST,5.134,0.2163,0.1304,0.1304,9,6
n7q4,BG,2.078,0.0876,0.0528,0.0528,8,7
n7q5,KW,0.0,0.0,0.0,0.0,0,0
n7q5,INST,5.867,0.2472,0.8004,0.8004,5,2
n7q5,BG,1.467,0.0618,0.2001,0.2001,2,1
n8q1,KW,10.026,0.4225,0.8912,0.8912,8,4
n8q1,INST,0.369,0.0155,0.0328,0.0328,1,0
n8q1,BG,0.856,0.0361,0.0761,0.0761,4,3
n8q2,KW,5.379,0.2267,0.4837,0.4837,6,2
n8q2,INST,2.811,0.1184,0.2528,0.2528,2,1
n8q2,BG,2.568,0.1082,0.2309,0.2309,6,5
n8q3,KW,4.155,0.1751,0.3332,0.3332,8,5
n8q3,INST,5.134,0.2163,0.4117,0.4117,3,1
n8q3,BG,1.956,0.0824,0.1569,0.1569,8,7
n8q4,KW,15.892,0.6697,0.6134,0.6134,3,2
n8q4,INST,7.457,0.3142,0.2878,0.2878,7,4
n8q4,BG,1.467,0.0618,0.0566,0.0566,4,3
n8q5,KW,0.0,0.0,0.0,0.0,0,0
n8q5,INST,7.947,0.3349,0.6568,0.6568,14,11
n8q5,BG,3.787,0.1596,0.313,0.313,14,13
n9q1,KW,8.318,0.3505,0.5717,0.5717,10,6
n9q1,INST,0.245,0.0103,0.0168,0.0168,1,0
n9q1,BG,5.5,0.2318,0.378,0.378,8,7
n9q2,KW,9.045,0.3811,0.6433,0.6433,7,3
n9q2,INST,1.834,0.0773,0.1304,0.1304,1,0
n9q2,BG,2.445,0.103,0.1739,0.1739,6,5
n9q3,KW,4.646,0.1958,0.2676,0.2676,6,3
n9q3,INST,10.269,0.4327,0.5915,0.5915,3,1
n9q3,BG,0.856,0.0361,0.0493,0.0493,4,3
n9q4,KW,19.803,0.8345,0.5956,0.5956,3,2
n9q4,INST,10.145,0.4275,0.3051,0.3051,8,5
n9q4,BG,2.321,0.0978,0.0698,0.0698,7,6
n9q5,KW,0.0,0.0,0.0,0.0,0,0
n9q5,INST,5.869,0.2473,0.6318,0.6318,8,5
n9q5,BG,3.421,0.1442,0.3682,0.3682,6,5
