session_id,rr_2d_xy,rr_2d_xy_normalized,rr_1d_x,rr_1d_x_normalized,det_2d_xy,det_2d_xy_normalized,det_1d_x,det_1d_x_normalized,ent_2d_xy,ent_2d_xy_normalized,ent_1d_x,ent_1d_x_normalized
ad10q1,0.019209,0.1031,0.055822,0.2635,0.821998,0.8638,0.750361,0.8019,2.058734,0.6121,2.010738,0.6347
ad10q2,0.017605,0.0945,0.059683,0.2818,0.825748,0.8678,0.75374,0.8055,1.7771,0.5284,1.769862,0.5586
ad10q3,0.026621,0.1429,0.05313,0.2508,0.841004,0.8838,0.748428,0.7999,2.106352,0.6263,1.965984,0.6205
ad10q4,0.016838,0.0904,0.07218,0.3408,0.790759,0.831,0.782388,0.8362,2.199889,0.6541,2.378686,0.7508
ad10q5,0.018002,0.0966,0.041048,0.1938,0.809769,0.851,0.641488,0.6856,2.185193,0.6497,1.335476,0.4215
ad11q1,0.013663,0.0733,0.066889,0.3158,0.715728,0.7521,0.714826,0.7639,1.458067,0.4335,1.720273,0.543
ad11q2,0.017142,0.092,0.057884,0.2733,0.728814,0.7659,0.640825,0.6849,1.854088,0.5513,1.639133,0.5174
ad11q3,0.027484,0.1475,0.049709,0.2347,0.780087,0.8198,0.697463,0.7454,2.31549,0.6885,1.962329,0.6194
ad11q4,0.011694,0.0628,0.042341,0.1999,0.693369,0.7286,0.656614,0.7017,1.727745,0.5137,1.674838,0.5287
ad11q5,0.037174,0.1995,0.069868,0.3298,0.74057,0.7783,0.711209,0.7601,1.817035,0.5403,1.851012,0.5843
ad12q1,0.016421,0.0881,0.079499,0.3753,0.649046,0.6821,0.709433,0.7582,1.67939,0.4993,1.719895,0.5429
ad12q2,0.016087,0.0863,0.062734,0.2962,0.71521,0.7516,0.703734,0.7521,2.075573,0.6171,1.505673,0.4753
ad12q3,0.030497,0.1637,0.052137,0.2461,0.790419,0.8306,0.744308,0.7955,1.798304,0.5347,1.52635,0.4818
ad12q4,0.016326,0.0876,0.049078,0.2317,0.781377,0.8211,0.688215,0.7355,1.589707,0.4727,1.871152,0.5906
ad12q5,0.021566,0.1157,0.067485,0.3186,0.787086,0.8271,0.709983,0.7588,1.987637,0.591,1.639918,0.5176
ad13q1,0.021609,0.116,0.070864,0.3345,0.70915,0.7452,0.745889,0.7971,1.720683,0.5116,1.926137,0.608
ad13q2,0.016974,0.0911,0.062926,0.2971,0.714286,0.7506,0.696463,0.7443,1.696085,0.5043,1.787664,0.5643
ad13q3,0.04186,0.2246,0.05951,0.2809,0.741935,0.7797,0.708266,0.7569,1.802989,0.5361,1.556933,0.4914
ad13q4,0.015225,0.0817,0.060176,0.2841,0.739927,0.7776,0.690454,0.7379,2.213043,0.658,1.886684,0.5955
ad13q5,0.028829,0.1547,0.062471,0.2949,0.859964,0.9037,0.761392,0.8137,2.836453,0.8434,1.98233,0.6257
ad14q1,0.019246,0.1033,0.073555,0.3473,0.772496,0.8118,0.789723,0.844,1.81002,0.5382,1.936548,0.6113
ad14q2,0.030632,0.1644,0.087353,0.4124,0.838617,0.8813,0.82508,0.8818,2.17483,0.6466,2.07537,0.6551
ad14q3,0.049798,0.2672,0.102854,0.4856,0.847182,0.8903,0.869133,0.9289,2.398831,0.7132,2.457023,0.7755
ad14q4,0.015412,0.0827,0.066039,0.3118,0.74841,0.7865,0.743361,0.7944,1.871119,0.5563,1.992667,0.629
ad14q5,0.020597,0.1105,0.04785,0.2259,0.73384,0.7712,0.531915,0.5685,0.922806,0.2744,1.087419,0.3432
ad15q1,0.017793,0.0955,0.063523,0.2999,0.658915,0.6924,0.725071,0.7749,1.379402,0.4101,1.72173,0.5435
ad15q2,0.013778,0.0739,0.049796,0.2351,0.712213,0.7485,0.660756,0.7062,1.457012,0.4332,1.457886,0.4602
ad15q3,0.018333,0.0984,0.051667,0.2439,0.707071,0.743,0.651135,0.6959,1.598608,0.4753,1.62909,0.5142
ad15q4,0.013241,0.0711,0.051268,0.242,0.722222,0.759,0.649007,0.6936,1.611126,0.479,1.34464,0.4244
ad15q5,0.015783,0.0847,0.064172,0.303,0.791878,0.8322,0.645443,0.6898,2.068009,0.6149,2.051322,0.6475
ad16q1,0.032471,0.1743,0.086524,0.4085,0.820902,0.8627,0.844055,0.9021,2.437593,0.7248,2.510261,0.7923
ad16q2,0.045092,0.242,0.081917,0.3867,0.882051,0.9269,0.803811,0.859,2.606454,0.775,2.229742,0.7038
ad16q3,0.01671,0.0897,0.045656,0.2155,0.811024,0.8523,0.721422,0.771,2.319714,0.6897,1.676789,0.5293
ad16q4,0.012906,0.0693,0.038997,0.1841,0.764919,0.8038,0.645721,0.6901,1.861143,0.5534,1.485702,0.469
ad16q5,0.011519,0.0618,0.044781,0.2114,0.756839,0.7953,0.613761,0.6559,1.58521,0.4713,1.526535,0.4818
ad17q1,0.019119,0.1026,0.059041,0.2787,0.722671,0.7594,0.71062,0.7595,1.749457,0.5202,1.779924,0.5618
ad17q2,0.01636,0.0878,0.043762,0.2066,0.756184,0.7947,0.639366,0.6833,1.442408,0.4289,1.240832,0.3917
ad17q3,0.013038,0.07,0.035389,0.1671,0.744361,0.7822,0.685596,0.7327,2.006081,0.5965,1.585315,0.5004
ad17q4,0.015304,0.0821,0.049967,0.2359,0.799523,0.8402,0.64693,0.6914,1.975752,0.5874,1.715316,0.5414
ad17q5,0.010487,0.0563,0.035224,0.1663,0.70516,0.741,0.542063,0.5793,1.478667,0.4396,1.124563,0.355
ad18q1,0.011612,0.0623,0.043804,0.2068,0.703704,0.7395,0.6144,0.6566,1.237283,0.3679,1.280279,0.4041
ad18q2,0.013725,0.0737,0.052638,0.2485,0.697605,0.7331,0.686963,0.7342,1.636346,0.4865,1.646226,0.5196
ad18q3,0.018273,0.0981,0.034131,0.1611,0.775862,0.8153,0.578462,0.6182,1.406326,0.4181,1.273686,0.402
ad18q4,0.009623,0.0516,0.036595,0.1728,0.728776,0.7659,0.603943,0.6454,1.476876,0.4391,1.473823,0.4652
ad18q5,0.01554,0.0834,0.051484,0.2431,0.77971,0.8194,0.60105,0.6424,1.2804,0.3807,1.4721,0.4647
ad19q1,0.013224,0.071,0.052114,0.246,0.685039,0.7199,0.705295,0.7538,1.028839,0.3059,1.573859,0.4968
ad19q2,0.020078,0.1077,0.055781,0.2633,0.731518,0.7687,0.665266,0.711,0.962361,0.2861,1.47129,0.4644
ad19q3,0.030619,0.1643,0.086757,0.4096,0.872874,0.9173,0.881833,0.9424,2.594871,0.7715,2.93115,0.9252
ad19q4,0.012032,0.0646,0.043965,0.2076,0.702703,0.7385,0.608728,0.6506,1.720718,0.5116,1.524258,0.4811
ad19q5,0.017968,0.0964,0.047774,0.2255,0.785953,0.8259,0.700629,0.7488,1.846748,0.5491,1.882441,0.5942
ad20q1,0.011284,0.0606,0.040744,0.1923,0.711828,0.748,0.555688,0.5939,1.358831,0.404,1.225999,0.387
ad20q2,0.018758,0.1007,0.06273,0.2961,0.839196,0.8819,0.72577,0.7756,2.466015,0.7332,2.057681,0.6495
ad20q3,0.021642,0.1161,0.046709,0.2205,0.78087,0.8206,0.672844,0.7191,1.866753,0.555,1.842854,0.5817
ad20q4,0.011928,0.064,0.041232,0.1947,0.734533,0.7719,0.622519,0.6653,1.448916,0.4308,1.596471,0.5039
ad20q5,0.034501,0.1851,0.083763,0.3954,0.807595,0.8487,0.797706,0.8525,1.965656,0.5844,1.933511,0.6103
ad21q1,0.029701,0.1594,0.064174,0.303,0.818653,0.8603,0.743405,0.7945,1.844264,0.5484,1.77658,0.5608
ad21q2,0.015911,0.0854,0.044533,0.2102,0.743017,0.7808,0.630739,0.6741,1.44779,0.4305,1.369057,0.4321
ad21q3,0.019292,0.1035,0.029815,0.1408,0.801653,0.8424,0.604278,0.6458,1.313601,0.3906,1.037388,0.3274
ad21q4,0.013738,0.0737,0.044224,0.2088,0.791781,0.8321,0.6,0.6412,1.43675,0.4272,1.472624,0.4648
ad21q5,0.023978,0.1287,0.04856,0.2292,0.775744,0.8152,0.658757,0.704,1.428614,0.4248,1.101111,0.3476
ad22q1,0.016649,0.0893,0.083897,0.3961,0.734375,0.7717,0.696124,0.744,1.382345,0.411,1.90209,0.6004
ad22q2,0.021634,0.1161,0.057131,0.2697,0.718447,0.755,0.639706,0.6837,1.538989,0.4576,1.312712,0.4143
ad22q3,0.018409,0.0988,0.047568,0.2246,0.766423,0.8054,0.706215,0.7547,1.167301,0.3471,1.514258,0.478
ad22q4,0.013165,0.0706,0.044785,0.2114,0.76555,0.8045,0.644866,0.6892,1.811806,0.5387,1.430941,0.4517
ad22q5,0.017702,0.095,0.060682,0.2865,0.714702,0.7511,0.653503,0.6984,1.644637,0.489,1.763281,0.5566
ad3q1,0.054978,0.295,0.104487,0.4933,0.837788,0.8804,0.870378,0.9302,2.309868,0.6868,2.608158,0.8232
ad3q2,0.017212,0.0924,0.044565,0.2104,0.722901,0.7597,0.683979,0.731,1.733054,0.5153,1.646547,0.5197
ad3q3,0.031657,0.1699,0.055449,0.2618,0.882565,0.9275,0.773079,0.8262,2.347336,0.6979,2.154287,0.68
ad3q4,0.010389,0.0558,0.041474,0.1958,0.73103,0.7682,0.647968,0.6925,1.594095,0.474,1.589089,0.5016
ad3q5,0.015106,0.0811,0.049584,0.2341,0.764023,0.8029,0.621685,0.6644,1.863891,0.5542,1.615975,0.5101
ad4q1,0.011974,0.0643,0.046582,0.2199,0.759352,0.798,0.646474,0.6909,2.187309,0.6503,2.025055,0.6392
ad4q2,0.01322,0.0709,0.05755,0.2717,0.753612,0.792,0.738477,0.7892,1.970636,0.5859,2.007012,0.6335
ad4q3,0.01515,0.0813,0.045658,0.2156,0.814433,0.8559,0.689852,0.7373,1.590859,0.473,1.564073,0.4937
ad4q4,0.01172,0.0629,0.044863,0.2118,0.749061,0.7872,0.671835,0.718,1.788673,0.5318,1.728176,0.5455
ad4q5,0.011427,0.0613,0.035626,0.1682,0.777778,0.8174,0.62419,0.6671,2.27458,0.6763,1.477178,0.4663
ad5q1,0.017988,0.0965,0.046368,0.2189,0.771117,0.8104,0.700846,0.749,1.56596,0.4656,1.687101,0.5325
ad5q2,0.016794,0.0901,0.042446,0.2004,0.78903,0.8292,0.66778,0.7137,1.944735,0.5782,1.482429,0.4679
ad5q3,0.026997,0.1449,0.05966,0.2817,0.87152,0.9159,0.801357,0.8564,2.971498,0.8835,2.4702,0.7797
ad5q4,0.013412,0.072,0.047642,0.2249,0.80597,0.847,0.711885,0.7608,2.109513,0.6272,1.950451,0.6156
ad5q5,0.020676,0.111,0.063152,0.2981,0.805112,0.8461,0.697699,0.7456,1.671374,0.4969,1.519638,0.4797
ad6q1,0.021886,0.1174,0.066724,0.315,0.707474,0.7435,0.723926,0.7737,1.742103,0.518,2.001532,0.6318
ad6q2,0.01601,0.0859,0.040618,0.1918,0.818182,0.8598,0.712375,0.7613,1.97209,0.5864,1.546818,0.4882
ad6q3,0.01161,0.0623,0.050839,0.24,0.746094,0.7841,0.656557,0.7017,1.376635,0.4093,1.42381,0.4494
ad6q4,0.012787,0.0686,0.05481,0.2588,0.780157,0.8199,0.731224,0.7815,2.023819,0.6017,1.736701,0.5482
ad6q5,0.024365,0.1308,0.065806,0.3107,0.811966,0.8533,0.607595,0.6493,1.37915,0.4101,1.054372,0.3328
ad7q1,0.012621,0.0677,0.056692,0.2676,0.733119,0.7704,0.647817,0.6923,1.712775,0.5093,1.639989,0.5177
ad7q2,0.018763,0.1007,0.047412,0.2238,0.672444,0.7067,0.593278,0.634,1.48889,0.4427,1.427101,0.4505
ad7q3,0.019698,0.1057,0.054786,0.2586,0.734375,0.7717,0.646067,0.6905,1.179277,0.3506,1.49373,0.4715
ad7q4,0.018637,0.1,0.052751,0.249,0.83815,0.8808,0.776719,0.8301,2.1775,0.6474,2.267904,0.7158
ad7q5,0.015819,0.0849,0.050814,0.2399,0.783673,0.8235,0.682338,0.7292,2.022284,0.6013,1.617416,0.5105
ad8q1,0.016029,0.086,0.048648,0.2297,0.769072,0.8082,0.665761,0.7115,1.866353,0.5549,1.800465,0.5683
ad8q2,0.033179,0.1781,0.076871,0.3629,0.901163,0.947,0.804266,0.8595,2.705883,0.8045,2.576535,0.8133
ad8q3,0.010314,0.0554,0.040208,0.1898,0.691235,0.7264,0.585079,0.6253,1.528384,0.4544,1.393743,0.4399
ad8q4,0.015481,0.0831,0.050635,0.239,0.755459,0.7939,0.619493,0.6621,1.818036,0.5406,1.55099,0.4896
ad8q5,0.018473,0.0991,0.051058,0.241,0.737356,0.7749,0.660353,0.7057,1.698311,0.505,1.600702,0.5053
ad9q1,0.028355,0.1522,0.075085,0.3545,0.786667,0.8267,0.767372,0.8201,2.075592,0.6171,1.909571,0.6027
ad9q2,0.024742,0.1328,0.058918,0.2781,0.870504,0.9148,0.746224,0.7975,1.900946,0.5652,1.68967,0.5333
ad9q3,0.026219,0.1407,0.042588,0.2011,0.851351,0.8947,0.705491,0.754,2.008807,0.5973,1.809291,0.5711
ad9q4,0.01155,0.062,0.050733,0.2395,0.724426,0.7613,0.650665,0.6954,1.741948,0.5179,1.71977,0.5428
ad9q5,0.025766,0.1383,0.096249,0.4544,0.787234,0.8273,0.794955,0.8496,1.116725,0.332,1.756567,0.5544
n1q1,0.029687,0.1593,0.052187,0.2464,0.684211,0.719,0.670659,0.7167,1.066615,0.3171,1.066378,0.3366
n1q2,0.02937,0.1576,0.054824,0.2588,0.812121,0.8534,0.737013,0.7877,2.039294,0.6063,1.613733,0.5094
n1q3,0.054108,0.2904,0.075751,0.3576,0.864789,0.9088,0.859155,0.9182,2.33181,0.6933,2.20773,0.6969
n1q4,0.080831,0.4338,0.169584,0.8006,0.878684,0.9234,0.86769,0.9273,3.043244,0.9048,2.92374,0.9229
n1q5,0.02321,0.1246,0.058123,0.2744,0.726496,0.7635,0.658703,0.704,1.378783,0.41,1.248365,0.394
n10q1,0.057138,0.3066,0.088288,0.4168,0.875389,0.9199,0.868952,0.9287,2.456592,0.7304,3.089569,0.9752
n10q2,0.033611,0.1804,0.065498,0.3092,0.811966,0.8533,0.824561,0.8812,1.960323,0.5829,2.091607,0.6602
n10q3,0.031954,0.1715,0.048355,0.2283,0.769912,0.8091,0.727096,0.7771,1.856861,0.5521,1.577902,0.4981
n10q4,0.134667,0.7227,0.160173,0.7562,0.891773,0.9371,0.871402,0.9313,2.521892,0.7498,2.369388,0.7479
n10q5,0.040721,0.2185,0.065866,0.311,0.797235,0.8378,0.692308,0.7399,1.710054,0.5084,1.575924,0.4974
n11q1,0.06482,0.3479,0.085873,0.4054,0.846154,0.8892,0.845161,0.9032,2.722604,0.8095,2.902646,0.9162
n11q2,0.044488,0.2387,0.064887,0.3063,0.897561,0.9432,0.812709,0.8686,2.639243,0.7847,2.106319,0.6648
n11q3,0.044054,0.2364,0.059245,0.2797,0.827586,0.8697,0.791209,0.8456,2.227075,0.6622,2.006048,0.6332
n11q4,0.128076,0.6873,0.164108,0.7748,0.940022,0.9879,0.936639,1.0,3.209038,0.9541,3.109913,0.9816
n11q5,0.054665,0.2934,0.084712,0.3999,0.833718,0.8761,0.818182,0.8744,2.293243,0.6818,2.049517,0.6469
n12q1,0.040972,0.2199,0.070139,0.3311,0.816949,0.8585,0.760396,0.8126,1.850677,0.5503,1.656558,0.5229
n12q2,0.060464,0.3245,0.098251,0.4638,0.873278,0.9177,0.874062,0.9341,2.641615,0.7854,2.545304,0.8034
n12q3,0.042881,0.2301,0.058615,0.2767,0.891473,0.9368,0.799622,0.8546,2.383952,0.7088,2.08174,0.6571
n12q4,0.113349,0.6083,0.152893,0.7218,0.91519,0.9618,0.902215,0.9642,2.689255,0.7996,2.615213,0.8255
n12q5,0.046756,0.2509,0.107556,0.5078,0.91635,0.963,0.904132,0.9663,2.710495,0.8059,2.972026,0.9381
n13q1,0.06,0.322,0.07551,0.3565,0.884354,0.9294,0.854054,0.9127,2.15633,0.6411,1.937506,0.6116
n13q2,0.0338,0.1814,0.0714,0.3371,0.83432,0.8768,0.862745,0.922,2.086246,0.6203,2.032862,0.6417
n13q3,0.037438,0.2009,0.055465,0.2619,0.88122,0.9261,0.863489,0.9228,2.594823,0.7715,2.429498,0.7669
n13q4,0.087466,0.4694,0.153778,0.726,0.901389,0.9473,0.919888,0.9831,2.861989,0.8509,2.90109,0.9157
n13q5,0.037345,0.2004,0.06995,0.3302,0.845201,0.8882,0.775207,0.8285,1.913167,0.5688,1.659982,0.524
n14q1,0.045536,0.2444,0.082076,0.3875,0.908815,0.9551,0.841484,0.8993,2.742688,0.8155,2.653812,0.8377
n14q2,0.030901,0.1658,0.05687,0.2685,0.797872,0.8385,0.687861,0.7351,1.951737,0.5803,1.50273,0.4743
n14q3,0.035402,0.19,0.070387,0.3323,0.847059,0.8902,0.807692,0.8632,2.528147,0.7517,1.989555,0.628
n14q4,0.190709,1.0,0.286954,1.0,0.922476,0.9694,0.950921,1.0,2.94229,0.8748,3.09383,0.9765
n14q5,0.030937,0.166,0.073438,0.3467,0.838384,0.881,0.804255,0.8595,2.039963,0.6065,1.87003,0.5903
n15q1,0.044039,0.2363,0.063373,0.2992,0.825417,0.8674,0.839429,0.8971,2.507056,0.7454,2.277119,0.7188
n15q2,0.029514,0.1584,0.053602,0.2531,0.852941,0.8963,0.773279,0.8264,1.744802,0.5188,1.786764,0.564
n15q3,0.040778,0.2188,0.071834,0.3391,0.888545,0.9338,0.757469,0.8095,2.456089,0.7303,2.125049,0.6708
n15q4,0.140192,0.7523,0.18818,0.8884,0.899906,0.9457,0.915251,0.9781,2.728949,0.8114,3.071811,0.9696
n15q5,0.0288,0.1546,0.044,0.2077,0.805556,0.8465,0.690909,0.7384,0.721928,0.2146,0.991264,0.3129
n16q1,0.058125,0.3119,0.075938,0.3585,0.876344,0.9209,0.851852,0.9104,2.244081,0.6672,1.979612,0.6249
n16q2,0.031358,0.1683,0.063951,0.3019,0.826772,0.8688,0.722008,0.7716,1.964209,0.584,1.815461,0.573
n16q3,0.038446,0.2063,0.055622,0.2626,0.896907,0.9425,0.76247,0.8149,1.802473,0.5359,1.659836,0.5239
n16q4,0.199197,1.0,0.212014,1.0,0.90626,0.9524,0.921584,0.9849,3.002408,0.8927,3.021284,0.9536
n16q5,0.036235,0.1945,0.067888,0.3205,0.862069,0.9059,0.730061,0.7802,1.685816,0.5012,1.951737,0.6161
n17q1,0.033241,0.1784,0.076208,0.3598,0.799127,0.8398,0.809524,0.8652,1.661639,0.4941,2.442706,0.771
n17q2,0.044384,0.2382,0.072264,0.3412,0.884477,0.9295,0.840355,0.8981,2.034491,0.6049,2.064169,0.6515
n17q3,0.04142,0.2223,0.052926,0.2499,0.865079,0.9091,0.78882,0.843,2.169414,0.645,1.863882,0.5883
n17q4,0.140551,0.7543,0.166119,0.7842,0.841996,0.8848,0.827397,0.8843,2.445603,0.7271,2.391529,0.7549
n17q5,0.047743,0.2562,0.075521,0.3565,0.872727,0.9171,0.747126,0.7985,1.37789,0.4097,1.717986,0.5423
n18q1,0.063889,0.3429,0.077778,0.3672,0.886957,0.9321,0.878571,0.9389,2.326383,0.6917,1.789089,0.5647
n18q2,0.042181,0.2264,0.068416,0.323,0.914634,0.9612,0.817043,0.8732,2.701183,0.8031,1.944501,0.6138
n18q3,0.041378,0.2221,0.062802,0.2965,0.817259,0.8588,0.80602,0.8614,1.333717,0.3966,1.582703,0.4996
n18q4,0.185287,0.9943,0.196306,0.9268,0.916024,0.9626,0.91658,0.9796,3.14907,0.9363,2.944574,0.9294
n18q5,0.02852,0.1531,0.058397,0.2757,0.84127,0.8841,0.596899,0.6379,0.918296,0.273,1.546594,0.4882
n19q1,0.054062,0.2901,0.088125,0.416,0.890173,0.9355,0.925532,0.9891,2.757496,0.8199,2.493452,0.787
n19q2,0.032462,0.1742,0.055444,0.2617,0.80531,0.8463,0.647668,0.6922,1.738149,0.5168,1.791737,0.5656
n19q3,0.063693,0.3418,0.073905,0.3489,0.864979,0.909,0.738182,0.7889,2.058365,0.612,1.815239,0.573
n19q4,0.242213,1.0,0.2731,1.0,0.930095,0.9774,0.907665,0.97,3.061735,0.9103,3.163501,0.9985
n19q5,0.059753,0.3207,0.067654,0.3194,0.752066,0.7903,0.737226,0.7879,1.577977,0.4692,1.24151,0.3919
n2q1,0.05542,0.2974,0.086259,0.4072,0.895254,0.9408,0.915878,0.9788,2.558042,0.7606,2.514074,0.7936
n2q2,0.032405,0.1739,0.058497,0.2762,0.828571,0.8707,0.784173,0.8381,1.933782,0.575,1.823892,0.5757
n2q3,0.04582,0.2459,0.062482,0.295,0.884013,0.929,0.850575,0.909,2.594882,0.7715,2.277287,0.7188
n2q4,0.138951,0.7457,0.207157,0.978,0.883079,0.928,0.914138,0.977,3.326308,0.989,3.391258,1.0
n2q5,0.075312,0.4042,0.112102,0.5292,0.901149,0.947,0.85251,0.9111,2.739951,0.8147,2.52288,0.7963
n20q1,0.033333,0.1789,0.069444,0.3278,0.75,0.7882,0.784,0.8379,1.546594,0.4598,1.88304,0.5944
n20q2,0.045245,0.2428,0.068021,0.3211,0.877551,0.9222,0.737557,0.7882,2.062683,0.6133,1.992709,0.629
n20q3,0.044237,0.2374,0.061297,0.2894,0.829596,0.8718,0.702265,0.7505,1.386314,0.4122,1.415827,0.4469
n20q4,0.09923,0.5325,0.191785,0.9054,0.811997,0.8533,0.868601,0.9283,2.293245,0.6818,2.315381,0.7308
n20q5,0.029785,0.1598,0.065918,0.3112,0.836066,0.8786,0.62963,0.6729,2.186704,0.6502,1.409602,0.4449
n3q1,0.060571,0.3251,0.074749,0.3529,0.914013,0.9605,0.889032,0.9501,3.079832,0.9157,2.642115,0.834
n3q2,0.048665,0.2612,0.06134,0.2896,0.911628,0.958,0.822878,0.8794,2.538019,0.7546,2.316633,0.7312
n3q3,0.049262,0.2644,0.072049,0.3401,0.859031,0.9027,0.822289,0.8788,2.171752,0.6457,2.041671,0.6444
n3q4,0.186384,1.0,0.223653,1.0,0.947177,0.9954,0.932632,0.9967,3.578537,1.0,3.402117,1.0
n3q5,0.053288,0.286,0.0839,0.3961,0.898936,0.9447,0.783784,0.8376,3.052665,0.9076,2.33194,0.7361
n4q1,0.073307,0.3934,0.115385,0.5447,0.910314,0.9566,0.883191,0.9439,2.524605,0.7506,2.496517,0.788
n4q2,0.043129,0.2315,0.06276,0.2963,0.965517,1.0,0.853081,0.9117,2.563762,0.7623,2.20688,0.6966
n4q3,0.036445,0.1956,0.056477,0.2666,0.866051,0.9101,0.731744,0.782,2.031415,0.604,1.858213,0.5865
n4q4,0.092889,0.4985,0.146724,0.6927,0.874783,0.9193,0.90285,0.9649,2.543803,0.7563,2.848874,0.8992
n4q5,0.060615,0.3253,0.088768,0.4191,0.85782,0.9015,0.84466,0.9027,2.290534,0.681,2.756509,0.8701
n5q1,0.0974,0.5227,0.135,0.6373,0.954825,1.0,0.955556,1.0,3.364838,1.0,2.883162,0.9101
n5q2,0.033593,0.1803,0.070949,0.3349,0.872,0.9164,0.852273,0.9108,2.508409,0.7458,2.335704,0.7372
n5q3,0.04,0.2147,0.060416,0.2852,0.871456,0.9158,0.789737,0.844,2.545598,0.7569,1.964934,0.6202
n5q4,0.103231,0.554,0.195241,0.9217,0.905697,0.9518,0.931094,0.9951,2.890566,0.8594,3.04427,0.9609
n5q5,0.054232,0.291,0.108275,0.5112,0.83391,0.8763,0.802426,0.8576,2.140249,0.6364,1.981799,0.6255
n6q1,0.035665,0.1914,0.064058,0.3024,0.84466,0.8876,0.827027,0.8839,1.391554,0.4137,2.015678,0.6362
n6q2,0.051931,0.2787,0.084639,0.3996,0.888603,0.9338,0.886435,0.9473,2.517015,0.7484,2.655103,0.8381
n6q3,0.033969,0.1823,0.059099,0.279,0.870968,0.9153,0.747837,0.7992,2.690939,0.8001,2.254481,0.7116
n6q4,0.060354,0.3239,0.102491,0.4839,0.835504,0.878,0.848345,0.9066,2.417619,0.7188,2.574833,0.8127
n6q5,0.031217,0.1675,0.065557,0.3095,0.733333,0.7706,0.626984,0.6701,0.991264,0.2947,1.100683,0.3474
n7q1,0.101406,0.5442,0.170757,0.8061,0.951766,1.0,0.922251,0.9856,2.924213,0.8694,2.979789,0.9406
n7q2,0.038933,0.2089,0.066756,0.3152,0.899543,0.9453,0.852197,0.9108,2.686494,0.7988,2.50656,0.7912
n7q3,0.046875,0.2516,0.065538,0.3094,0.810185,0.8514,0.768212,0.821,1.959646,0.5827,1.829056,0.5773
n7q4,0.089623,0.481,0.186098,0.8786,0.839802,0.8825,0.897927,0.9596,2.328172,0.6922,2.733271,0.8627
n7q5,0.042167,0.2263,0.069252,0.3269,0.79562,0.8361,0.715556,0.7647,1.667951,0.4959,1.070215,0.3378
n8q1,0.053655,0.2879,0.090519,0.4273,0.835294,0.8778,0.76848,0.8213,1.872998,0.5569,2.274772,0.718
n8q2,0.056049,0.3008,0.075062,0.3544,0.929515,0.9768,0.871711,0.9316,2.903415,0.8633,2.53959,0.8016
n8q3,0.039,0.2093,0.0706,0.3333,0.917949,0.9647,0.844193,0.9022,2.663292,0.7919,2.320516,0.7325
n8q4,0.115779,0.6213,0.168382,0.7949,0.940335,0.9882,0.919889,0.9831,3.264206,0.9705,3.168324,1.0
n8q5,0.034339,0.1843,0.061857,0.292,0.878788,0.9235,0.824299,0.8809,2.244207,0.6673,1.82597,0.5764
n9q1,0.052939,0.2841,0.091567,0.4323,0.912791,0.9592,0.89916,0.9609,2.805783,0.8342,2.85376,0.9008
n9q2,0.045759,0.2456,0.079241,0.3741,0.89547,0.941,0.841046,0.8988,2.95997,0.8801,2.405985,0.7594
n9q3,0.036075,0.1936,0.057813,0.2729,0.879484,0.9242,0.813787,0.8697,2.45207,0.7291,2.243961,0.7083
n9q4,0.098519,0.5287,0.126866,0.5989,0.943188,0.9912,0.926032,0.9897,3.543105,1.0,3.002588,0.9477
n9q5,0.040721,0.2185,0.054982,0.2596,0.824885,0.8669,0.672355,0.7186,2.128724,0.6329,1.993305,0.6292
m1q1,0.020011,0.1074,0.059492,0.2809,0.675676,0.7101,0.590909,0.6315,1.378783,0.41,1.85443,0.5853
m1q2,0.029352,0.1575,0.081129,0.383,0.7897,0.8299,0.829193,0.8862,2.435049,0.724,1.827216,0.5767
m1q3,0.040118,0.2153,0.055661,0.2628,0.863874,0.9078,0.781132,0.8348,2.076155,0.6173,2.000149,0.6313
m1q4,0.046393,0.249,0.113818,0.5373,0.785536,0.8255,0.822931,0.8795,2.431276,0.7229,2.42931,0.7668
m1q5,0.033299,0.1787,0.083767,0.3955,0.84375,0.8867,0.708075,0.7567,1.792195,0.5329,1.561723,0.4929
m10q1,0.090407,0.4852,0.111907,0.5283,0.888548,0.9338,0.859388,0.9184,2.719289,0.8085,2.521366,0.7959
m10q2,0.023222,0.1246,0.062782,0.2964,0.833094,0.8755,0.797233,0.852,2.590876,0.7703,2.42464,0.7653
m10q3,0.031839,0.1709,0.049485,0.2336,0.836735,0.8793,0.69454,0.7423,2.18153,0.6486,1.864416,0.5885
m10q4,0.017469,0.0937,0.062016,0.2928,0.74069,0.7784,0.701615,0.7498,1.979041,0.5884,1.846655,0.5829
m10q5,0.048828,0.262,0.087891,0.4149,0.74,0.7777,0.777778,0.8312,1.463548,0.4352,1.836994,0.5798
m11q1,0.071846,0.3856,0.133648,0.631,0.920677,0.9675,0.902776,0.9648,2.919883,0.8682,2.82185,0.8907
m11q2,0.02678,0.1437,0.075459,0.3562,0.813169,0.8545,0.806339,0.8617,2.209932,0.6571,2.168611,0.6845
m11q3,0.03782,0.203,0.060005,0.2833,0.889145,0.9344,0.802038,0.8572,2.311449,0.6873,1.827965,0.577
m11q4,0.010532,0.0565,0.039178,0.185,0.738511,0.7761,0.619976,0.6626,1.86269,0.5538,1.416026,0.447
m11q5,0.016331,0.0876,0.046036,0.2173,0.768116,0.8072,0.588689,0.6291,1.098218,0.3265,1.047048,0.3305
m12q1,0.02782,0.1493,0.057439,0.2712,0.79602,0.8365,0.738554,0.7893,1.725426,0.513,1.750742,0.5526
m12q2,0.041875,0.2247,0.066875,0.3157,0.873134,0.9176,0.738318,0.7891,2.606022,0.7748,2.039141,0.6436
m12q3,0.024838,0.1333,0.042278,0.1996,0.765957,0.8049,0.664062,0.7097,1.756665,0.5223,1.327365,0.419
m12q4,0.013856,0.0744,0.049334,0.2329,0.740806,0.7785,0.6606,0.706,1.485586,0.4417,1.491457,0.4708
m12q5,0.041195,0.2211,0.108194,0.5108,0.912088,0.9585,0.740586,0.7915,1.640224,0.4877,1.300618,0.4105
m13q1,0.031913,0.1713,0.089318,0.4217,0.81227,0.8536,0.793512,0.848,2.156734,0.6413,2.288579,0.7224
m13q2,0.024675,0.1324,0.055463,0.2618,0.720354,0.757,0.681102,0.7279,1.644854,0.4891,1.537642,0.4853
m13q3,0.042388,0.2275,0.094723,0.4472,0.795918,0.8364,0.817352,0.8735,1.341155,0.3988,1.360384,0.4294
m13q4,0.040277,0.2161,0.095055,0.4488,0.821527,0.8633,0.836515,0.894,2.257149,0.6711,2.322337,0.733
m13q5,0.063712,0.3419,0.109264,0.5158,0.78744,0.8275,0.802817,0.858,2.141614,0.6368,2.289475,0.7227
m14q1,0.053354,0.2863,0.089222,0.4212,0.889708,0.935,0.886158,0.9471,2.580253,0.7672,2.480729,0.783
m14q2,0.077553,0.4162,0.105001,0.4957,0.958049,1.0,0.935829,1.0,3.820977,1.0,3.561459,1.0
m14q3,0.05142,0.2759,0.077469,0.3657,0.847539,0.8907,0.777689,0.8311,2.234942,0.6645,2.062183,0.6509
m14q4,0.027159,0.1458,0.070902,0.3347,0.724189,0.761,0.670621,0.7167,1.780157,0.5293,1.895939,0.5984
m14q5,0.040404,0.2168,0.070707,0.3338,0.772727,0.812,0.733766,0.7842,1.902683,0.5657,1.651087,0.5212
m15q1,0.060568,0.325,0.144016,0.6799,0.896503,0.9421,0.909085,0.9716,2.601363,0.7735,2.671207,0.8431
m15q2,0.025359,0.1361,0.066359,0.3133,0.782899,0.8227,0.802549,0.8577,2.084798,0.6199,1.89487,0.5981
m15q3,0.032465,0.1742,0.056565,0.267,0.81058,0.8518,0.727718,0.7777,2.198173,0.6536,2.008669,0.634
m15q4,0.078824,0.423,0.137672,0.6499,0.843851,0.8868,0.850256,0.9087,2.360646,0.7019,2.47303,0.7806
m15q5,0.040123,0.2153,0.068287,0.3224,0.884615,0.9296,0.79661,0.8514,2.69897,0.8025,2.03017,0.6408
m16q1,0.071499,0.3837,0.167298,0.7898,0.850041,0.8933,0.904563,0.9667,2.602948,0.7739,2.699534,0.8521
m16q2,0.023558,0.1264,0.044344,0.2093,0.759358,0.798,0.633523,0.6771,1.904646,0.5663,1.749389,0.5522
m16q3,0.030497,0.1637,0.04118,0.1944,0.727545,0.7646,0.629712,0.673,1.550917,0.4611,1.243741,0.3926
m16q4,0.020368,0.1093,0.044438,0.2098,0.72612,0.7631,0.667571,0.7134,1.741734,0.5179,1.816864,0.5735
m16q5,0.049554,0.2659,0.08341,0.3938,0.838509,0.8812,0.793358,0.8479,2.392277,0.7113,1.785232,0.5635
m17q1,0.030937,0.166,0.059687,0.2818,0.757576,0.7961,0.675393,0.7218,1.634931,0.4861,1.776307,0.5607
m17q2,0.03642,0.1955,0.078044,0.3684,0.857143,0.9008,0.846667,0.9048,1.182966,0.3517,2.018442,0.6371
m17q3,0.047009,0.2523,0.052926,0.2499,0.811189,0.8525,0.701863,0.7501,1.645355,0.4892,1.626309,0.5133
m17q4,0.020716,0.1112,0.044967,0.2123,0.70945,0.7455,0.638726,0.6826,1.554557,0.4622,1.545432,0.4878
m17q5,0.030404,0.1632,0.080383,0.3795,0.780822,0.8206,0.668394,0.7143,0.721928,0.2146,1.242452,0.3922
m18q1,0.046593,0.25,0.078892,0.3724,0.859691,0.9034,0.819522,0.8758,2.496623,0.7423,2.289121,0.7225
m18q2,0.043569,0.2338,0.075407,0.356,0.866739,0.9108,0.808141,0.8637,2.658535,0.7905,2.20358,0.6955
m18q3,0.084673,0.4544,0.099341,0.469,0.941025,0.9889,0.865536,0.925,3.222958,0.9583,3.113679,0.9828
m18q4,0.11035,0.5922,0.183225,0.865,0.847046,0.8901,0.892172,0.9535,2.364206,0.7029,2.747744,0.8673
m18q5,0.022445,0.1204,0.051109,0.2413,0.759036,0.7977,0.613757,0.6559,1.021455,0.3037,1.047273,0.3306
m19q1,0.018781,0.1008,0.048698,0.2299,0.699115,0.7347,0.672355,0.7186,2.051906,0.6101,1.838199,0.5802
m19q2,0.024421,0.1311,0.051901,0.245,0.671743,0.7059,0.644904,0.6892,1.590123,0.4728,1.823816,0.5757
m19q3,0.030767,0.1651,0.057669,0.2723,0.671498,0.7057,0.783505,0.8373,1.394906,0.4147,2.207983,0.6969
m19q4,0.081302,0.4363,0.133835,0.6318,0.859635,0.9034,0.889324,0.9504,2.519837,0.7492,2.629135,0.8299
m19q5,0.02611,0.1401,0.049109,0.2318,0.826715,0.8688,0.708253,0.7569,1.84271,0.5479,1.839427,0.5806
m2q1,0.062146,0.3335,0.10334,0.4879,0.909168,0.9554,0.909807,0.9723,2.96577,0.8818,2.741215,0.8652
m2q2,0.021557,0.1157,0.060981,0.2879,0.861298,0.9051,0.84658,0.9048,2.672304,0.7945,2.458583,0.776
m2q3,0.040426,0.2169,0.083622,0.3948,0.869379,0.9136,0.849896,0.9083,2.577473,0.7664,2.444897,0.7717
m2q4,0.061603,0.3306,0.121006,0.5713,0.822347,0.8642,0.85522,0.914,2.321778,0.6903,2.423188,0.7649
m2q5,0.027811,0.1492,0.122174,0.5768,0.679144,0.7137,0.8028,0.858,1.384566,0.4117,2.066516,0.6523
m20q1,0.043006,0.2308,0.102198,0.4825,0.847527,0.8907,0.830058,0.8871,2.336077,0.6946,2.205183,0.6961
m20q2,0.021746,0.1167,0.057899,0.2733,0.763265,0.8021,0.738375,0.7891,2.149884,0.6392,2.153261,0.6797
m20q3,0.025714,0.138,0.05551,0.2621,0.793651,0.834,0.632353,0.6758,0.905587,0.2693,0.887853,0.2802
m20q4,0.019637,0.1054,0.050295,0.2374,0.766092,0.8051,0.713982,0.763,1.878548,0.5585,2.090015,0.6597
m20q5,0.040277,0.2161,0.076263,0.36,0.828179,0.8703,0.713249,0.7623,2.01715,0.5998,2.050526,0.6472
m3q1,0.035559,0.1908,0.08395,0.3963,0.825119,0.8671,0.83165,0.8888,2.11992,0.6303,2.266937,0.7155
m3q2,0.016747,0.0899,0.048028,0.2267,0.698347,0.7339,0.688761,0.7361,0.887829,0.264,1.241846,0.392
m3q3,0.032527,0.1746,0.050793,0.2398,0.871921,0.9163,0.785489,0.8395,1.564196,0.4651,1.641995,0.5183
m3q4,0.073733,0.3957,0.152788,0.7213,0.801764,0.8426,0.858928,0.918,2.163156,0.6432,2.544121,0.803
m3q5,0.030816,0.1654,0.070747,0.334,0.788732,0.8289,0.769939,0.8228,1.72852,0.5139,1.988827,0.6278
m4q1,0.053511,0.2872,0.110044,0.5195,0.79402,0.8344,0.764136,0.8166,1.828292,0.5436,1.933357,0.6103
m4q2,0.019468,0.1045,0.0595,0.2809,0.742964,0.7808,0.800491,0.8555,1.906126,0.5667,1.983171,0.626
m4q3,0.045722,0.2454,0.071978,0.3398,0.70297,0.7387,0.72327,0.773,1.836592,0.5461,2.586888,0.8165
m4q4,0.068696,0.3687,0.171493,0.8096,0.786461,0.8265,0.844577,0.9026,1.934847,0.5753,2.322497,0.7331
m4q5,0.026297,0.1411,0.075055,0.3543,0.809028,0.8502,0.770073,0.823,1.694555,0.5038,1.806363,0.5702
m5q1,0.027264,0.1463,0.060228,0.2843,0.726608,0.7636,0.72998,0.7801,1.796041,0.534,1.918453,0.6055
m5q2,0.0228,0.1224,0.05035,0.2377,0.769737,0.8089,0.733863,0.7843,1.804539,0.5365,1.857057,0.5862
m5q3,0.040466,0.2172,0.067901,0.3206,0.830508,0.8728,0.787879,0.842,1.645711,0.4893,1.809786,0.5712
m5q4,0.065364,0.3508,0.119762,0.5654,0.785611,0.8256,0.783822,0.8377,2.209557,0.657,2.344452,0.74
m5q5,0.036133,0.1939,0.077637,0.3665,0.810811,0.8521,0.748428,0.7999,2.078492,0.618,1.84188,0.5814
m6q1,0.021614,0.116,0.059637,0.2815,0.740468,0.7781,0.701333,0.7495,1.692553,0.5032,1.625208,0.513
m6q2,0.011949,0.0641,0.045124,0.213,0.673525,0.7078,0.60988,0.6518,1.497739,0.4453,1.374584,0.4339
m6q3,0.044138,0.2369,0.063603,0.3003,0.753846,0.7922,0.669039,0.715,1.861298,0.5534,1.410763,0.4453
m6q4,0.015308,0.0822,0.061913,0.2923,0.702712,0.7385,0.735313,0.7858,1.686179,0.5013,1.832394,0.5784
m6q5,0.021315,0.1144,0.061043,0.2882,0.778723,0.8183,0.658247,0.7035,1.357793,0.4037,1.588131,0.5013
m7q1,0.01393,0.0748,0.057158,0.2698,0.707965,0.744,0.705967,0.7545,1.62647,0.4836,1.734657,0.5475
m7q2,0.02242,0.1203,0.055899,0.2639,0.710879,0.747,0.670054,0.7161,1.379807,0.4103,1.568222,0.495
m7q3,0.023717,0.1273,0.050988,0.2407,0.764128,0.803,0.744,0.7951,1.706901,0.5075,1.622274,0.5121
m7q4,0.01168,0.0627,0.056349,0.266,0.77258,0.8119,0.731717,0.782,1.90679,0.5669,1.800244,0.5682
m7q5,0.017522,0.094,0.051304,0.2422,0.794344,0.8348,0.65935,0.7047,1.657942,0.493,1.508279,0.4761
m8q1,0.01492,0.0801,0.052633,0.2485,0.712693,0.749,0.704757,0.7532,1.810409,0.5383,1.690731,0.5337
m8q2,0.022414,0.1203,0.059232,0.2796,0.841144,0.8839,0.751127,0.8027,2.525197,0.7508,1.917807,0.6053
m8q3,0.035654,0.1913,0.05953,0.281,0.776186,0.8157,0.749062,0.8005,2.24083,0.6663,2.203939,0.6957
m8q4,0.039628,0.2127,0.080691,0.3809,0.831478,0.8738,0.806682,0.8621,2.306542,0.6858,2.280599,0.7199
m8q5,0.021253,0.1141,0.067081,0.3167,0.784091,0.824,0.732673,0.783,2.278908,0.6776,1.927375,0.6084
m9q1,0.024529,0.1316,0.069429,0.3278,0.74773,0.7858,0.691979,0.7395,1.717295,0.5106,1.913765,0.6041
m9q2,0.019317,0.1037,0.045568,0.2151,0.745098,0.783,0.638107,0.682,2.225259,0.6616,1.738053,0.5486
m9q3,0.0184,0.0987,0.046,0.2172,0.75,0.7882,0.634783,0.6784,1.221048,0.3631,1.406344,0.4439
m9q4,0.024854,0.1334,0.063467,0.2996,0.785853,0.8258,0.74892,0.8004,1.841741,0.5476,1.999679,0.6312
m9q5,0.016464,0.0884,0.050555,0.2387,0.792157,0.8325,0.733078,0.7835,1.552036,0.4615,2.102482,0.6636
m6q1,0.037438,0.2009,0.074922,0.3537,0.826947,0.869,0.804818,0.8601,1.889276,0.5617,1.758231,0.555
m6q2,0.025992,0.1395,0.047495,0.2242,0.745455,0.7834,0.61194,0.654,0.982603,0.2922,1.152472,0.3638
m6q3,0.060609,0.3253,0.08078,0.3814,0.878694,0.9234,0.845974,0.9041,3.32304,0.988,2.194242,0.6926
m6q4,0.023233,0.1247,0.045375,0.2142,0.580827,0.6104,0.60539,0.647,1.498399,0.4455,1.395651,0.4405
m6q5,0.030612,0.1643,0.041667,0.1967,0.731481,0.7687,0.571429,0.6107,0.844214,0.251,1.427887,0.4507
