ADQ_ID,ROI,FixTime,EnterCount,RegressionCount,Group
n1q1,KW_n2q1_4,2.569,4,3,control
n1q1,INST_n2q1_1,0.612,1,0,control
n1q1,KW_n2q1_1,1.834,4,3,control
n1q1,BG_n2q1,1.1,3,2,control
n1q1,KW_n2q1_2,2.1989999999999994,7,6,control
n1q1,KW_n2q1_3,2.079,2,1,control
n1q2,KW_n2q2_3,0.611,2,1,control
n1q2,KW_n2q2_2,4.769,6,5,control
n1q2,INST_n2q2_1,3.789,6,5,control
n1q2,BG_n2q2,2.934,12,11,control
n1q2,KW_n2q2_4,0.122,1,0,control
n1q2,KW_n2q2_1,1.221,4,3,control
n1q3,KW_n2q3_1,0.367,2,1,control
n1q3,INST_n2q3_2,0.489,2,1,control
n1q3,INST_n2q3_1,1.8329999999999995,4,3,control
n1q3,BG_n2q3,6.966999999999998,9,8,control
n1q3,KW_n2q3_2,0.244,2,1,control
n1q3,KW_n2q3_3,0.244,2,1,control
n1q4,INST_n2q4_2b,0.244,1,0,control
n1q4,KW_n2q4_1,17.234999999999985,6,5,control
n1q4,INST_n2q4_1,0.244,1,0,control
n1q4,BG_n2q4,5.252999999999998,11,10,control
n1q4,INST_n2q4_2a,0.49,3,2,control
n1q5,BG_n2q5,4.889999999999999,6,5,control
n1q5,INST_n2q5_1a,1.589,3,2,control
n1q5,INST_n2q5_1c,0.244,1,0,control
n1q5,INST_n2q5_1b,2.4439999999999995,2,1,control
n10q1,KW_n2q1_4,2.079,3,2,control
n10q1,INST_n2q1_1,0.617,1,0,control
n10q1,KW_n2q1_1,1.101,3,2,control
n10q1,BG_n2q1,5.011999999999998,8,7,control
n10q1,KW_n2q1_2,3.424999999999999,2,1,control
n10q1,KW_n2q1_3,0.4890000000000009,1,0,control
n10q2,KW_n2q2_3,2.080000000000001,3,2,control
n10q2,KW_n2q2_2,2.201,1,0,control
n10q2,INST_n2q2_1,0.856,1,0,control
n10q2,BG_n2q2,3.4189999999999974,8,7,control
n10q2,KW_n2q2_4,3.303,5,4,control
n10q2,KW_n2q2_1,2.5669999999999997,1,0,control
n10q3,KW_n2q3_1,0.977,4,3,control
n10q3,INST_n2q3_2,4.521999999999999,2,1,control
n10q3,INST_n2q3_1,2.0779999999999994,1,0,control
n10q3,BG_n2q3,0.734,3,2,control
n10q3,KW_n2q3_2,1.1,3,2,control
n10q3,KW_n2q3_3,2.9339999999999997,2,1,control
n10q4,INST_n2q4_2b,1.101,2,1,control
n10q4,KW_n2q4_1,15.034999999999986,2,1,control
n10q4,INST_n2q4_1,0.611,1,0,control
n10q4,BG_n2q4,0.244,2,1,control
n10q4,INST_n2q4_2a,2.688999999999999,1,0,control
n10q5,BG_n2q5,4.766999999999998,9,8,control
n10q5,INST_n2q5_1a,0.488,3,2,control
n10q5,INST_n2q5_1c,1.2239999999999998,5,4,control
n10q5,INST_n2q5_1b,2.565999999999999,3,2,control
n11q1,KW_n2q1_4,0.98,3,2,control
n11q1,INST_n2q1_1,0.497,1,0,control
n11q1,KW_n2q1_1,2.810999999999999,4,3,control
n11q1,BG_n2q1,3.0569999999999977,7,6,control
n11q1,KW_n2q1_2,3.67,2,1,control
n11q1,KW_n2q1_3,1.0990000000000009,4,3,control
n11q2,KW_n2q2_3,1.223,2,1,control
n11q2,KW_n2q2_2,1.955,1,0,control
n11q2,INST_n2q2_1,1.9569999999999996,2,1,control
n11q2,BG_n2q2,2.198999999999999,4,3,control
n11q2,KW_n2q2_4,1.4679999999999995,1,0,control
n11q2,KW_n2q2_1,2.6899999999999995,1,0,control
n11q3,KW_n2q3_1,1.343,3,2,control
n11q3,INST_n2q3_2,3.911999999999999,1,0,control
n11q3,INST_n2q3_1,1.834,1,0,control
n11q3,BG_n2q3,0.49,3,2,control
n11q3,KW_n2q3_2,1.223,2,1,control
n11q3,KW_n2q3_3,2.443,3,2,control
n11q4,INST_n2q4_2b,4.155999999999999,1,0,control
n11q4,KW_n2q4_1,27.257,4,3,control
n11q4,INST_n2q4_1,0.611,1,0,control
n11q4,BG_n2q4,1.345,3,2,control
n11q4,INST_n2q4_2a,3.789999999999999,1,0,control
n11q5,BG_n2q5,8.311999999999998,5,4,control
n11q5,INST_n2q5_1a,1.1,2,1,control
n11q5,INST_n2q5_1c,1.59,2,1,control
n11q5,INST_n2q5_1b,0.733,2,1,control
n12q1,KW_n2q1_4,2.443999999999999,1,0,control
n12q1,INST_n2q1_1,0.373,1,0,control
n12q1,KW_n2q1_1,5.136,7,6,control
n12q1,BG_n2q1,2.324,3,2,control
n12q1,KW_n2q1_2,3.1789999999999994,6,5,control
n12q1,KW_n2q1_3,0.978,2,1,control
n12q2,KW_n2q2_3,3.544,1,0,control
n12q2,KW_n2q2_2,10.022999999999993,1,0,control
n12q2,INST_n2q2_1,0.733,1,0,control
n12q2,BG_n2q2,1.3469999999999998,4,3,control
n12q2,KW_n2q2_4,3.055999999999999,1,0,control
n12q2,KW_n2q2_1,6.109999999999998,4,3,control
n12q3,KW_n2q3_1,1.465,3,2,control
n12q3,INST_n2q3_2,2.932999999999999,3,2,control
n12q3,INST_n2q3_1,2.321999999999999,1,0,control
n12q3,BG_n2q3,0.977,3,2,control
n12q3,KW_n2q3_2,1.3449999999999998,2,1,control
n12q3,KW_n2q3_3,2.0779999999999994,2,1,control
n12q4,INST_n2q4_2b,2.5680000000000005,2,1,control
n12q4,KW_n2q4_1,24.077999999999992,4,3,control
n12q4,INST_n2q4_1,0.858,3,2,control
n12q4,BG_n2q4,0.3659999999999991,2,1,control
n12q4,INST_n2q4_2a,3.666999999999999,1,0,control
n12q5,BG_n2q5,6.842999999999997,6,5,control
n12q5,INST_n2q5_1a,0.244,1,0,control
n12q5,INST_n2q5_1c,0.735,3,2,control
n12q5,INST_n2q5_1b,1.223,1,0,control
n13q1,KW_n2q1_4,3.177,3,2,control
n13q1,INST_n2q1_1,1.4679999999999995,1,0,control
n13q1,KW_n2q1_1,1.469,1,0,control
n13q1,BG_n2q1,0.37,2,1,control
n13q1,KW_n2q1_2,1.1,1,0,control
n13q1,KW_n2q1_3,0.978,1,0,control
n13q2,KW_n2q2_3,1.955,1,0,control
n13q2,KW_n2q2_2,2.5669999999999997,1,0,control
n13q2,INST_n2q2_1,1.835,1,0,control
n13q2,BG_n2q2,0.488,2,1,control
n13q2,KW_n2q2_4,2.5679999999999987,3,2,control
n13q2,KW_n2q2_1,2.567,1,0,control
n13q3,KW_n2q3_1,1.101,4,3,control
n13q3,INST_n2q3_2,2.691,3,2,control
n13q3,INST_n2q3_1,1.59,1,0,control
n13q3,BG_n2q3,7.822999999999999,10,9,control
n13q3,KW_n2q3_2,1.223,2,1,control
n13q3,KW_n2q3_3,1.222,2,1,control
n13q4,INST_n2q4_2b,3.302,2,1,control
n13q4,KW_n2q4_1,35.81299999999999,6,5,control
n13q4,INST_n2q4_1,0.855,2,1,control
n13q4,BG_n2q4,2.813,8,7,control
n13q4,INST_n2q4_2a,2.3230000000000017,3,2,control
n13q5,BG_n2q5,1.9539999999999995,5,4,control
n13q5,INST_n2q5_1a,1.4679999999999995,1,0,control
n13q5,INST_n2q5_1c,6.356999999999998,4,3,control
n13q5,INST_n2q5_1b,1.957,3,2,control
n14q1,KW_n2q1_4,1.5869999999999995,2,1,control
n14q1,INST_n2q1_1,1.225,1,0,control
n14q1,KW_n2q1_1,2.935,1,0,control
n14q1,BG_n2q1,0.244,2,1,control
n14q1,KW_n2q1_2,1.835,1,0,control
n14q1,KW_n2q1_3,2.57,1,0,control
n14q2,KW_n2q2_3,1.223,1,0,control
n14q2,KW_n2q2_2,1.711,1,0,control
n14q2,INST_n2q2_1,1.957,1,0,control
n14q2,BG_n2q2,0.244,1,0,control
n14q2,KW_n2q2_4,1.467,1,0,control
n14q2,KW_n2q2_1,2.6899999999999995,1,0,control
n14q3,KW_n2q3_1,2.078,4,3,control
n14q3,INST_n2q3_2,2.1989999999999994,3,2,control
n14q3,INST_n2q3_1,2.324,1,0,control
n14q3,BG_n2q3,1.9560000000000008,7,6,control
n14q3,KW_n2q3_2,2.078,4,3,control
n14q3,KW_n2q3_3,1.1,3,2,control
n14q4,INST_n2q4_2b,0.367,1,0,control
n14q4,KW_n2q4_1,17.603999999999985,2,1,control
n14q4,INST_n2q4_1,0.61,1,0,control
n14q4,BG_n2q4,1.467,3,2,control
n14q4,INST_n2q4_2a,2.1939999999999995,2,1,control
n14q5,BG_n2q5,1.101,7,6,control
n14q5,INST_n2q5_1a,2.5669999999999997,2,1,control
n14q5,INST_n2q5_1c,3.054999999999999,1,0,control
n14q5,INST_n2q5_1b,3.176999999999999,6,5,control
n15q1,KW_n2q1_4,6.112999999999999,2,1,control
n15q1,INST_n2q1_1,1.957,1,0,control
n15q1,KW_n2q1_1,2.6899999999999995,1,0,control
n15q1,BG_n2q1,1.221,3,2,control
n15q1,KW_n2q1_2,2.568,1,0,control
n15q1,KW_n2q1_3,1.834,2,1,control
n15q2,KW_n2q2_3,2.810999999999999,1,0,control
n15q2,KW_n2q2_2,1.955,1,0,control
n15q2,INST_n2q2_1,1.345,1,0,control
n15q2,BG_n2q2,0.368,2,1,control
n15q2,KW_n2q2_4,2.1999999999999997,1,0,control
n15q2,KW_n2q2_1,2.81,3,2,control
n15q3,KW_n2q3_1,2.201,3,2,control
n15q3,INST_n2q3_2,1.954,4,3,control
n15q3,INST_n2q3_1,1.101,1,0,control
n15q3,BG_n2q3,1.3450000000000002,5,4,control
n15q3,KW_n2q3_2,1.954,3,2,control
n15q3,KW_n2q3_3,2.201,3,2,control
n15q4,INST_n2q4_2b,0.98,2,1,control
n15q4,KW_n2q4_1,29.698000000000004,3,2,control
n15q4,INST_n2q4_1,0.979,2,1,control
n15q4,BG_n2q4,0.856,2,1,control
n15q4,INST_n2q4_2a,2.4449999999999994,1,0,control
n15q5,BG_n2q5,2.931,7,6,control
n15q5,INST_n2q5_1a,0.978,2,1,control
n15q5,INST_n2q5_1c,1.3449999999999998,3,2,control
n15q5,INST_n2q5_1b,1.59,3,2,control
n16q1,KW_n2q1_4,2.810999999999999,1,0,control
n16q1,INST_n2q1_1,1.103,1,0,control
n16q1,KW_n2q1_1,1.345,1,0,control
n16q1,BG_n2q1,0.978,2,1,control
n16q1,KW_n2q1_2,2.1990000000000003,1,0,control
n16q1,KW_n2q1_3,1.2240000000000002,2,1,control
n16q2,KW_n2q2_3,2.6899999999999995,3,2,control
n16q2,KW_n2q2_2,1.956,1,0,control
n16q2,INST_n2q2_1,1.467,1,0,control
n16q2,BG_n2q2,0.366,2,1,control
n16q2,KW_n2q2_4,1.956,1,0,control
n16q2,KW_n2q2_1,2.3229999999999995,1,0,control
n16q3,KW_n2q3_1,1.344,3,2,control
n16q3,INST_n2q3_2,2.689999999999998,2,1,control
n16q3,INST_n2q3_1,1.589,1,0,control
n16q3,BG_n2q3,1.4670000000000003,6,5,control
n16q3,KW_n2q3_2,1.099,2,1,control
n16q3,KW_n2q3_3,1.833,4,3,control
n16q4,INST_n2q4_2b,1.467,2,1,control
n16q4,KW_n2q4_1,22.00099999999999,4,3,control
n16q4,INST_n2q4_1,0.366,1,0,control
n16q4,BG_n2q4,0.733,4,3,control
n16q4,INST_n2q4_2a,1.955,1,0,control
n16q5,BG_n2q5,2.567,5,4,control
n16q5,INST_n2q5_1a,1.222,2,1,control
n16q5,INST_n2q5_1c,1.222,3,2,control
n16q5,INST_n2q5_1b,1.1,1,0,control
n17q1,KW_n2q1_4,1.7099999999999995,2,1,control
n17q1,INST_n2q1_1,1.4690000000000003,1,0,control
n17q1,KW_n2q1_1,2.9339999999999997,1,0,control
n17q1,BG_n2q1,0.729,4,3,control
n17q1,KW_n2q1_2,1.96,3,2,control
n17q1,KW_n2q1_3,1.3449999999999998,1,0,control
n17q2,KW_n2q2_3,1.711,2,1,control
n17q2,KW_n2q2_2,1.222,1,0,control
n17q2,INST_n2q2_1,0.856,1,0,control
n17q2,BG_n2q2,0.244,1,0,control
n17q2,KW_n2q2_4,2.568,1,0,control
n17q2,KW_n2q2_1,2.688999999999999,1,0,control
n17q3,KW_n2q3_1,1.467,2,1,control
n17q3,INST_n2q3_2,1.711,3,2,control
n17q3,INST_n2q3_1,1.5889999999999995,1,0,control
n17q3,BG_n2q3,1.834,5,4,control
n17q3,KW_n2q3_2,2.078,3,2,control
n17q3,KW_n2q3_3,1.222,4,3,control
n17q4,INST_n2q4_2b,1.222,1,0,control
n17q4,KW_n2q4_1,24.198999999999995,4,3,control
n17q4,INST_n2q4_1,0.245,1,0,control
n17q4,BG_n2q4,0.368,3,2,control
n17q4,INST_n2q4_2a,2.1999999999999997,1,0,control
n17q5,BG_n2q5,0.979,4,3,control
n17q5,INST_n2q5_1a,0.733,1,0,control
n17q5,INST_n2q5_1c,2.81,3,2,control
n17q5,INST_n2q5_1b,1.589,2,1,control
n18q1,KW_n2q1_4,1.1,1,0,control
n18q1,INST_n2q1_1,0.613,1,0,control
n18q1,KW_n2q1_1,1.4679999999999995,1,0,control
n18q1,BG_n2q1,0.244,2,1,control
n18q1,KW_n2q1_2,2.5660000000000003,2,1,control
n18q1,KW_n2q1_3,1.468,1,0,control
n18q2,KW_n2q2_3,0.855,1,0,control
n18q2,KW_n2q2_2,1.956,1,0,control
n18q2,INST_n2q2_1,1.7120000000000002,1,0,control
n18q2,BG_n2q2,0.489,1,0,control
n18q2,KW_n2q2_4,3.666999999999999,1,0,control
n18q2,KW_n2q2_1,4.278999999999999,1,0,control
n18q3,KW_n2q3_1,0.854,3,2,control
n18q3,INST_n2q3_2,2.2,1,0,control
n18q3,INST_n2q3_1,1.344,2,1,control
n18q3,BG_n2q3,1.7129999999999996,7,6,control
n18q3,KW_n2q3_2,0.978,2,1,control
n18q3,KW_n2q3_3,1.1,4,3,control
n18q4,INST_n2q4_2b,1.101,1,0,control
n18q4,KW_n2q4_1,21.022999999999996,5,4,control
n18q4,INST_n2q4_1,0.123,1,0,control
n18q4,BG_n2q4,0.855,5,4,control
n18q4,INST_n2q4_2a,0.736,1,0,control
n18q5,BG_n2q5,1.955,5,4,control
n18q5,INST_n2q5_1a,1.1,2,1,control
n18q5,INST_n2q5_1c,1.465,1,0,control
n18q5,INST_n2q5_1b,1.468,4,3,control
n19q1,KW_n2q1_4,1.589,1,0,control
n19q1,INST_n2q1_1,1.2239999999999998,1,0,control
n19q1,KW_n2q1_1,2.4569999999999994,1,0,control
n19q1,BG_n2q1,0.244,1,0,control
n19q1,KW_n2q1_2,2.324,1,0,control
n19q1,KW_n2q1_3,1.7119999999999995,1,0,control
n19q2,KW_n2q2_3,1.221,2,1,control
n19q2,KW_n2q2_2,1.101,1,0,control
n19q2,INST_n2q2_1,1.223,1,0,control
n19q2,BG_n2q2,0.368,3,2,control
n19q2,KW_n2q2_4,1.345,1,0,control
n19q2,KW_n2q2_1,1.8319999999999996,1,0,control
n19q3,KW_n2q3_1,1.343,2,1,control
n19q3,INST_n2q3_2,0.978,2,1,control
n19q3,INST_n2q3_1,1.222,1,0,control
n19q3,BG_n2q3,1.1,4,3,control
n19q3,KW_n2q3_2,0.978,2,1,control
n19q3,KW_n2q3_3,1.8340000000000003,3,2,control
n19q4,INST_n2q4_2b,1.099,3,2,control
n19q4,KW_n2q4_1,23.466,2,1,control
n19q4,INST_n2q4_1,0.0,0,0,control
n19q4,BG_n2q4,0.367,2,1,control
n19q4,INST_n2q4_2a,1.3469999999999998,1,0,control
n19q5,BG_n2q5,0.488,2,1,control
n19q5,INST_n2q5_1a,1.955,2,1,control
n19q5,INST_n2q5_1c,1.833,1,0,control
n19q5,INST_n2q5_1b,1.346,2,1,control
n2q1,KW_n2q1_4,4.768,1,0,control
n2q1,INST_n2q1_1,2.081,1,0,control
n2q1,KW_n2q1_1,3.546,2,1,control
n2q1,BG_n2q1,0.0,0,0,control
n2q1,KW_n2q1_2,1.223,2,1,control
n2q1,KW_n2q1_3,1.223,1,0,control
n2q2,KW_n2q2_3,2.4439999999999995,3,2,control
n2q2,KW_n2q2_2,1.5890000000000002,1,0,control
n2q2,INST_n2q2_1,1.9559999999999995,1,0,control
n2q2,BG_n2q2,0.489,3,2,control
n2q2,KW_n2q2_4,2.4449999999999994,4,3,control
n2q2,KW_n2q2_1,4.155999999999999,2,1,control
n2q3,KW_n2q3_1,2.321,4,3,control
n2q3,INST_n2q3_2,5.745999999999999,4,3,control
n2q3,INST_n2q3_1,0.246,1,0,control
n2q3,BG_n2q3,2.8089999999999997,7,6,control
n2q3,KW_n2q3_2,1.4680000000000002,2,1,control
n2q3,KW_n2q3_3,2.08,3,2,control
n2q4,INST_n2q4_2b,1.4659999999999995,3,2,control
n2q4,KW_n2q4_1,22.613999999999997,3,2,control
n2q4,INST_n2q4_1,0.245,1,0,control
n2q4,BG_n2q4,1.343,7,6,control
n2q4,INST_n2q4_2a,3.055999999999999,2,1,control
n2q5,BG_n2q5,1.3469999999999998,4,3,control
n2q5,INST_n2q5_1a,0.245,1,0,control
n2q5,INST_n2q5_1c,3.788999999999999,2,1,control
n2q5,INST_n2q5_1b,12.835999999999988,4,3,control
n20q1,KW_n2q1_4,0.978,2,1,control
n20q1,INST_n2q1_1,1.101,1,0,control
n20q1,KW_n2q1_1,2.446,4,3,control
n20q1,BG_n2q1,0.368,2,1,control
n20q1,KW_n2q1_2,1.713,3,2,control
n20q1,KW_n2q1_3,0.977,2,1,control
n20q2,KW_n2q2_3,0.856,1,0,control
n20q2,KW_n2q2_2,1.345,1,0,control
n20q2,INST_n2q2_1,1.1,1,0,control
n20q2,BG_n2q2,0.244,1,0,control
n20q2,KW_n2q2_4,1.222,1,0,control
n20q2,KW_n2q2_1,2.0779999999999994,1,0,control
n20q3,KW_n2q3_1,1.1,3,2,control
n20q3,INST_n2q3_2,1.957,1,0,control
n20q3,INST_n2q3_1,0.855,1,0,control
n20q3,BG_n2q3,1.3449999999999998,6,5,control
n20q3,KW_n2q3_2,1.099,2,1,control
n20q3,KW_n2q3_3,1.957,5,4,control
n20q4,INST_n2q4_2b,0.732,1,0,control
n20q4,KW_n2q4_1,21.266999999999992,2,1,control
n20q4,INST_n2q4_1,0.856,1,0,control
n20q4,BG_n2q4,0.0,0,0,control
n20q4,INST_n2q4_2a,1.588,2,1,control
n20q5,BG_n2q5,3.0539999999999985,6,5,control
n20q5,INST_n2q5_1a,0.734,3,2,control
n20q5,INST_n2q5_1c,1.345,1,0,control
n20q5,INST_n2q5_1b,2.689000000000001,3,2,control
n3q1,KW_n2q1_4,7.457999999999999,2,1,control
n3q1,INST_n2q1_1,0.735,1,0,control
n3q1,KW_n2q1_1,4.033999999999999,2,1,control
n3q1,BG_n2q1,0.611,3,2,control
n3q1,KW_n2q1_2,2.08,3,2,control
n3q1,KW_n2q1_3,2.201,2,1,control
n3q2,KW_n2q2_3,2.4449999999999994,1,0,control
n3q2,KW_n2q2_2,2.810999999999999,1,0,control
n3q2,INST_n2q2_1,0.733,1,0,control
n3q2,BG_n2q2,0.122,1,0,control
n3q2,KW_n2q2_4,2.688999999999999,1,0,control
n3q2,KW_n2q2_1,2.810999999999999,1,0,control
n3q3,KW_n2q3_1,0.733,2,1,control
n3q3,INST_n2q3_2,3.422999999999999,1,0,control
n3q3,INST_n2q3_1,0.0,0,0,control
n3q3,BG_n2q3,4.033999999999999,5,4,control
n3q3,KW_n2q3_2,1.834,3,2,control
n3q3,KW_n2q3_3,1.465,2,1,control
n3q4,INST_n2q4_2b,3.666999999999999,1,0,control
n3q4,KW_n2q4_1,20.04599999999999,2,1,control
n3q4,INST_n2q4_1,0.0,0,0,control
n3q4,BG_n2q4,0.856,4,3,control
n3q4,INST_n2q4_2a,2.5669999999999997,2,1,control
n3q5,BG_n2q5,2.326,4,3,control
n3q5,INST_n2q5_1a,0.366,1,0,control
n3q5,INST_n2q5_1c,3.477999999999999,3,2,control
n3q5,INST_n2q5_1b,4.816,5,4,control
n4q1,KW_n2q1_4,1.4669999999999996,2,1,control
n4q1,INST_n2q1_1,0.0,0,0,control
n4q1,KW_n2q1_1,4.648,2,1,control
n4q1,BG_n2q1,1.589,5,4,control
n4q1,KW_n2q1_2,0.734,1,0,control
n4q1,KW_n2q1_3,1.2239999999999998,1,0,control
n4q2,KW_n2q2_3,2.3219999999999987,1,0,control
n4q2,KW_n2q2_2,1.1,2,1,control
n4q2,INST_n2q2_1,0.978,2,1,control
n4q2,BG_n2q2,0.612,3,2,control
n4q2,KW_n2q2_4,2.4450000000000003,2,1,control
n4q2,KW_n2q2_1,2.568,1,0,control
n4q3,KW_n2q3_1,2.688999999999999,2,1,control
n4q3,INST_n2q3_2,3.177999999999999,2,1,control
n4q3,INST_n2q3_1,2.568,1,0,control
n4q3,BG_n2q3,0.612,3,2,control
n4q3,KW_n2q3_2,1.223,2,1,control
n4q3,KW_n2q3_3,3.422,4,3,control
n4q4,INST_n2q4_2b,3.667999999999999,4,3,control
n4q4,KW_n2q4_1,26.402,7,6,control
n4q4,INST_n2q4_1,1.3450000000000002,4,3,control
n4q4,BG_n2q4,1.099,5,4,control
n4q4,INST_n2q4_2a,4.767999999999999,2,1,control
n4q5,BG_n2q5,1.4659999999999995,6,5,control
n4q5,INST_n2q5_1a,1.59,2,1,control
n4q5,INST_n2q5_1c,2.810999999999999,2,1,control
n4q5,INST_n2q5_1b,1.5899999999999996,2,1,control
n5q1,KW_n2q1_4,2.6899999999999995,2,1,control
n5q1,INST_n2q1_1,1.101,1,0,control
n5q1,KW_n2q1_1,4.523999999999999,1,0,control
n5q1,BG_n2q1,0.122,1,0,control
n5q1,KW_n2q1_2,1.346,1,0,control
n5q1,KW_n2q1_3,2.079,1,0,control
n5q2,KW_n2q2_3,4.399999999999999,2,1,control
n5q2,KW_n2q2_2,1.834,2,1,control
n5q2,INST_n2q2_1,1.468,2,1,control
n5q2,BG_n2q2,0.488,3,2,control
n5q2,KW_n2q2_4,3.546,1,0,control
n5q2,KW_n2q2_1,3.177999999999999,1,0,control
n5q3,KW_n2q3_1,1.956,3,2,control
n5q3,INST_n2q3_2,3.911999999999999,2,1,control
n5q3,INST_n2q3_1,2.5669999999999997,2,1,control
n5q3,BG_n2q3,1.222,5,4,control
n5q3,KW_n2q3_2,1.1,2,1,control
n5q3,KW_n2q3_3,2.3229999999999995,3,2,control
n5q4,INST_n2q4_2b,2.688999999999999,1,0,control
n5q4,KW_n2q4_1,13.32299999999999,4,3,control
n5q4,INST_n2q4_1,0.489,2,1,control
n5q4,BG_n2q4,0.612,2,1,control
n5q4,INST_n2q4_2a,3.422999999999999,1,0,control
n5q5,BG_n2q5,3.302999999999999,5,4,control
n5q5,INST_n2q5_1a,0.733,2,1,control
n5q5,INST_n2q5_1c,2.688999999999999,2,1,control
n5q5,INST_n2q5_1b,2.076999999999999,4,3,control
n6q1,KW_n2q1_4,2.8119999999999994,3,2,control
n6q1,INST_n2q1_1,0.734,1,0,control
n6q1,KW_n2q1_1,2.690999999999999,3,2,control
n6q1,BG_n2q1,1.222,4,3,control
n6q1,KW_n2q1_2,0.979,1,0,control
n6q1,KW_n2q1_3,1.101,1,0,control
n6q2,KW_n2q2_3,7.700999999999999,4,3,control
n6q2,KW_n2q2_2,8.798999999999998,2,1,control
n6q2,INST_n2q2_1,0.977,1,0,control
n6q2,BG_n2q2,0.367,3,2,control
n6q2,KW_n2q2_4,2.687999999999999,2,1,control
n6q2,KW_n2q2_1,5.990999999999999,1,0,control
n6q3,KW_n2q3_1,1.101,4,3,control
n6q3,INST_n2q3_2,4.277999999999999,3,2,control
n6q3,INST_n2q3_1,3.666999999999999,3,2,control
n6q3,BG_n2q3,0.734,4,3,control
n6q3,KW_n2q3_2,1.711,3,2,control
n6q3,KW_n2q3_3,1.4669999999999996,3,2,control
n6q4,INST_n2q4_2b,1.956,2,1,control
n6q4,KW_n2q4_1,15.278999999999986,6,5,control
n6q4,INST_n2q4_1,0.978,2,1,control
n6q4,BG_n2q4,1.468,4,3,control
n6q4,INST_n2q4_2a,5.255999999999999,4,3,control
n6q5,BG_n2q5,3.913,7,6,control
n6q5,INST_n2q5_1a,1.833,3,2,control
n6q5,INST_n2q5_1c,1.7119999999999995,2,1,control
n6q5,INST_n2q5_1b,0.244,2,1,control
n7q1,KW_n2q1_4,2.323,4,3,control
n7q1,INST_n2q1_1,0.373,1,0,control
n7q1,KW_n2q1_1,7.093,1,0,control
n7q1,BG_n2q1,1.5909999999999995,6,5,control
n7q1,KW_n2q1_2,0.611,1,0,control
n7q1,KW_n2q1_3,1.223,2,1,control
n7q2,KW_n2q2_3,2.809999999999999,2,1,control
n7q2,KW_n2q2_2,3.911999999999999,1,0,control
n7q2,INST_n2q2_1,1.222,1,0,control
n7q2,BG_n2q2,1.347,7,6,control
n7q2,KW_n2q2_4,3.666,5,4,control
n7q2,KW_n2q2_1,5.377999999999998,2,1,control
n7q3,KW_n2q3_1,0.733,2,1,control
n7q3,INST_n2q3_2,3.4209999999999985,3,2,control
n7q3,INST_n2q3_1,1.833,1,0,control
n7q3,BG_n2q3,0.978,4,3,control
n7q3,KW_n2q3_2,1.346,3,2,control
n7q3,KW_n2q3_3,2.810999999999999,4,3,control
n7q4,INST_n2q4_2b,2.0779999999999994,4,3,control
n7q4,KW_n2q4_1,30.315,4,3,control
n7q4,INST_n2q4_1,0.245,1,0,control
n7q4,BG_n2q4,2.0779999999999994,8,7,control
n7q4,INST_n2q4_2a,2.810999999999999,4,3,control
n7q5,BG_n2q5,1.467,2,1,control
n7q5,INST_n2q5_1a,0.244,1,0,control
n7q5,INST_n2q5_1c,3.054999999999999,1,0,control
n7q5,INST_n2q5_1b,2.568,3,2,control
n8q1,KW_n2q1_4,3.299999999999999,2,1,control
n8q1,INST_n2q1_1,0.369,1,0,control
n8q1,KW_n2q1_1,1.1,3,2,control
n8q1,BG_n2q1,0.856,4,3,control
n8q1,KW_n2q1_2,1.101,2,1,control
n8q1,KW_n2q1_3,4.525,1,0,control
n8q2,KW_n2q2_3,0.856,1,0,control
n8q2,KW_n2q2_2,1.7119999999999995,1,0,control
n8q2,INST_n2q2_1,2.8109999999999995,2,1,control
n8q2,BG_n2q2,2.568,6,5,control
n8q2,KW_n2q2_4,1.222,1,0,control
n8q2,KW_n2q2_1,1.589,3,2,control
n8q3,KW_n2q3_1,1.343,3,2,control
n8q3,INST_n2q3_2,3.422999999999999,2,1,control
n8q3,INST_n2q3_1,1.7109999999999994,1,0,control
n8q3,BG_n2q3,1.9559999999999984,8,7,control
n8q3,KW_n2q3_2,1.223,2,1,control
n8q3,KW_n2q3_3,1.5890000000000006,3,2,control
n8q4,INST_n2q4_2b,3.789999999999999,2,1,control
n8q4,KW_n2q4_1,15.891999999999983,3,2,control
n8q4,INST_n2q4_1,0.611,2,1,control
n8q4,BG_n2q4,1.467,4,3,control
n8q4,INST_n2q4_2a,3.056,3,2,control
n8q5,BG_n2q5,3.786999999999999,14,13,control
n8q5,INST_n2q5_1a,1.955,2,1,control
n8q5,INST_n2q5_1c,3.056999999999999,7,6,control
n8q5,INST_n2q5_1b,2.935,5,4,control
n9q1,KW_n2q1_4,3.18,3,2,control
n9q1,INST_n2q1_1,0.245,1,0,control
n9q1,KW_n2q1_1,0.979,3,2,control
n9q1,BG_n2q1,5.499999999999999,8,7,control
n9q1,KW_n2q1_2,2.446999999999999,1,0,control
n9q1,KW_n2q1_3,1.7119999999999995,3,2,control
n9q2,KW_n2q2_3,1.223,3,2,control
n9q2,KW_n2q2_2,3.055999999999999,1,0,control
n9q2,INST_n2q2_1,1.834,1,0,control
n9q2,BG_n2q2,2.4449999999999994,6,5,control
n9q2,KW_n2q2_4,1.588,1,0,control
n9q2,KW_n2q2_1,3.177999999999999,2,1,control
n9q3,KW_n2q3_1,1.1,2,1,control
n9q3,INST_n2q3_2,6.234000000000001,2,1,control
n9q3,INST_n2q3_1,4.034999999999999,1,0,control
n9q3,BG_n2q3,0.856,4,3,control
n9q3,KW_n2q3_2,1.3450000000000015,2,1,control
n9q3,KW_n2q3_3,2.200999999999998,2,1,control
n9q4,INST_n2q4_2b,2.2,5,4,control
n9q4,KW_n2q4_1,19.802999999999997,3,2,control
n9q4,INST_n2q4_1,2.443999999999999,1,0,control
n9q4,BG_n2q4,2.320999999999996,7,6,control
n9q4,INST_n2q4_2a,5.501,2,1,control
n9q5,BG_n2q5,3.421,6,5,control
n9q5,INST_n2q5_1a,2.688999999999999,3,2,control
n9q5,INST_n2q5_1c,1.3449999999999998,3,2,control
n9q5,INST_n2q5_1b,1.835,2,1,control
m1q1,KW_n2q1_4,1.833,3,2,mci
m1q1,INST_n2q1_1,2.914,5,4,mci
m1q1,KW_n2q1_1,1.71,4,3,mci
m1q1,BG_n2q1,1.4250000000000005,8,7,mci
m1q1,KW_n2q1_2,2.446,5,4,mci
m1q1,KW_n2q1_3,1.3449999999999998,4,3,mci
m1q2,KW_n2q2_3,4.154999999999998,8,7,mci
m1q2,KW_n2q2_2,1.8329999999999995,1,0,mci
m1q2,INST_n2q2_1,0.611,2,1,mci
m1q2,BG_n2q2,1.9559999999999984,8,7,mci
m1q2,KW_n2q2_4,2.077,4,3,mci
m1q2,KW_n2q2_1,4.890999999999999,3,2,mci
m1q3,KW_n2q3_1,0.489,1,0,mci
m1q3,INST_n2q3_2,3.301,4,3,mci
m1q3,INST_n2q3_1,1.468,2,1,mci
m1q3,BG_n2q3,2.5649999999999995,7,6,mci
m1q3,KW_n2q3_2,0.368,3,2,mci
m1q3,KW_n2q3_3,0.0,0,0,mci
m1q4,INST_n2q4_2b,3.302,5,4,mci
m1q4,KW_n2q4_1,22.49299999999999,13,12,mci
m1q4,INST_n2q4_1,2.199,5,4,mci
m1q4,BG_n2q4,3.7879999999999994,14,13,mci
m1q4,INST_n2q4_2a,5.501000000000001,10,9,mci
m1q5,BG_n2q5,4.033,10,9,mci
m1q5,INST_n2q5_1a,1.712,4,3,mci
m1q5,INST_n2q5_1c,0.365,1,0,mci
m1q5,INST_n2q5_1b,1.835,5,4,mci
m10q1,KW_n2q1_4,5.622000000000001,3,2,mci
m10q1,INST_n2q1_1,0.619,1,0,mci
m10q1,KW_n2q1_1,17.60999999999999,6,5,mci
m10q1,BG_n2q1,1.956,7,6,mci
m10q1,KW_n2q1_2,5.866999999999999,5,4,mci
m10q1,KW_n2q1_3,3.055999999999999,1,0,mci
m10q2,KW_n2q2_3,14.542999999999992,11,10,mci
m10q2,KW_n2q2_2,5.621999999999998,6,5,mci
m10q2,INST_n2q2_1,5.499999999999999,3,2,mci
m10q2,BG_n2q2,3.3009999999999997,18,17,mci
m10q2,KW_n2q2_4,5.134999999999995,8,7,mci
m10q2,KW_n2q2_1,10.268999999999991,12,11,mci
m10q3,KW_n2q3_1,3.6679999999999993,5,4,mci
m10q3,INST_n2q3_2,5.011,2,1,mci
m10q3,INST_n2q3_1,3.5439999999999987,3,2,mci
m10q3,BG_n2q3,3.058,9,8,mci
m10q3,KW_n2q3_2,2.442,4,3,mci
m10q3,KW_n2q3_3,3.668,6,5,mci
m10q4,INST_n2q4_2b,10.145999999999995,11,10,mci
m10q4,KW_n2q4_1,32.639,20,19,mci
m10q4,INST_n2q4_1,5.866999999999998,15,14,mci
m10q4,BG_n2q4,11.001999999999995,28,27,mci
m10q4,INST_n2q4_2a,13.568999999999988,18,17,mci
m10q5,BG_n2q5,4.521999999999999,9,8,mci
m10q5,INST_n2q5_1a,0.367,1,0,mci
m10q5,INST_n2q5_1c,2.078999999999999,6,5,mci
m10q5,INST_n2q5_1b,1.7110000000000007,4,3,mci
m11q1,KW_n2q1_4,4.034999999999999,2,1,mci
m11q1,INST_n2q1_1,0.373,2,1,mci
m11q1,KW_n2q1_1,17.116999999999987,8,7,mci
m11q1,BG_n2q1,3.916,11,10,mci
m11q1,KW_n2q1_2,5.376999999999999,6,5,mci
m11q1,KW_n2q1_3,4.521999999999999,1,0,mci
m11q2,KW_n2q2_3,20.53799999999999,8,7,mci
m11q2,KW_n2q2_2,13.687999999999988,10,9,mci
m11q2,INST_n2q2_1,2.5669999999999997,4,3,mci
m11q2,BG_n2q2,2.326,13,12,mci
m11q2,KW_n2q2_4,2.201,2,1,mci
m11q2,KW_n2q2_1,11.48799999999999,7,6,mci
m11q3,KW_n2q3_1,2.078,2,1,mci
m11q3,INST_n2q3_2,3.3009999999999997,2,1,mci
m11q3,INST_n2q3_1,2.0779999999999994,1,0,mci
m11q3,BG_n2q3,2.321,5,4,mci
m11q3,KW_n2q3_2,1.222,2,1,mci
m11q3,KW_n2q3_3,1.8359999999999996,2,1,mci
m11q4,INST_n2q4_2b,14.667999999999983,15,14,mci
m11q4,KW_n2q4_1,11.122999999999996,12,11,mci
m11q4,INST_n2q4_1,3.544,10,9,mci
m11q4,BG_n2q4,9.779999999999994,25,24,mci
m11q4,INST_n2q4_2a,10.878999999999994,10,9,mci
m11q5,BG_n2q5,7.823999999999998,13,12,mci
m11q5,INST_n2q5_1a,3.054999999999999,7,6,mci
m11q5,INST_n2q5_1c,3.3,5,4,mci
m11q5,INST_n2q5_1b,2.566,3,2,mci
m12q1,KW_n2q1_4,3.67,6,5,mci
m12q1,INST_n2q1_1,0.733,2,1,mci
m12q1,KW_n2q1_1,3.790999999999997,7,6,mci
m12q1,BG_n2q1,9.409999999999998,20,19,mci
m12q1,KW_n2q1_2,2.570000000000001,8,7,mci
m12q1,KW_n2q1_3,2.811,6,5,mci
m12q2,KW_n2q2_3,2.077,1,0,mci
m12q2,KW_n2q2_2,0.857,1,0,mci
m12q2,INST_n2q2_1,0.733,1,0,mci
m12q2,BG_n2q2,0.489,3,2,mci
m12q2,KW_n2q2_4,0.733,1,0,mci
m12q2,KW_n2q2_1,5.377999999999998,4,3,mci
m12q3,KW_n2q3_1,4.276999999999998,11,10,mci
m12q3,INST_n2q3_2,5.010999999999999,4,3,mci
m12q3,INST_n2q3_1,5.743999999999999,5,4,mci
m12q3,BG_n2q3,3.670000000000001,17,16,mci
m12q3,KW_n2q3_2,2.320999999999998,7,6,mci
m12q3,KW_n2q3_3,2.0810000000000004,7,6,mci
m12q4,INST_n2q4_2b,6.360999999999999,11,10,mci
m12q4,KW_n2q4_1,4.643999999999999,6,5,mci
m12q4,INST_n2q4_1,0.857,4,3,mci
m12q4,BG_n2q4,7.327999999999998,21,20,mci
m12q4,INST_n2q4_2a,5.989999999999998,7,6,mci
m12q5,BG_n2q5,2.5669999999999997,7,6,mci
m12q5,INST_n2q5_1a,1.711,2,1,mci
m12q5,INST_n2q5_1c,0.122,1,0,mci
m12q5,INST_n2q5_1b,1.5889999999999995,4,3,mci
m13q1,KW_n2q1_4,2.81,5,4,mci
m13q1,INST_n2q1_1,0.612,2,1,mci
m13q1,KW_n2q1_1,8.925999999999997,6,5,mci
m13q1,BG_n2q1,12.226999999999991,19,18,mci
m13q1,KW_n2q1_2,1.9559999999999989,4,3,mci
m13q1,KW_n2q1_3,2.8119999999999976,9,8,mci
m13q2,KW_n2q2_3,5.987999999999999,7,6,mci
m13q2,KW_n2q2_2,3.421999999999999,6,5,mci
m13q2,INST_n2q2_1,3.421999999999999,4,3,mci
m13q2,BG_n2q2,3.426999999999998,14,13,mci
m13q2,KW_n2q2_4,3.666999999999999,6,5,mci
m13q2,KW_n2q2_1,7.089,13,12,mci
m13q3,KW_n2q3_1,1.954,3,2,mci
m13q3,INST_n2q3_2,2.078,2,1,mci
m13q3,INST_n2q3_1,1.467,1,0,mci
m13q3,BG_n2q3,0.368,3,2,mci
m13q3,KW_n2q3_2,0.979,2,1,mci
m13q3,KW_n2q3_3,1.589,4,3,mci
m13q4,INST_n2q4_2b,6.843999999999999,7,6,mci
m13q4,KW_n2q4_1,23.957999999999995,13,12,mci
m13q4,INST_n2q4_1,2.323999999999998,7,6,mci
m13q4,BG_n2q4,5.622999999999999,18,17,mci
m13q4,INST_n2q4_2a,10.387999999999996,12,11,mci
m13q5,BG_n2q5,5.015,7,6,mci
m13q5,INST_n2q5_1a,0.244,1,0,mci
m13q5,INST_n2q5_1c,0.733,4,3,mci
m13q5,INST_n2q5_1b,1.588,4,3,mci
m14q1,KW_n2q1_4,5.622999999999998,2,1,mci
m14q1,INST_n2q1_1,0.741,1,0,mci
m14q1,KW_n2q1_1,6.479999999999999,1,0,mci
m14q1,BG_n2q1,1.5910000000000002,7,6,mci
m14q1,KW_n2q1_2,7.579999999999998,5,4,mci
m14q1,KW_n2q1_3,7.210999999999997,3,2,mci
m14q2,KW_n2q2_3,5.744999999999998,3,2,mci
m14q2,KW_n2q2_2,6.233999999999999,2,1,mci
m14q2,INST_n2q2_1,2.688999999999999,1,0,mci
m14q2,BG_n2q2,1.344,4,3,mci
m14q2,KW_n2q2_4,9.166999999999998,3,2,mci
m14q2,KW_n2q2_1,16.746999999999986,5,4,mci
m14q3,KW_n2q3_1,3.299999999999999,3,2,mci
m14q3,INST_n2q3_2,4.522999999999999,1,0,mci
m14q3,INST_n2q3_1,2.568,2,1,mci
m14q3,BG_n2q3,1.9560000000000013,7,6,mci
m14q3,KW_n2q3_2,3.544999999999999,5,4,mci
m14q3,KW_n2q3_3,6.966999999999998,7,6,mci
m14q4,INST_n2q4_2b,3.791,5,4,mci
m14q4,KW_n2q4_1,20.535999999999994,12,11,mci
m14q4,INST_n2q4_1,7.745999999999999,7,6,mci
m14q4,BG_n2q4,4.898999999999999,14,13,mci
m14q4,INST_n2q4_2a,5.499999999999999,10,9,mci
m14q5,BG_n2q5,2.690999999999999,9,8,mci
m14q5,INST_n2q5_1a,0.367,1,0,mci
m14q5,INST_n2q5_1c,2.076,7,6,mci
m14q5,INST_n2q5_1b,3.3009999999999997,5,4,mci
m15q1,KW_n2q1_4,0.244,1,0,mci
m15q1,INST_n2q1_1,0.741,1,0,mci
m15q1,KW_n2q1_1,10.881999999999993,4,3,mci
m15q1,BG_n2q1,3.1789999999999994,8,7,mci
m15q1,KW_n2q1_2,8.801999999999998,6,5,mci
m15q1,KW_n2q1_3,15.414999999999983,2,1,mci
m15q2,KW_n2q2_3,6.477999999999999,4,3,mci
m15q2,KW_n2q2_2,5.499999999999998,4,3,mci
m15q2,INST_n2q2_1,6.723999999999998,7,6,mci
m15q2,BG_n2q2,1.7119999999999964,6,5,mci
m15q2,KW_n2q2_4,4.035000000000004,5,4,mci
m15q2,KW_n2q2_1,7.211999999999998,2,1,mci
m15q3,KW_n2q3_1,4.034999999999999,4,3,mci
m15q3,INST_n2q3_2,2.933,3,2,mci
m15q3,INST_n2q3_1,3.789,3,2,mci
m15q3,BG_n2q3,2.934,10,9,mci
m15q3,KW_n2q3_2,5.989999999999999,7,6,mci
m15q3,KW_n2q3_3,4.398999999999999,6,5,mci
m15q4,INST_n2q4_2b,5.251999999999998,8,7,mci
m15q4,KW_n2q4_1,62.95099999999984,19,18,mci
m15q4,INST_n2q4_1,4.887000000000001,11,10,mci
m15q4,BG_n2q4,4.403999999999999,15,14,mci
m15q4,INST_n2q4_2a,9.412999999999997,13,12,mci
m15q5,BG_n2q5,3.667,6,5,mci
m15q5,INST_n2q5_1a,2.81,3,2,mci
m15q5,INST_n2q5_1c,0.978,1,0,mci
m15q5,INST_n2q5_1b,1.957,3,2,mci
m16q1,KW_n2q1_4,2.1999999999999997,3,2,mci
m16q1,INST_n2q1_1,0.979,2,1,mci
m16q1,KW_n2q1_1,7.949999999999998,4,3,mci
m16q1,BG_n2q1,3.668,7,6,mci
m16q1,KW_n2q1_2,0.856,1,0,mci
m16q1,KW_n2q1_3,0.489,2,1,mci
m16q2,KW_n2q2_3,1.957,5,4,mci
m16q2,KW_n2q2_2,2.932999999999999,4,3,mci
m16q2,INST_n2q2_1,1.9550000000000016,3,2,mci
m16q2,BG_n2q2,3.057999999999999,7,6,mci
m16q2,KW_n2q2_4,2.565999999999998,3,2,mci
m16q2,KW_n2q2_1,4.277999999999999,4,3,mci
m16q3,KW_n2q3_1,4.521999999999998,7,6,mci
m16q3,INST_n2q3_2,2.079,2,1,mci
m16q3,INST_n2q3_1,1.834,3,2,mci
m16q3,BG_n2q3,3.426,9,8,mci
m16q3,KW_n2q3_2,4.153,9,8,mci
m16q3,KW_n2q3_3,2.5649999999999995,6,5,mci
m16q4,INST_n2q4_2b,4.522999999999999,6,5,mci
m16q4,KW_n2q4_1,7.699999999999997,5,4,mci
m16q4,INST_n2q4_1,2.6899999999999995,7,6,mci
m16q4,BG_n2q4,4.887,13,12,mci
m16q4,INST_n2q4_2a,10.511999999999992,8,7,mci
m16q5,BG_n2q5,1.7120000000000002,3,2,mci
m16q5,INST_n2q5_1a,2.565999999999999,3,2,mci
m16q5,INST_n2q5_1c,0.733,1,0,mci
m16q5,INST_n2q5_1b,2.0779999999999994,2,1,mci
m17q1,KW_n2q1_4,0.855,2,1,mci
m17q1,INST_n2q1_1,1.8349999999999995,5,4,mci
m17q1,KW_n2q1_1,2.3209999999999997,4,3,mci
m17q1,BG_n2q1,2.813,7,6,mci
m17q1,KW_n2q1_2,1.959,5,4,mci
m17q1,KW_n2q1_3,1.101,1,0,mci
m17q2,KW_n2q2_3,0.611,3,2,mci
m17q2,KW_n2q2_2,0.98,4,3,mci
m17q2,INST_n2q2_1,2.201,5,4,mci
m17q2,BG_n2q2,1.5869999999999995,4,3,mci
m17q2,KW_n2q2_4,0.734,3,2,mci
m17q2,KW_n2q2_1,1.8330000000000004,5,4,mci
m17q3,KW_n2q3_1,1.466,3,2,mci
m17q3,INST_n2q3_2,1.223,1,0,mci
m17q3,INST_n2q3_1,1.957,3,2,mci
m17q3,BG_n2q3,1.956,4,3,mci
m17q3,KW_n2q3_2,1.344,3,2,mci
m17q3,KW_n2q3_3,2.321999999999999,4,3,mci
m17q4,INST_n2q4_2b,1.956,4,3,mci
m17q4,KW_n2q4_1,0.978,1,0,mci
m17q4,INST_n2q4_1,1.589,3,2,mci
m17q4,BG_n2q4,4.159,15,14,mci
m17q4,INST_n2q4_2a,15.399999999999986,12,11,mci
m17q5,BG_n2q5,2.567,10,9,mci
m17q5,INST_n2q5_1a,1.347,5,4,mci
m17q5,INST_n2q5_1c,0.367,2,1,mci
m17q5,INST_n2q5_1b,2.197,6,5,mci
m18q1,KW_n2q1_4,2.8119999999999994,6,5,mci
m18q1,INST_n2q1_1,0.981,3,2,mci
m18q1,KW_n2q1_1,7.335999999999998,3,2,mci
m18q1,BG_n2q1,3.911,11,10,mci
m18q1,KW_n2q1_2,5.625,4,3,mci
m18q1,KW_n2q1_3,3.1789999999999994,5,4,mci
m18q2,KW_n2q2_3,6.844999999999999,4,3,mci
m18q2,KW_n2q2_2,3.4259999999999997,7,6,mci
m18q2,INST_n2q2_1,1.221999999999999,2,1,mci
m18q2,BG_n2q2,3.421999999999999,8,7,mci
m18q2,KW_n2q2_4,6.111999999999998,3,2,mci
m18q2,KW_n2q2_1,4.887999999999998,5,4,mci
m18q3,KW_n2q3_1,6.243999999999998,5,4,mci
m18q3,INST_n2q3_2,2.810999999999999,1,0,mci
m18q3,INST_n2q3_1,2.2,1,0,mci
m18q3,BG_n2q3,0.489,4,3,mci
m18q3,KW_n2q3_2,2.935,4,3,mci
m18q3,KW_n2q3_3,7.088999999999998,5,4,mci
m18q4,INST_n2q4_2b,3.544999999999999,5,4,mci
m18q4,KW_n2q4_1,67.22899999999987,11,10,mci
m18q4,INST_n2q4_1,2.5669999999999997,5,4,mci
m18q4,BG_n2q4,2.8099999999999987,9,8,mci
m18q4,INST_n2q4_2a,5.377999999999998,8,7,mci
m18q5,BG_n2q5,4.034999999999999,8,7,mci
m18q5,INST_n2q5_1a,3.421999999999999,4,3,mci
m18q5,INST_n2q5_1c,0.244,1,0,mci
m18q5,INST_n2q5_1b,3.299999999999999,4,3,mci
m19q1,KW_n2q1_4,1.5900000000000003,5,4,mci
m19q1,INST_n2q1_1,0.858,1,0,mci
m19q1,KW_n2q1_1,4.279,8,7,mci
m19q1,BG_n2q1,8.066999999999998,19,18,mci
m19q1,KW_n2q1_2,6.235999999999997,12,11,mci
m19q1,KW_n2q1_3,4.157999999999999,4,3,mci
m19q2,KW_n2q2_3,4.764999999999999,7,6,mci
m19q2,KW_n2q2_2,8.675999999999997,7,6,mci
m19q2,INST_n2q2_1,0.734,1,0,mci
m19q2,BG_n2q2,2.813,9,8,mci
m19q2,KW_n2q2_4,1.467,2,1,mci
m19q2,KW_n2q2_1,8.925999999999997,10,9,mci
m19q3,KW_n2q3_1,2.322,6,5,mci
m19q3,INST_n2q3_2,2.1999999999999997,1,0,mci
m19q3,INST_n2q3_1,2.8119999999999994,4,3,mci
m19q3,BG_n2q3,2.933,13,12,mci
m19q3,KW_n2q3_2,1.466,4,3,mci
m19q3,KW_n2q3_3,2.446,5,4,mci
m19q4,INST_n2q4_2b,4.278999999999999,5,4,mci
m19q4,KW_n2q4_1,51.95099999999992,12,11,mci
m19q4,INST_n2q4_1,1.955,7,6,mci
m19q4,BG_n2q4,3.6679999999999993,9,8,mci
m19q4,INST_n2q4_2a,4.644999999999999,5,4,mci
m19q5,BG_n2q5,8.918999999999995,10,9,mci
m19q5,INST_n2q5_1a,2.569,3,2,mci
m19q5,INST_n2q5_1c,0.367,1,0,mci
m19q5,INST_n2q5_1b,1.836,7,6,mci
m2q1,KW_n2q1_4,5.989999999999998,3,2,mci
m2q1,INST_n2q1_1,2.935999999999999,3,2,mci
m2q1,KW_n2q1_1,9.535999999999994,3,2,mci
m2q1,BG_n2q1,2.3229999999999995,7,6,mci
m2q1,KW_n2q1_2,6.844999999999998,3,2,mci
m2q1,KW_n2q1_3,5.622999999999999,6,5,mci
m2q2,KW_n2q2_3,4.888999999999999,6,5,mci
m2q2,KW_n2q2_2,5.989999999999999,4,3,mci
m2q2,INST_n2q2_1,7.087999999999997,4,3,mci
m2q2,BG_n2q2,5.256999999999999,16,15,mci
m2q2,KW_n2q2_4,4.891,10,9,mci
m2q2,KW_n2q2_1,7.0909999999999975,3,2,mci
m2q3,KW_n2q3_1,3.1789999999999994,2,1,mci
m2q3,INST_n2q3_2,4.398999999999998,2,1,mci
m2q3,INST_n2q3_1,1.5909999999999995,1,0,mci
m2q3,BG_n2q3,2.0789999999999997,9,8,mci
m2q3,KW_n2q3_2,2.3189999999999995,5,4,mci
m2q3,KW_n2q3_3,4.767999999999999,5,4,mci
m2q4,INST_n2q4_2b,1.833,1,0,mci
m2q4,KW_n2q4_1,31.29,12,11,mci
m2q4,INST_n2q4_1,1.837,4,3,mci
m2q4,BG_n2q4,2.079000000000004,9,8,mci
m2q4,INST_n2q4_2a,8.066999999999998,10,9,mci
m2q5,BG_n2q5,8.187,19,18,mci
m2q5,INST_n2q5_1a,1.224,3,2,mci
m2q5,INST_n2q5_1c,6.481999999999997,14,13,mci
m2q5,INST_n2q5_1b,4.521999999999999,8,7,mci
m20q1,KW_n2q1_4,1.591,5,4,mci
m20q1,INST_n2q1_1,2.5699999999999994,3,2,mci
m20q1,KW_n2q1_1,7.947999999999998,4,3,mci
m20q1,BG_n2q1,2.5649999999999995,10,9,mci
m20q1,KW_n2q1_2,4.277999999999997,6,5,mci
m20q1,KW_n2q1_3,5.013000000000001,8,7,mci
m20q2,KW_n2q2_3,3.301000000000002,4,3,mci
m20q2,KW_n2q2_2,6.474000000000003,14,13,mci
m20q2,INST_n2q2_1,5.744999999999998,7,6,mci
m20q2,BG_n2q2,7.092999999999996,21,20,mci
m20q2,KW_n2q2_4,4.399999999999997,8,7,mci
m20q2,KW_n2q2_1,8.433999999999997,10,9,mci
m20q3,KW_n2q3_1,1.4679999999999995,3,2,mci
m20q3,INST_n2q3_2,1.9559999999999995,3,2,mci
m20q3,INST_n2q3_1,1.465,3,2,mci
m20q3,BG_n2q3,2.2,7,6,mci
m20q3,KW_n2q3_2,0.611,2,1,mci
m20q3,KW_n2q3_3,1.222,3,2,mci
m20q4,INST_n2q4_2b,5.990999999999999,8,7,mci
m20q4,KW_n2q4_1,9.658999999999995,8,7,mci
m20q4,INST_n2q4_1,1.5879999999999996,4,3,mci
m20q4,BG_n2q4,5.744999999999996,18,17,mci
m20q4,INST_n2q4_2a,7.577000000000001,13,12,mci
m20q5,BG_n2q5,6.355999999999999,8,7,mci
m20q5,INST_n2q5_1a,0.733,1,0,mci
m20q5,INST_n2q5_1c,0.245,1,0,mci
m20q5,INST_n2q5_1b,5.012,7,6,mci
m3q1,KW_n2q1_4,1.4659999999999995,4,3,mci
m3q1,INST_n2q1_1,2.082,4,3,mci
m3q1,KW_n2q1_1,4.038,7,6,mci
m3q1,BG_n2q1,5.131999999999999,17,16,mci
m3q1,KW_n2q1_2,2.4449999999999994,6,5,mci
m3q1,KW_n2q1_3,1.467,4,3,mci
m3q2,KW_n2q2_3,2.4460000000000006,3,2,mci
m3q2,KW_n2q2_2,4.277999999999999,8,7,mci
m3q2,INST_n2q2_1,2.3200000000000003,3,2,mci
m3q2,BG_n2q2,5.379,15,14,mci
m3q2,KW_n2q2_4,4.274,6,5,mci
m3q2,KW_n2q2_1,2.325,5,4,mci
m3q3,KW_n2q3_1,1.3450000000000002,2,1,mci
m3q3,INST_n2q3_2,1.467,2,1,mci
m3q3,INST_n2q3_1,1.955,3,2,mci
m3q3,BG_n2q3,2.3229999999999995,10,9,mci
m3q3,KW_n2q3_2,0.857,2,1,mci
m3q3,KW_n2q3_3,1.955,5,4,mci
m3q4,INST_n2q4_2b,3.544999999999999,4,3,mci
m3q4,KW_n2q4_1,56.10599999999987,22,21,mci
m3q4,INST_n2q4_1,2.9360000000000017,5,4,mci
m3q4,BG_n2q4,4.522999999999993,19,18,mci
m3q4,INST_n2q4_2a,5.743999999999999,15,14,mci
m3q5,BG_n2q5,5.254999999999999,13,12,mci
m3q5,INST_n2q5_1a,4.765999999999998,8,7,mci
m3q5,INST_n2q5_1c,0.856,2,1,mci
m3q5,INST_n2q5_1b,2.08,6,5,mci
m4q1,KW_n2q1_4,1.347,1,0,mci
m4q1,INST_n2q1_1,1.101,1,0,mci
m4q1,KW_n2q1_1,3.055,4,3,mci
m4q1,BG_n2q1,2.321,7,6,mci
m4q1,KW_n2q1_2,1.105,5,4,mci
m4q1,KW_n2q1_3,0.855,1,0,mci
m4q2,KW_n2q2_3,3.0580000000000007,7,6,mci
m4q2,KW_n2q2_2,2.691,4,3,mci
m4q2,INST_n2q2_1,4.644999999999999,4,3,mci
m4q2,BG_n2q2,9.411999999999995,22,21,mci
m4q2,KW_n2q2_4,5.619999999999998,7,6,mci
m4q2,KW_n2q2_1,3.911999999999999,8,7,mci
m4q3,KW_n2q3_1,0.856,3,2,mci
m4q3,INST_n2q3_2,1.1,1,0,mci
m4q3,INST_n2q3_1,0.367,1,0,mci
m4q3,BG_n2q3,0.978,4,3,mci
m4q3,KW_n2q3_2,1.099,3,2,mci
m4q3,KW_n2q3_3,1.345,2,1,mci
m4q4,INST_n2q4_2b,1.1010000000000009,2,1,mci
m4q4,KW_n2q4_1,25.057,8,7,mci
m4q4,INST_n2q4_1,0.612,2,1,mci
m4q4,BG_n2q4,1.344,8,7,mci
m4q4,INST_n2q4_2a,1.223,5,4,mci
m4q5,BG_n2q5,7.332999999999997,17,16,mci
m4q5,INST_n2q5_1a,3.177,3,2,mci
m4q5,INST_n2q5_1c,1.955,6,5,mci
m4q5,INST_n2q5_1b,6.358,10,9,mci
m5q1,KW_n2q1_4,3.910999999999999,8,7,mci
m5q1,INST_n2q1_1,1.9569999999999992,3,2,mci
m5q1,KW_n2q1_1,8.600999999999997,8,7,mci
m5q1,BG_n2q1,6.358999999999999,21,20,mci
m5q1,KW_n2q1_2,5.379,10,9,mci
m5q1,KW_n2q1_3,1.835,4,3,mci
m5q2,KW_n2q2_3,5.499999999999999,9,8,mci
m5q2,KW_n2q2_2,4.402,5,4,mci
m5q2,INST_n2q2_1,2.813,4,3,mci
m5q2,BG_n2q2,5.743999999999999,16,15,mci
m5q2,KW_n2q2_4,3.7889999999999984,11,10,mci
m5q2,KW_n2q2_1,2.688,5,4,mci
m5q3,KW_n2q3_1,0.733,4,3,mci
m5q3,INST_n2q3_2,0.979,2,1,mci
m5q3,INST_n2q3_1,0.611,2,1,mci
m5q3,BG_n2q3,1.467,6,5,mci
m5q3,KW_n2q3_2,1.833,3,2,mci
m5q3,KW_n2q3_3,1.222,3,2,mci
m5q4,INST_n2q4_2b,1.833,2,1,mci
m5q4,KW_n2q4_1,26.528,10,9,mci
m5q4,INST_n2q4_1,1.7110000000000016,3,2,mci
m5q4,BG_n2q4,3.174999999999997,13,12,mci
m5q4,INST_n2q4_2a,4.401999999999999,10,9,mci
m5q5,BG_n2q5,3.4239999999999986,8,7,mci
m5q5,INST_n2q5_1a,2.4459999999999984,4,3,mci
m5q5,INST_n2q5_1c,0.855,3,2,mci
m5q5,INST_n2q5_1b,1.221,3,2,mci
m6q1,KW_n2q1_4,3.911,6,5,mci
m6q1,INST_n2q1_1,5.501,5,4,mci
m6q1,KW_n2q1_1,8.803999999999993,8,7,mci
m6q1,BG_n2q1,4.521000000000002,14,13,mci
m6q1,KW_n2q1_2,6.354999999999998,10,9,mci
m6q1,KW_n2q1_3,4.398999999999998,5,4,mci
m6q2,KW_n2q2_3,3.1789999999999994,6,5,mci
m6q2,KW_n2q2_2,7.087,12,11,mci
m6q2,INST_n2q2_1,4.889999999999998,7,6,mci
m6q2,BG_n2q2,4.160999999999999,17,16,mci
m6q2,KW_n2q2_4,5.619999999999997,9,8,mci
m6q2,KW_n2q2_1,6.477000000000002,9,8,mci
m6q3,KW_n2q3_1,1.2239999999999998,3,2,mci
m6q3,INST_n2q3_2,2.445,3,2,mci
m6q3,INST_n2q3_1,1.222,1,0,mci
m6q3,BG_n2q3,1.9549999999999992,4,3,mci
m6q3,KW_n2q3_2,1.343,3,2,mci
m6q3,KW_n2q3_3,3.055,5,4,mci
m6q4,INST_n2q4_2b,6.968999999999999,11,10,mci
m6q4,KW_n2q4_1,16.501999999999985,17,16,mci
m6q4,INST_n2q4_1,4.887999999999998,9,8,mci
m6q4,BG_n2q4,7.822999999999999,25,24,mci
m6q4,INST_n2q4_2a,16.618999999999986,19,18,mci
m6q5,BG_n2q5,5.865999999999998,9,8,mci
m6q5,INST_n2q5_1a,2.2029999999999994,4,3,mci
m6q5,INST_n2q5_1c,2.6899999999999995,4,3,mci
m6q5,INST_n2q5_1b,2.932999999999999,3,2,mci
m7q1,KW_n2q1_4,3.422999999999999,6,5,mci
m7q1,INST_n2q1_1,7.340999999999998,7,6,mci
m7q1,KW_n2q1_1,6.481999999999998,16,15,mci
m7q1,BG_n2q1,11.615999999999993,23,22,mci
m7q1,KW_n2q1_2,5.495999999999999,15,14,mci
m7q1,KW_n2q1_3,4.767999999999999,9,8,mci
m7q2,KW_n2q2_3,1.101,5,4,mci
m7q2,KW_n2q2_2,5.376000000000001,6,5,mci
m7q2,INST_n2q2_1,2.811,3,2,mci
m7q2,BG_n2q2,4.521999999999999,14,13,mci
m7q2,KW_n2q2_4,3.546,5,4,mci
m7q2,KW_n2q2_1,4.523999999999997,8,7,mci
m7q3,KW_n2q3_1,0.244,1,0,mci
m7q3,INST_n2q3_2,2.4419999999999997,4,3,mci
m7q3,INST_n2q3_1,5.134,4,3,mci
m7q3,BG_n2q3,4.889999999999999,10,9,mci
m7q3,KW_n2q3_2,1.4670000000000003,2,1,mci
m7q3,KW_n2q3_3,2.1999999999999984,4,3,mci
m7q4,INST_n2q4_2b,4.6410000000000045,7,6,mci
m7q4,KW_n2q4_1,14.057999999999986,9,8,mci
m7q4,INST_n2q4_1,3.5439999999999987,7,6,mci
m7q4,BG_n2q4,10.631999999999993,25,24,mci
m7q4,INST_n2q4_2a,13.203999999999985,20,19,mci
m7q5,BG_n2q5,8.920999999999998,19,18,mci
m7q5,INST_n2q5_1a,2.811,8,7,mci
m7q5,INST_n2q5_1c,3.4239999999999995,7,6,mci
m7q5,INST_n2q5_1b,4.6439999999999975,7,6,mci
m8q1,KW_n2q1_4,3.055999999999999,5,4,mci
m8q1,INST_n2q1_1,4.772999999999999,9,8,mci
m8q1,KW_n2q1_1,11.364999999999991,18,17,mci
m8q1,BG_n2q1,15.770999999999985,26,25,mci
m8q1,KW_n2q1_2,4.525,10,9,mci
m8q1,KW_n2q1_3,3.055999999999999,4,3,mci
m8q2,KW_n2q2_3,4.7679999999999945,6,5,mci
m8q2,KW_n2q2_2,6.109999999999998,8,7,mci
m8q2,INST_n2q2_1,1.955,3,2,mci
m8q2,BG_n2q2,5.4990000000000006,12,11,mci
m8q2,KW_n2q2_4,5.377,7,6,mci
m8q2,KW_n2q2_1,6.600999999999999,12,11,mci
m8q3,KW_n2q3_1,2.9320000000000013,7,6,mci
m8q3,INST_n2q3_2,3.5429999999999984,4,3,mci
m8q3,INST_n2q3_1,1.957,3,2,mci
m8q3,BG_n2q3,2.935,10,9,mci
m8q3,KW_n2q3_2,5.4999999999999964,10,9,mci
m8q3,KW_n2q3_3,4.889999999999999,6,5,mci
m8q4,INST_n2q4_2b,5.62,6,5,mci
m8q4,KW_n2q4_1,23.099,11,10,mci
m8q4,INST_n2q4_1,3.18,7,6,mci
m8q4,BG_n2q4,6.235999999999999,18,17,mci
m8q4,INST_n2q4_2a,11.854999999999992,14,13,mci
m8q5,BG_n2q5,8.557999999999996,17,16,mci
m8q5,INST_n2q5_1a,3.055,5,4,mci
m8q5,INST_n2q5_1c,2.321,5,4,mci
m8q5,INST_n2q5_1b,8.432999999999998,10,9,mci
m9q1,KW_n2q1_4,3.669,7,6,mci
m9q1,INST_n2q1_1,3.666999999999999,4,3,mci
m9q1,KW_n2q1_1,7.090999999999998,9,8,mci
m9q1,BG_n2q1,5.745,18,17,mci
m9q1,KW_n2q1_2,5.620999999999998,10,9,mci
m9q1,KW_n2q1_3,1.589,4,3,mci
m9q2,KW_n2q2_3,2.443999999999999,4,3,mci
m9q2,KW_n2q2_2,5.99,10,9,mci
m9q2,INST_n2q2_1,7.210000000000001,4,3,mci
m9q2,BG_n2q2,4.160999999999999,14,13,mci
m9q2,KW_n2q2_4,4.763999999999999,6,5,mci
m9q2,KW_n2q2_1,8.308999999999994,10,9,mci
m9q3,KW_n2q3_1,0.733,2,1,mci
m9q3,INST_n2q3_2,2.688,3,2,mci
m9q3,INST_n2q3_1,3.788999999999999,2,1,mci
m9q3,BG_n2q3,2.443999999999999,5,4,mci
m9q3,KW_n2q3_2,1.222999999999999,4,3,mci
m9q3,KW_n2q3_3,1.7110000000000007,7,6,mci
m9q4,INST_n2q4_2b,5.010999999999998,5,4,mci
m9q4,KW_n2q4_1,12.710999999999991,6,5,mci
m9q4,INST_n2q4_1,2.8119999999999994,5,4,mci
m9q4,BG_n2q4,3.791,8,7,mci
m9q4,INST_n2q4_2a,6.5989999999999975,8,7,mci
m9q5,BG_n2q5,12.467999999999993,18,17,mci
m9q5,INST_n2q5_1a,2.566,5,4,mci
m9q5,INST_n2q5_1c,4.399999999999999,6,5,mci
m9q5,INST_n2q5_1b,3.4219999999999997,9,8,mci
m6q1,KW_n2q1_4,2.6889999999999974,7,6,mci
m6q1,INST_n2q1_1,6.236999999999998,4,3,mci
m6q1,KW_n2q1_1,1.221,2,1,mci
m6q1,BG_n2q1,3.9430000000000014,16,15,mci
m6q1,KW_n2q1_2,1.711,5,4,mci
m6q1,KW_n2q1_3,3.0779999999999994,3,2,mci
m6q2,KW_n2q2_3,0.611,1,0,mci
m6q2,KW_n2q2_2,2.1989999999999994,4,3,mci
m6q2,INST_n2q2_1,2.5669999999999997,3,2,mci
m6q2,BG_n2q2,0.245,1,0,mci
m6q2,KW_n2q2_4,3.788999999999999,4,3,mci
m6q2,KW_n2q2_1,1.955,3,2,mci
m6q3,KW_n2q3_1,0.734,2,1,mci
m6q3,INST_n2q3_2,6.112,2,1,mci
m6q3,INST_n2q3_1,2.2,1,0,mci
m6q3,BG_n2q3,0.245,1,0,mci
m6q3,KW_n2q3_2,1.4660000000000009,3,2,mci
m6q3,KW_n2q3_3,2.8099999999999987,2,1,mci
m6q4,INST_n2q4_2b,2.5669999999999997,5,4,mci
m6q4,KW_n2q4_1,2.5669999999999997,2,1,mci
m6q4,INST_n2q4_1,0.489,1,0,mci
m6q4,BG_n2q4,2.8119999999999994,11,10,mci
m6q4,INST_n2q4_2a,19.555,12,11,mci
m6q5,BG_n2q5,1.834,7,6,mci
m6q5,INST_n2q5_1a,1.101,1,0,mci
m6q5,INST_n2q5_1c,6.966999999999999,7,6,mci
m6q5,INST_n2q5_1b,1.343,2,1,mci
ad10q1,KW_n2q1_4,5.502999999999999,10,9,ad
ad10q1,INST_n2q1_1,3.3089999999999997,5,4,ad
ad10q1,KW_n2q1_1,4.77,8,7,ad
ad10q1,BG_n2q1,7.821000000000001,25,24,ad
ad10q1,KW_n2q1_2,7.091999999999997,14,13,ad
ad10q1,KW_n2q1_3,6.476999999999998,7,6,ad
ad10q2,KW_n2q2_3,4.156999999999999,6,5,ad
ad10q2,KW_n2q2_2,3.546,7,6,ad
ad10q2,INST_n2q2_1,5.256999999999999,3,2,ad
ad10q2,BG_n2q2,3.910999999999999,13,12,ad
ad10q2,KW_n2q2_4,3.546999999999999,5,4,ad
ad10q2,KW_n2q2_1,6.109999999999998,6,5,ad
ad10q3,KW_n2q3_1,2.4449999999999994,4,3,ad
ad10q3,INST_n2q3_2,4.032999999999998,3,2,ad
ad10q3,INST_n2q3_1,1.467,2,1,ad
ad10q3,BG_n2q3,4.279999999999998,10,9,ad
ad10q3,KW_n2q3_2,2.565999999999999,5,4,ad
ad10q3,KW_n2q3_3,1.7100000000000015,5,4,ad
ad10q4,INST_n2q4_2b,5.376999999999998,9,8,ad
ad10q4,KW_n2q4_1,8.433999999999996,8,7,ad
ad10q4,INST_n2q4_1,2.198,6,5,ad
ad10q4,BG_n2q4,8.441000000000003,24,23,ad
ad10q4,INST_n2q4_2a,8.552999999999994,12,11,ad
ad10q5,BG_n2q5,8.309999999999999,13,12,ad
ad10q5,INST_n2q5_1a,3.1800000000000006,3,2,ad
ad10q5,INST_n2q5_1c,3.0569999999999995,5,4,ad
ad10q5,INST_n2q5_1b,5.989999999999999,9,8,ad
ad11q1,KW_n2q1_4,4.522999999999998,8,7,ad
ad11q1,INST_n2q1_1,4.400999999999999,7,6,ad
ad11q1,KW_n2q1_1,10.263999999999996,19,18,ad
ad11q1,BG_n2q1,11.743999999999993,32,31,ad
ad11q1,KW_n2q1_2,5.1329999999999965,9,8,ad
ad11q1,KW_n2q1_3,4.767,12,11,ad
ad11q2,KW_n2q2_3,3.792,10,9,ad
ad11q2,KW_n2q2_2,4.519999999999998,9,8,ad
ad11q2,INST_n2q2_1,14.790999999999984,14,13,ad
ad11q2,BG_n2q2,8.306999999999999,26,25,ad
ad11q2,KW_n2q2_4,2.3199999999999994,7,6,ad
ad11q2,KW_n2q2_1,11.737999999999996,21,20,ad
ad11q3,KW_n2q3_1,3.909,5,4,ad
ad11q3,INST_n2q3_2,5.620999999999999,6,5,ad
ad11q3,INST_n2q3_1,4.643,6,5,ad
ad11q3,BG_n2q3,3.6679999999999993,15,14,ad
ad11q3,KW_n2q3_2,3.5459999999999976,8,7,ad
ad11q3,KW_n2q3_3,3.180000000000001,7,6,ad
ad11q4,INST_n2q4_2b,9.531999999999998,16,15,ad
ad11q4,KW_n2q4_1,25.675,27,26,ad
ad11q4,INST_n2q4_1,9.781999999999996,20,19,ad
ad11q4,BG_n2q4,10.260000000000002,33,32,ad
ad11q4,INST_n2q4_2a,21.758999999999972,24,23,ad
ad11q5,BG_n2q5,12.467999999999993,17,16,ad
ad11q5,INST_n2q5_1a,2.321999999999999,2,1,ad
ad11q5,INST_n2q5_1c,1.835,8,7,ad
ad11q5,INST_n2q5_1b,5.376999999999999,9,8,ad
ad12q1,KW_n2q1_4,1.833,4,3,ad
ad12q1,INST_n2q1_1,3.917999999999995,7,6,ad
ad12q1,KW_n2q1_1,15.029999999999992,27,26,ad
ad12q1,BG_n2q1,8.561999999999996,26,25,ad
ad12q1,KW_n2q1_2,6.236999999999999,14,13,ad
ad12q1,KW_n2q1_3,4.403,11,10,ad
ad12q2,KW_n2q2_3,2.077,6,5,ad
ad12q2,KW_n2q2_2,2.8120000000000003,10,9,ad
ad12q2,INST_n2q2_1,4.521999999999999,5,4,ad
ad12q2,BG_n2q2,5.254,20,19,ad
ad12q2,KW_n2q2_4,3.057999999999998,7,6,ad
ad12q2,KW_n2q2_1,7.3359999999999985,12,11,ad
ad12q3,KW_n2q3_1,2.6899999999999995,7,6,ad
ad12q3,INST_n2q3_2,2.443,3,2,ad
ad12q3,INST_n2q3_1,3.055999999999999,2,1,ad
ad12q3,BG_n2q3,4.033999999999998,11,10,ad
ad12q3,KW_n2q3_2,3.301000000000002,8,7,ad
ad12q3,KW_n2q3_3,3.4229999999999983,5,4,ad
ad12q4,INST_n2q4_2b,5.623999999999999,10,9,ad
ad12q4,KW_n2q4_1,5.743999999999998,6,5,ad
ad12q4,INST_n2q4_1,4.646000000000001,7,6,ad
ad12q4,BG_n2q4,9.900999999999996,23,22,ad
ad12q4,INST_n2q4_2a,6.720999999999995,13,12,ad
ad12q5,BG_n2q5,8.311999999999998,16,15,ad
ad12q5,INST_n2q5_1a,5.5,6,5,ad
ad12q5,INST_n2q5_1c,1.4659999999999995,5,4,ad
ad12q5,INST_n2q5_1b,7.090999999999998,9,8,ad
ad13q1,KW_n2q1_4,2.687999999999999,5,4,ad
ad13q1,INST_n2q1_1,3.790999999999999,7,6,ad
ad13q1,KW_n2q1_1,8.434999999999999,10,9,ad
ad13q1,BG_n2q1,5.747999999999999,20,19,ad
ad13q1,KW_n2q1_2,5.9899999999999975,8,7,ad
ad13q1,KW_n2q1_3,4.7680000000000025,4,3,ad
ad13q2,KW_n2q2_3,6.115000000000002,18,17,ad
ad13q2,KW_n2q2_2,15.644999999999984,20,19,ad
ad13q2,INST_n2q2_1,4.768999999999998,5,4,ad
ad13q2,BG_n2q2,11.85699999999999,39,38,ad
ad13q2,KW_n2q2_4,3.177,7,6,ad
ad13q2,KW_n2q2_1,8.187,18,17,ad
ad13q3,KW_n2q3_1,3.3029999999999973,9,8,ad
ad13q3,INST_n2q3_2,2.077999999999999,2,1,ad
ad13q3,INST_n2q3_1,1.71,3,2,ad
ad13q3,BG_n2q3,4.891000000000001,13,12,ad
ad13q3,KW_n2q3_2,3.663999999999999,9,8,ad
ad13q3,KW_n2q3_3,3.423000000000001,5,4,ad
ad13q4,INST_n2q4_2b,5.868999999999998,14,13,ad
ad13q4,KW_n2q4_1,8.921999999999997,7,6,ad
ad13q4,INST_n2q4_1,3.545,5,4,ad
ad13q4,BG_n2q4,13.68899999999999,31,30,ad
ad13q4,INST_n2q4_2a,10.147999999999994,11,10,ad
ad13q5,BG_n2q5,9.778999999999996,13,12,ad
ad13q5,INST_n2q5_1a,1.467,4,3,ad
ad13q5,INST_n2q5_1c,3.422,5,4,ad
ad13q5,INST_n2q5_1b,4.033999999999999,6,5,ad
ad14q1,KW_n2q1_4,5.259,8,7,ad
ad14q1,INST_n2q1_1,3.916999999999999,5,4,ad
ad14q1,KW_n2q1_1,11.12299999999999,19,18,ad
ad14q1,BG_n2q1,6.481999999999998,19,18,ad
ad14q1,KW_n2q1_2,3.1800000000000024,7,6,ad
ad14q1,KW_n2q1_3,8.922999999999996,14,13,ad
ad14q2,KW_n2q2_3,8.924999999999994,9,8,ad
ad14q2,KW_n2q2_2,10.877999999999991,7,6,ad
ad14q2,INST_n2q2_1,0.123,1,0,ad
ad14q2,BG_n2q2,3.296999999999999,12,11,ad
ad14q2,KW_n2q2_4,6.968000000000002,7,6,ad
ad14q2,KW_n2q2_1,14.179999999999987,8,7,ad
ad14q3,KW_n2q3_1,10.021999999999991,13,12,ad
ad14q3,INST_n2q3_2,3.665999999999995,6,5,ad
ad14q3,INST_n2q3_1,2.318999999999999,2,1,ad
ad14q3,BG_n2q3,7.461,19,18,ad
ad14q3,KW_n2q3_2,3.910999999999999,11,10,ad
ad14q3,KW_n2q3_3,10.021999999999997,11,10,ad
ad14q4,INST_n2q4_2b,11.247999999999996,9,8,ad
ad14q4,KW_n2q4_1,6.478,7,6,ad
ad14q4,INST_n2q4_1,6.356000000000002,6,5,ad
ad14q4,BG_n2q4,9.408999999999992,20,19,ad
ad14q4,INST_n2q4_2a,7.091000000000001,12,11,ad
ad14q5,BG_n2q5,5.008999999999999,9,8,ad
ad14q5,INST_n2q5_1a,5.134999999999999,6,5,ad
ad14q5,INST_n2q5_1c,1.224,3,2,ad
ad14q5,INST_n2q5_1b,3.545,8,7,ad
ad15q1,KW_n2q1_4,6.480000000000002,14,13,ad
ad15q1,INST_n2q1_1,5.380999999999999,8,7,ad
ad15q1,KW_n2q1_1,5.866999999999996,15,14,ad
ad15q1,BG_n2q1,10.025999999999993,29,28,ad
ad15q1,KW_n2q1_2,2.446,6,5,ad
ad15q1,KW_n2q1_3,10.143999999999997,17,16,ad
ad15q2,KW_n2q2_3,5.744999999999998,9,8,ad
ad15q2,KW_n2q2_2,4.403,8,7,ad
ad15q2,INST_n2q2_1,3.792,7,6,ad
ad15q2,BG_n2q2,4.642999999999998,17,16,ad
ad15q2,KW_n2q2_4,5.379999999999999,8,7,ad
ad15q2,KW_n2q2_1,7.451999999999997,9,8,ad
ad15q3,KW_n2q3_1,2.568999999999999,6,5,ad
ad15q3,INST_n2q3_2,7.208999999999999,6,5,ad
ad15q3,INST_n2q3_1,0.977,2,1,ad
ad15q3,BG_n2q3,5.746,12,11,ad
ad15q3,KW_n2q3_2,4.280999999999999,8,7,ad
ad15q3,KW_n2q3_3,4.155,8,7,ad
ad15q4,INST_n2q4_2b,5.745000000000001,9,8,ad
ad15q4,KW_n2q4_1,2.1990000000000003,6,5,ad
ad15q4,INST_n2q4_1,1.5909999999999995,4,3,ad
ad15q4,BG_n2q4,8.429999999999998,16,15,ad
ad15q4,INST_n2q4_2a,7.704999999999999,9,8,ad
ad15q5,BG_n2q5,9.778999999999996,23,22,ad
ad15q5,INST_n2q5_1a,0.612,3,2,ad
ad15q5,INST_n2q5_1c,7.2129999999999965,14,13,ad
ad15q5,INST_n2q5_1b,6.353999999999998,12,11,ad
ad16q1,KW_n2q1_4,10.145999999999995,5,4,ad
ad16q1,INST_n2q1_1,2.2,2,1,ad
ad16q1,KW_n2q1_1,5.257,6,5,ad
ad16q1,BG_n2q1,4.773,13,12,ad
ad16q1,KW_n2q1_2,19.80099999999999,14,13,ad
ad16q1,KW_n2q1_3,7.942999999999999,5,4,ad
ad16q2,KW_n2q2_3,0.855,4,3,ad
ad16q2,KW_n2q2_2,3.0569999999999995,6,5,ad
ad16q2,INST_n2q2_1,3.788999999999999,6,5,ad
ad16q2,BG_n2q2,2.199,9,8,ad
ad16q2,KW_n2q2_4,1.221,2,1,ad
ad16q2,KW_n2q2_1,13.692999999999987,7,6,ad
ad16q3,KW_n2q3_1,2.2,2,1,ad
ad16q3,INST_n2q3_2,6.355999999999999,8,7,ad
ad16q3,INST_n2q3_1,3.5420000000000016,6,5,ad
ad16q3,BG_n2q3,7.093999999999998,16,15,ad
ad16q3,KW_n2q3_2,0.855,2,1,ad
ad16q3,KW_n2q3_3,0.855,5,4,ad
ad16q4,INST_n2q4_2b,8.190999999999997,6,5,ad
ad16q4,KW_n2q4_1,4.523,6,5,ad
ad16q4,INST_n2q4_1,2.322,4,3,ad
ad16q4,BG_n2q4,4.274999999999999,15,14,ad
ad16q4,INST_n2q4_2a,8.433999999999997,9,8,ad
ad16q5,BG_n2q5,8.189999999999998,18,17,ad
ad16q5,INST_n2q5_1a,3.666,6,5,ad
ad16q5,INST_n2q5_1c,4.155999999999999,6,5,ad
ad16q5,INST_n2q5_1b,5.744999999999998,13,12,ad
ad17q1,KW_n2q1_4,5.504,10,9,ad
ad17q1,INST_n2q1_1,3.552,2,1,ad
ad17q1,KW_n2q1_1,10.026999999999996,8,7,ad
ad17q1,BG_n2q1,9.657999999999998,16,15,ad
ad17q1,KW_n2q1_2,2.078,8,7,ad
ad17q1,KW_n2q1_3,5.007999999999997,11,10,ad
ad17q2,KW_n2q2_3,1.4659999999999995,4,3,ad
ad17q2,KW_n2q2_2,4.888999999999999,10,9,ad
ad17q2,INST_n2q2_1,5.499999999999999,12,11,ad
ad17q2,BG_n2q2,4.157999999999999,14,13,ad
ad17q2,KW_n2q2_4,2.934,5,4,ad
ad17q2,KW_n2q2_1,7.332999999999998,9,8,ad
ad17q3,KW_n2q3_1,2.566,5,4,ad
ad17q3,INST_n2q3_2,4.887999999999998,7,6,ad
ad17q3,INST_n2q3_1,5.377999999999998,7,6,ad
ad17q3,BG_n2q3,6.232999999999999,17,16,ad
ad17q3,KW_n2q3_2,3.0559999999999974,7,6,ad
ad17q3,KW_n2q3_3,4.402000000000001,10,9,ad
ad17q4,INST_n2q4_2b,7.702000000000004,7,6,ad
ad17q4,KW_n2q4_1,5.623999999999999,7,6,ad
ad17q4,INST_n2q4_1,3.9079999999999977,11,10,ad
ad17q4,BG_n2q4,6.360999999999996,22,21,ad
ad17q4,INST_n2q4_2a,8.676999999999996,13,12,ad
ad17q5,BG_n2q5,16.26199999999999,28,27,ad
ad17q5,INST_n2q5_1a,2.6869999999999994,9,8,ad
ad17q5,INST_n2q5_1c,5.375999999999999,16,15,ad
ad17q5,INST_n2q5_1b,3.911999999999999,10,9,ad
ad18q1,KW_n2q1_4,2.81,7,6,ad
ad18q1,INST_n2q1_1,5.142,10,9,ad
ad18q1,KW_n2q1_1,7.574999999999997,18,17,ad
ad18q1,BG_n2q1,14.795999999999989,31,30,ad
ad18q1,KW_n2q1_2,6.358,21,20,ad
ad18q1,KW_n2q1_3,1.9569999999999996,8,7,ad
ad18q2,KW_n2q2_3,1.845,5,4,ad
ad18q2,KW_n2q2_2,6.356999999999998,13,12,ad
ad18q2,INST_n2q2_1,9.538999999999994,19,18,ad
ad18q2,BG_n2q2,14.301999999999987,45,44,ad
ad18q2,KW_n2q2_4,2.811,5,4,ad
ad18q2,KW_n2q2_1,10.394999999999992,23,22,ad
ad18q3,KW_n2q3_1,1.588,5,4,ad
ad18q3,INST_n2q3_2,0.7350000000000018,3,2,ad
ad18q3,INST_n2q3_1,3.544999999999999,7,6,ad
ad18q3,BG_n2q3,7.578999999999996,14,13,ad
ad18q3,KW_n2q3_2,2.932999999999999,7,6,ad
ad18q3,KW_n2q3_3,2.322,5,4,ad
ad18q4,INST_n2q4_2b,3.912999999999999,9,8,ad
ad18q4,KW_n2q4_1,7.699999999999997,11,10,ad
ad18q4,INST_n2q4_1,2.326,9,8,ad
ad18q4,BG_n2q4,10.999999999999996,27,26,ad
ad18q4,INST_n2q4_2a,16.742999999999984,17,16,ad
ad18q5,BG_n2q5,9.165999999999997,22,21,ad
ad18q5,INST_n2q5_1a,2.6880000000000006,10,9,ad
ad18q5,INST_n2q5_1c,3.18,9,8,ad
ad18q5,INST_n2q5_1b,5.255999999999998,9,8,ad
ad19q1,KW_n2q1_4,3.792,10,9,ad
ad19q1,INST_n2q1_1,3.185,5,4,ad
ad19q1,KW_n2q1_1,5.866999999999999,14,13,ad
ad19q1,BG_n2q1,7.087,24,23,ad
ad19q1,KW_n2q1_2,2.2019999999999995,6,5,ad
ad19q1,KW_n2q1_3,4.892999999999999,12,11,ad
ad19q2,KW_n2q2_3,4.031,9,8,ad
ad19q2,KW_n2q2_2,2.568,6,5,ad
ad19q2,INST_n2q2_1,2.0779999999999976,5,4,ad
ad19q2,BG_n2q2,5.501000000000001,17,16,ad
ad19q2,KW_n2q2_4,2.691,5,4,ad
ad19q2,KW_n2q2_1,4.032999999999999,10,9,ad
ad19q3,KW_n2q3_1,4.033999999999999,5,4,ad
ad19q3,INST_n2q3_2,2.688,2,1,ad
ad19q3,INST_n2q3_1,7.453999999999998,5,4,ad
ad19q3,BG_n2q3,4.278999999999999,13,12,ad
ad19q3,KW_n2q3_2,2.202,6,5,ad
ad19q3,KW_n2q3_3,2.688999999999999,5,4,ad
ad19q4,INST_n2q4_2b,4.401999999999997,9,8,ad
ad19q4,KW_n2q4_1,5.991000000000001,10,9,ad
ad19q4,INST_n2q4_1,3.2979999999999965,7,6,ad
ad19q4,BG_n2q4,8.186000000000002,17,16,ad
ad19q4,INST_n2q4_2a,11.003999999999994,14,13,ad
ad19q5,BG_n2q5,7.212999999999998,14,13,ad
ad19q5,INST_n2q5_1a,2.1989999999999994,4,3,ad
ad19q5,INST_n2q5_1c,4.521999999999999,6,5,ad
ad19q5,INST_n2q5_1b,3.789999999999999,10,9,ad
ad20q1,KW_n2q1_4,3.910999999999998,5,4,ad
ad20q1,INST_n2q1_1,2.3229999999999995,5,4,ad
ad20q1,KW_n2q1_1,5.871999999999999,15,14,ad
ad20q1,BG_n2q1,9.419,19,18,ad
ad20q1,KW_n2q1_2,3.905,10,9,ad
ad20q1,KW_n2q1_3,2.078,7,6,ad
ad20q2,KW_n2q2_3,0.734,3,2,ad
ad20q2,KW_n2q2_2,4.645,11,10,ad
ad20q2,INST_n2q2_1,4.766999999999999,5,4,ad
ad20q2,BG_n2q2,8.185999999999998,20,19,ad
ad20q2,KW_n2q2_4,3.549999999999999,7,6,ad
ad20q2,KW_n2q2_1,6.231999999999998,12,11,ad
ad20q3,KW_n2q3_1,2.9339999999999997,4,3,ad
ad20q3,INST_n2q3_2,3.055999999999999,4,3,ad
ad20q3,INST_n2q3_1,3.177999999999999,3,2,ad
ad20q3,BG_n2q3,5.619999999999999,16,15,ad
ad20q3,KW_n2q3_2,2.079,7,6,ad
ad20q3,KW_n2q3_3,4.767999999999999,10,9,ad
ad20q4,INST_n2q4_2b,5.136,9,8,ad
ad20q4,KW_n2q4_1,5.501999999999997,8,7,ad
ad20q4,INST_n2q4_1,4.644000000000002,7,6,ad
ad20q4,BG_n2q4,6.236999999999999,21,20,ad
ad20q4,INST_n2q4_2a,15.760999999999983,17,16,ad
ad20q5,BG_n2q5,9.658999999999995,10,9,ad
ad20q5,INST_n2q5_1a,0.611,3,2,ad
ad20q5,INST_n2q5_1c,0.365,2,1,ad
ad20q5,INST_n2q5_1b,2.932999999999999,6,5,ad
ad21q1,KW_n2q1_4,2.08,4,3,ad
ad21q1,INST_n2q1_1,0.491,2,1,ad
ad21q1,KW_n2q1_1,4.035999999999999,7,6,ad
ad21q1,BG_n2q1,5.742999999999999,12,11,ad
ad21q1,KW_n2q1_2,1.957,4,3,ad
ad21q1,KW_n2q1_3,0.978,4,3,ad
ad21q2,KW_n2q2_3,0.855,3,2,ad
ad21q2,KW_n2q2_2,3.665999999999999,8,7,ad
ad21q2,INST_n2q2_1,3.421999999999997,6,5,ad
ad21q2,BG_n2q2,6.109999999999999,18,17,ad
ad21q2,KW_n2q2_4,1.956,4,3,ad
ad21q2,KW_n2q2_1,4.7700000000000005,12,11,ad
ad21q3,KW_n2q3_1,0.366,3,2,ad
ad21q3,INST_n2q3_2,6.7239999999999975,7,6,ad
ad21q3,INST_n2q3_1,1.222,3,2,ad
ad21q3,BG_n2q3,2.8089999999999997,13,12,ad
ad21q3,KW_n2q3_2,2.0789999999999997,7,6,ad
ad21q3,KW_n2q3_3,1.59,5,4,ad
ad21q4,INST_n2q4_2b,3.544999999999999,6,5,ad
ad21q4,KW_n2q4_1,2.814,4,3,ad
ad21q4,INST_n2q4_1,0.856,4,3,ad
ad21q4,BG_n2q4,7.453999999999997,19,18,ad
ad21q4,INST_n2q4_2a,6.479000000000001,11,10,ad
ad21q5,BG_n2q5,8.315999999999999,17,16,ad
ad21q5,INST_n2q5_1a,1.5890000000000002,6,5,ad
ad21q5,INST_n2q5_1c,3.789999999999999,6,5,ad
ad21q5,INST_n2q5_1b,4.152999999999997,7,6,ad
ad22q1,KW_n2q1_4,2.078,4,3,ad
ad22q1,INST_n2q1_1,2.324,2,1,ad
ad22q1,KW_n2q1_1,4.889999999999999,10,9,ad
ad22q1,BG_n2q1,2.079,11,10,ad
ad22q1,KW_n2q1_2,1.833,5,4,ad
ad22q1,KW_n2q1_3,2.814,10,9,ad
ad22q2,KW_n2q2_3,3.302,7,6,ad
ad22q2,KW_n2q2_2,3.054999999999996,6,5,ad
ad22q2,INST_n2q2_1,1.223,2,1,ad
ad22q2,BG_n2q2,2.078000000000002,13,12,ad
ad22q2,KW_n2q2_4,2.8109999999999995,5,4,ad
ad22q2,KW_n2q2_1,5.501000000000001,8,7,ad
ad22q3,KW_n2q3_1,2.3220000000000005,4,3,ad
ad22q3,INST_n2q3_2,6.113999999999999,9,8,ad
ad22q3,INST_n2q3_1,2.443999999999999,2,1,ad
ad22q3,BG_n2q3,2.5669999999999984,11,10,ad
ad22q3,KW_n2q3_2,1.5889999999999995,4,3,ad
ad22q3,KW_n2q3_3,0.977,3,2,ad
ad22q4,INST_n2q4_2b,8.921999999999999,8,7,ad
ad22q4,KW_n2q4_1,5.622999999999998,5,4,ad
ad22q4,INST_n2q4_1,2.686,5,4,ad
ad22q4,BG_n2q4,6.847999999999999,17,16,ad
ad22q4,INST_n2q4_2a,7.700999999999998,11,10,ad
ad22q5,BG_n2q5,11.862999999999994,24,23,ad
ad22q5,INST_n2q5_1a,1.344,4,3,ad
ad22q5,INST_n2q5_1c,9.408999999999995,15,14,ad
ad22q5,INST_n2q5_1b,4.643999999999998,8,7,ad
ad3q1,KW_n2q1_4,8.676999999999998,7,6,ad
ad3q1,INST_n2q1_1,6.234999999999999,3,2,ad
ad3q1,KW_n2q1_1,9.414999999999996,8,7,ad
ad3q1,BG_n2q1,2.930999999999999,15,14,ad
ad3q1,KW_n2q1_2,20.539999999999992,15,14,ad
ad3q1,KW_n2q1_3,7.823999999999999,8,7,ad
ad3q2,KW_n2q2_3,0.366,2,1,ad
ad3q2,KW_n2q2_2,8.436999999999998,11,10,ad
ad3q2,INST_n2q2_1,4.399999999999999,8,7,ad
ad3q2,BG_n2q2,8.801,21,20,ad
ad3q2,KW_n2q2_4,2.200999999999998,5,4,ad
ad3q2,KW_n2q2_1,9.166999999999993,13,12,ad
ad3q3,KW_n2q3_1,3.422,2,1,ad
ad3q3,INST_n2q3_2,4.521999999999999,4,3,ad
ad3q3,INST_n2q3_1,4.52,4,3,ad
ad3q3,BG_n2q3,6.115999999999999,14,13,ad
ad3q3,KW_n2q3_2,1.468,4,3,ad
ad3q3,KW_n2q3_3,2.813999999999999,7,6,ad
ad3q4,INST_n2q4_2b,4.765999999999998,5,4,ad
ad3q4,KW_n2q4_1,9.171999999999995,9,8,ad
ad3q4,INST_n2q4_1,5.497999999999998,11,10,ad
ad3q4,BG_n2q4,9.780999999999995,28,27,ad
ad3q4,INST_n2q4_2a,20.914999999999992,23,22,ad
ad3q5,BG_n2q5,12.21899999999999,23,22,ad
ad3q5,INST_n2q5_1a,1.8350000000000015,4,3,ad
ad3q5,INST_n2q5_1c,1.347,7,6,ad
ad3q5,INST_n2q5_1b,8.557999999999998,14,13,ad
ad4q1,KW_n2q1_4,11.249999999999991,20,19,ad
ad4q1,INST_n2q1_1,2.572,7,6,ad
ad4q1,KW_n2q1_1,4.154999999999999,8,7,ad
ad4q1,BG_n2q1,14.29599999999999,37,36,ad
ad4q1,KW_n2q1_2,7.828,15,14,ad
ad4q1,KW_n2q1_3,7.696999999999997,14,13,ad
ad4q2,KW_n2q2_3,11.490999999999987,18,17,ad
ad4q2,KW_n2q2_2,14.913999999999984,17,16,ad
ad4q2,INST_n2q2_1,5.500999999999999,10,9,ad
ad4q2,BG_n2q2,17.107999999999983,40,39,ad
ad4q2,KW_n2q2_4,19.308,23,22,ad
ad4q2,KW_n2q2_1,7.699999999999998,12,11,ad
ad4q3,KW_n2q3_1,0.978,2,1,ad
ad4q3,INST_n2q3_2,6.354999999999998,8,7,ad
ad4q3,INST_n2q3_1,4.034999999999999,4,3,ad
ad4q3,BG_n2q3,7.092999999999996,15,14,ad
ad4q3,KW_n2q3_2,2.443,3,2,ad
ad4q3,KW_n2q3_3,3.665999999999999,6,5,ad
ad4q4,INST_n2q4_2b,11.120999999999992,13,12,ad
ad4q4,KW_n2q4_1,8.068,7,6,ad
ad4q4,INST_n2q4_1,1.955,5,4,ad
ad4q4,BG_n2q4,6.965999999999998,28,27,ad
ad4q4,INST_n2q4_2a,15.766999999999983,16,15,ad
ad4q5,BG_n2q5,16.132999999999985,22,21,ad
ad4q5,INST_n2q5_1a,3.5429999999999997,6,5,ad
ad4q5,INST_n2q5_1c,7.211999999999998,14,13,ad
ad4q5,INST_n2q5_1b,4.034999999999999,8,7,ad
ad5q1,KW_n2q1_4,5.257999999999999,9,8,ad
ad5q1,INST_n2q1_1,1.101,1,0,ad
ad5q1,KW_n2q1_1,3.667,6,5,ad
ad5q1,BG_n2q1,8.317999999999998,19,18,ad
ad5q1,KW_n2q1_2,2.446,6,5,ad
ad5q1,KW_n2q1_3,5.252,13,12,ad
ad5q2,KW_n2q2_3,1.833,5,4,ad
ad5q2,KW_n2q2_2,4.401,9,8,ad
ad5q2,INST_n2q2_1,3.6679999999999993,3,2,ad
ad5q2,BG_n2q2,5.010999999999999,18,17,ad
ad5q2,KW_n2q2_4,1.344,6,5,ad
ad5q2,KW_n2q2_1,5.134999999999998,12,11,ad
ad5q3,KW_n2q3_1,1.956,4,3,ad
ad5q3,INST_n2q3_2,4.155,7,6,ad
ad5q3,INST_n2q3_1,4.889,3,2,ad
ad5q3,BG_n2q3,7.579999999999998,13,12,ad
ad5q3,KW_n2q3_2,2.6899999999999995,3,2,ad
ad5q3,KW_n2q3_3,1.955,5,4,ad
ad5q4,INST_n2q4_2b,11.860999999999995,16,15,ad
ad5q4,KW_n2q4_1,4.033,4,3,ad
ad5q4,INST_n2q4_1,1.835,4,3,ad
ad5q4,BG_n2q4,13.446999999999989,28,27,ad
ad5q4,INST_n2q4_2a,18.32899999999999,13,12,ad
ad5q5,BG_n2q5,9.045999999999996,15,14,ad
ad5q5,INST_n2q5_1a,3.055999999999999,4,3,ad
ad5q5,INST_n2q5_1c,4.154999999999999,5,4,ad
ad5q5,INST_n2q5_1b,6.478999999999999,8,7,ad
ad6q1,KW_n2q1_4,4.034999999999999,5,4,ad
ad6q1,INST_n2q1_1,3.312999999999999,5,4,ad
ad6q1,KW_n2q1_1,16.503999999999987,23,22,ad
ad6q1,BG_n2q1,18.333999999999996,42,41,ad
ad6q1,KW_n2q1_2,12.105999999999993,24,23,ad
ad6q1,KW_n2q1_3,2.079,6,5,ad
ad6q2,KW_n2q2_3,1.7110000000000003,6,5,ad
ad6q2,KW_n2q2_2,7.584,14,13,ad
ad6q2,INST_n2q2_1,2.3209999999999997,7,6,ad
ad6q2,BG_n2q2,7.942999999999998,23,22,ad
ad6q2,KW_n2q2_4,5.012999999999998,10,9,ad
ad6q2,KW_n2q2_1,6.721999999999998,11,10,ad
ad6q3,KW_n2q3_1,1.589,2,1,ad
ad6q3,INST_n2q3_2,4.89,9,8,ad
ad6q3,INST_n2q3_1,5.746,7,6,ad
ad6q3,BG_n2q3,9.653999999999996,25,24,ad
ad6q3,KW_n2q3_2,2.569,4,3,ad
ad6q3,KW_n2q3_3,3.662,15,14,ad
ad6q4,INST_n2q4_2b,5.375999999999996,15,14,ad
ad6q4,KW_n2q4_1,9.049999999999995,10,9,ad
ad6q4,INST_n2q4_1,3.664999999999999,8,7,ad
ad6q4,BG_n2q4,14.292999999999989,36,35,ad
ad6q4,INST_n2q4_2a,10.152999999999992,16,15,ad
ad6q5,BG_n2q5,3.910999999999999,9,8,ad
ad6q5,INST_n2q5_1a,2.4449999999999994,3,2,ad
ad6q5,INST_n2q5_1c,1.957,3,2,ad
ad6q5,INST_n2q5_1b,4.765999999999999,7,6,ad
ad7q1,KW_n2q1_4,2.199,6,5,ad
ad7q1,INST_n2q1_1,3.913999999999999,8,7,ad
ad7q1,KW_n2q1_1,5.863999999999998,12,11,ad
ad7q1,BG_n2q1,10.391999999999994,22,21,ad
ad7q1,KW_n2q1_2,3.5489999999999995,9,8,ad
ad7q1,KW_n2q1_3,4.891,8,7,ad
ad7q2,KW_n2q2_3,1.5889999999999964,4,3,ad
ad7q2,KW_n2q2_2,7.699999999999998,14,13,ad
ad7q2,INST_n2q2_1,2.198000000000003,3,2,ad
ad7q2,BG_n2q2,9.044999999999996,23,22,ad
ad7q2,KW_n2q2_4,2.8119999999999994,6,5,ad
ad7q2,KW_n2q2_1,10.634999999999994,17,16,ad
ad7q3,KW_n2q3_1,1.223,2,1,ad
ad7q3,INST_n2q3_2,2.6899999999999995,7,6,ad
ad7q3,INST_n2q3_1,5.256999999999999,4,3,ad
ad7q3,BG_n2q3,4.033999999999999,11,10,ad
ad7q3,KW_n2q3_2,1.9559999999999984,4,3,ad
ad7q3,KW_n2q3_3,1.709000000000002,5,4,ad
ad7q4,INST_n2q4_2b,3.543,7,6,ad
ad7q4,KW_n2q4_1,6.113000000000001,7,6,ad
ad7q4,INST_n2q4_1,6.234999999999996,9,8,ad
ad7q4,BG_n2q4,7.699999999999997,20,19,ad
ad7q4,INST_n2q4_2a,6.7250000000000005,9,8,ad
ad7q5,BG_n2q5,9.657999999999994,25,24,ad
ad7q5,INST_n2q5_1a,1.7119999999999995,5,4,ad
ad7q5,INST_n2q5_1c,4.030999999999999,8,7,ad
ad7q5,INST_n2q5_1b,7.213999999999999,14,13,ad
ad8q1,KW_n2q1_4,2.446000000000001,6,5,ad
ad8q1,INST_n2q1_1,5.748999999999999,7,6,ad
ad8q1,KW_n2q1_1,6.604999999999997,12,11,ad
ad8q1,BG_n2q1,8.921000000000001,28,27,ad
ad8q1,KW_n2q1_2,5.743999999999999,13,12,ad
ad8q1,KW_n2q1_3,3.0569999999999977,11,10,ad
ad8q2,KW_n2q2_3,0.367,3,2,ad
ad8q2,KW_n2q2_2,1.7099999999999975,5,4,ad
ad8q2,INST_n2q2_1,4.033999999999999,4,3,ad
ad8q2,BG_n2q2,4.770000000000001,13,12,ad
ad8q2,KW_n2q2_4,0.732,1,0,ad
ad8q2,KW_n2q2_1,6.599,9,8,ad
ad8q3,KW_n2q3_1,4.641000000000003,11,10,ad
ad8q3,INST_n2q3_2,6.603,10,9,ad
ad8q3,INST_n2q3_1,8.312999999999997,8,7,ad
ad8q3,BG_n2q3,9.900999999999993,24,23,ad
ad8q3,KW_n2q3_2,4.891999999999998,16,15,ad
ad8q3,KW_n2q3_3,4.766999999999997,8,7,ad
ad8q4,INST_n2q4_2b,1.8319999999999996,7,6,ad
ad8q4,KW_n2q4_1,3.305,5,4,ad
ad8q4,INST_n2q4_1,2.079,6,5,ad
ad8q4,BG_n2q4,7.946999999999997,14,13,ad
ad8q4,INST_n2q4_2a,6.7170000000000005,9,8,ad
ad8q5,BG_n2q5,12.342999999999993,28,27,ad
ad8q5,INST_n2q5_1a,2.8089999999999997,8,7,ad
ad8q5,INST_n2q5_1c,2.690999999999998,8,7,ad
ad8q5,INST_n2q5_1b,13.32599999999999,18,17,ad
ad9q1,KW_n2q1_4,3.1789999999999994,9,8,ad
ad9q1,INST_n2q1_1,2.079,2,1,ad
ad9q1,KW_n2q1_1,6.112999999999999,7,6,ad
ad9q1,BG_n2q1,10.511999999999992,17,16,ad
ad9q1,KW_n2q1_2,5.747999999999999,8,7,ad
ad9q1,KW_n2q1_3,2.568,9,8,ad
ad9q2,KW_n2q2_3,0.612,3,2,ad
ad9q2,KW_n2q2_2,1.2220000000000009,2,1,ad
ad9q2,INST_n2q2_1,2.9319999999999995,2,1,ad
ad9q2,BG_n2q2,4.400999999999998,7,6,ad
ad9q2,KW_n2q2_4,2.5669999999999997,5,4,ad
ad9q2,KW_n2q2_1,2.4449999999999994,5,4,ad
ad9q3,KW_n2q3_1,2.324,3,2,ad
ad9q3,INST_n2q3_2,8.188999999999998,3,2,ad
ad9q3,INST_n2q3_1,2.568,3,2,ad
ad9q3,BG_n2q3,2.935,6,5,ad
ad9q3,KW_n2q3_2,3.5429999999999997,6,5,ad
ad9q3,KW_n2q3_3,2.321999999999999,5,4,ad
ad9q4,INST_n2q4_2b,7.576999999999998,8,7,ad
ad9q4,KW_n2q4_1,3.669,6,5,ad
ad9q4,INST_n2q4_1,3.6679999999999993,8,7,ad
ad9q4,BG_n2q4,14.294999999999993,26,25,ad
ad9q4,INST_n2q4_2a,9.054999999999996,13,12,ad
ad9q5,BG_n2q5,4.154999999999999,14,13,ad
ad9q5,INST_n2q5_1a,2.2010000000000005,3,2,ad
ad9q5,INST_n2q5_1c,2.446,5,4,ad
ad9q5,INST_n2q5_1b,5.744999999999997,12,11,ad
