ADQ_ID,EventType,StartIndex,EndIndex,Duration_ms,Amplitude_deg,MeanX,MeanY,MaxVel,MeanVel,ROI,group,subject
n1q5,fixation,0,70,9045000.0,22.850934810619894,-12.506862253521131,-4.217378873239442,,,INST_n2q5_1b,control,control_group_1
n10q5,fixation,0,8,1100.0,19.712708497007714,-23.25556666666667,0.3183933333333278,,,INST_n2q5_1b,control,control_group_10
n10q5,fixation,10,15,612.0,9.000706603461756,-9.841510000000007,-5.115870000000004,,,BG_n2q5,control,control_group_10
n10q5,fixation,19,20,122.0,0.3787855314026641,-29.211690000000004,-17.437560000000005,,,INST_n2q5_1c,control,control_group_10
n10q5,fixation,22,25,367.0,5.147659177878816,-16.517355000000006,-14.541690000000003,,,INST_n2q5_1c,control,control_group_10
n10q5,fixation,27,28,122.0,3.585564623319456,-3.839970000000006,-17.263770000000005,,,INST_n2q5_1c,control,control_group_10
n10q5,fixation,30,31,122.0,3.096320646186372,-10.365900000000007,-16.721880000000006,,,INST_n2q5_1c,control,control_group_10
n10q5,fixation,34,49,1832.0,3.1577857934318585,7.007212499999993,-14.485882500000006,,,INST_n2q5_1c,control,control_group_10
n10q5,fixation,51,52,122.0,0.8051391571647728,-6.335160000000007,2.4161399999999933,,,INST_n2q5_1b,control,control_group_10
n10q5,fixation,54,65,1589.0,10.863413704301237,-2.7039000000000066,-7.470680000000006,,,INST_n2q5_1c,control,control_group_10
n10q5,fixation,68,69,122.0,0.1846004897068252,0.2802599999999922,5.3944199999999976,,,BG_n2q5,control,control_group_10
n10q5,saccade,9,9,0.0,0.0,,,95.41213675568159,95.41213675568159,,control,control_group_10
n10q5,saccade,16,18,245.0,15.64653844631458,,,81.77940213738341,67.50456116552628,,control,control_group_10
n10q5,saccade,21,21,0.0,0.0,,,66.75845482116989,66.75845482116989,,control,control_group_10
n10q5,saccade,26,26,0.0,0.0,,,89.03510613385977,89.03510613385977,,control,control_group_10
n10q5,saccade,29,29,0.0,0.0,,,49.70995077155931,49.70995077155931,,control,control_group_10
n10q5,saccade,32,33,122.0,6.371938735581184,,,65.75843928123861,58.99372265529629,,control,control_group_10
n10q5,saccade,50,50,0.0,0.0,,,80.89444364155149,80.89444364155149,,control,control_group_10
n10q5,saccade,53,53,0.0,0.0,,,45.48970458606055,45.48970458606055,,control,control_group_10
n10q5,saccade,66,67,123.0,5.135923064844333,,,81.84421496493374,61.79984351841944,,control,control_group_10
n10q5,saccade,70,70,0.0,0.0,,,78.3156544739896,78.3156544739896,,control,control_group_10
n11q5,fixation,0,2,244.0,2.4824660836353813,-25.497460000000007,14.088519999999995,,,INST_n2q5_1a,control,control_group_11
n11q5,fixation,4,10,856.0,7.453384707097839,-26.772582857142858,1.147311428571425,,,BG_n2q5,control,control_group_11
n11q5,fixation,12,22,1222.0,1.8761193724280913,-29.675781818181818,-11.606836363636369,,,BG_n2q5,control,control_group_11
n11q5,fixation,24,27,367.0,1.8046145330236036,-18.132435000000008,-14.489325000000006,,,INST_n2q5_1c,control,control_group_11
n11q5,fixation,29,36,855.0,8.262058156222334,-4.5523425000000035,-13.086862500000006,,,INST_n2q5_1c,control,control_group_11
n11q5,fixation,38,42,611.0,8.179431972942865,-8.570412000000006,-9.981036000000007,,,INST_n2q5_1c,control,control_group_11
n11q5,fixation,44,46,734.0,9.501093210973147,-12.316960000000003,14.379479999999996,,,INST_n2q5_1a,control,control_group_11
n11q5,fixation,48,86,4644.0,13.300551285251304,-14.78738307692308,9.806319999999996,,,INST_n2q5_1a,control,control_group_11
n11q5,saccade,3,3,0.0,0.0,,,51.34413743099701,51.34413743099701,,control,control_group_11
n11q5,saccade,11,11,0.0,0.0,,,52.54320854857853,52.54320854857853,,control,control_group_11
n11q5,saccade,23,23,0.0,0.0,,,52.0630375175159,52.0630375175159,,control,control_group_11
n11q5,saccade,28,28,0.0,0.0,,,61.29671578568675,61.29671578568675,,control,control_group_11
n11q5,saccade,37,37,0.0,0.0,,,49.4125617804202,49.4125617804202,,control,control_group_11
n11q5,saccade,43,43,0.0,0.0,,,40.80574960945787,40.80574960945787,,control,control_group_11
n11q5,saccade,47,47,0.0,0.0,,,66.90063657906572,66.90063657906572,,control,control_group_11
n12q5,fixation,0,5,611.0,6.700395649959775,-28.513740000000002,8.561059999999998,,,BG_n2q5,control,control_group_12
n12q5,fixation,7,13,733.0,2.2342799999999996,-30.0,-5.294357142857146,,,BG_n2q5,control,control_group_12
n12q5,fixation,15,17,245.0,4.33958953160319,-19.688160000000007,-8.448700000000006,,,BG_n2q5,control,control_group_12
n12q5,fixation,20,29,1101.0,3.1892619154907904,-29.597976000000006,-19.185444,,,BG_n2q5,control,control_group_12
n12q5,fixation,31,36,734.0,14.522186412534444,-8.983760000000004,-18.183200000000003,,,INST_n2q5_1c,control,control_group_12
n12q5,fixation,38,57,2567.0,19.988619064357596,-11.620500000000003,-3.7068750000000037,,,INST_n2q5_1c,control,control_group_12
n12q5,fixation,59,68,1101.0,4.04031236198391,-3.0692520000000036,3.6344879999999966,,,INST_n2q5_1b,control,control_group_12
n12q5,fixation,71,72,122.0,0.9073153577450361,-17.606220000000008,0.9379199999999988,,,INST_n2q5_1b,control,control_group_12
n12q5,saccade,6,6,0.0,0.0,,,74.23577653705568,74.23577653705568,,control,control_group_12
n12q5,saccade,14,14,0.0,0.0,,,69.54347335956203,69.54347335956203,,control,control_group_12
n12q5,saccade,18,19,121.0,5.3992731204116735,,,64.72233509632692,54.67221350027781,,control,control_group_12
n12q5,saccade,30,30,0.0,0.0,,,67.32743396080308,67.32743396080308,,control,control_group_12
n12q5,saccade,37,37,0.0,0.0,,,40.682446079362876,40.682446079362876,,control,control_group_12
n12q5,saccade,58,58,0.0,0.0,,,73.18756500438558,73.18756500438558,,control,control_group_12
n12q5,saccade,69,70,122.0,5.569162852170867,,,53.279334543372215,49.46410519041917,,control,control_group_12
n13q5,fixation,0,11,1345.0,12.434531596437392,-24.207285000000002,12.486719999999996,,,INST_n2q5_1a,control,control_group_13
n13q5,fixation,13,20,856.0,8.462229860385495,-28.118265,2.1881849999999954,,,BG_n2q5,control,control_group_13
n13q5,fixation,22,24,245.0,3.253272389825354,-13.476400000000005,-1.0219000000000056,,,INST_n2q5_1b,control,control_group_13
n13q5,fixation,26,31,612.0,1.2071400000000008,-30.0,-12.501530000000008,,,BG_n2q5,control,control_group_13
n13q5,fixation,36,37,122.0,3.5886369753988725,-25.275180000000006,-14.634750000000007,,,INST_n2q5_1c,control,control_group_13
n13q5,fixation,43,45,244.0,4.791493980044222,0.7263199999999971,-15.345980000000006,,,INST_n2q5_1c,control,control_group_13
n13q5,fixation,48,59,1345.0,1.1877421114029776,2.930514999999996,-12.226200000000006,,,INST_n2q5_1c,control,control_group_13
n13q5,fixation,62,75,1589.0,5.748105434314853,1.9641128571428546,-14.941675714285719,,,INST_n2q5_1c,control,control_group_13
n13q5,fixation,80,81,123.0,0.12095300575017129,2.460269999999997,-6.995070000000004,,,BG_n2q5,control,control_group_13
n13q5,fixation,83,89,733.0,4.920165338563333,-7.712862857142862,9.704597142857137,,,INST_n2q5_1a,control,control_group_13
n13q5,saccade,12,12,0.0,0.0,,,67.14322757890494,67.14322757890494,,control,control_group_13
n13q5,saccade,21,21,0.0,0.0,,,50.76427246719775,50.76427246719775,,control,control_group_13
n13q5,saccade,25,25,0.0,0.0,,,84.65140949466989,84.65140949466989,,control,control_group_13
n13q5,saccade,32,33,122.0,9.129908888504856,,,74.83531875823653,63.98653372555131,,control,control_group_13
n13q5,saccade,34,34,0.0,0.0,,,11.127873596847822,11.127873596847822,,control,control_group_13
n13q5,saccade,35,35,0.0,0.0,,,62.63818406938229,62.63818406938229,,control,control_group_13
n13q5,saccade,38,40,245.0,10.88273701156102,,,83.62402428053682,68.22852578435541,,control,control_group_13
n13q5,saccade,41,41,0.0,0.0,,,9.050896090862544,9.050896090862544,,control,control_group_13
n13q5,saccade,42,42,0.0,0.0,,,73.63566773773385,73.63566773773385,,control,control_group_13
n13q5,saccade,46,47,122.0,7.160326732908213,,,73.34142337698096,66.0163130528684,,control,control_group_13
n13q5,saccade,60,61,122.0,8.685444340343215,,,91.21880569894363,81.20548621153418,,control,control_group_13
n13q5,saccade,76,77,123.0,9.648491119216517,,,82.67251731607375,80.55776727273818,,control,control_group_13
n13q5,saccade,78,78,0.0,0.0,,,28.004844304901795,28.004844304901795,,control,control_group_13
n13q5,saccade,79,79,0.0,0.0,,,63.529883735231124,63.529883735231124,,control,control_group_13
n13q5,saccade,82,82,0.0,0.0,,,79.08739968036686,79.08739968036686,,control,control_group_13
n13q5,saccade,90,90,0.0,0.0,,,74.7666152915906,74.7666152915906,,control,control_group_13
n13q5,saccade,91,91,0.0,0.0,,,33.730967006279464,33.730967006279464,,control,control_group_13
n14q5,fixation,0,1,122.0,0.22121225372931724,-26.61114000000001,15.327449999999994,,,INST_n2q5_1a,control,control_group_14
n14q5,fixation,5,6,124.0,1.215091796532258,-8.690670000000006,11.911019999999997,,,INST_n2q5_1a,control,control_group_14
n14q5,fixation,9,17,978.0,3.1709909886343137,-26.623860000000004,2.3740133333333295,,,INST_n2q5_1b,control,control_group_14
n14q5,fixation,20,24,489.0,8.170802920692678,-5.475600000000005,-1.1492760000000066,,,INST_n2q5_1b,control,control_group_14
n14q5,fixation,26,34,978.0,13.105560648961191,-22.107160000000007,-11.425106666666672,,,INST_n2q5_1c,control,control_group_14
n14q5,fixation,38,43,611.0,6.304044406093607,10.794289999999991,-15.525130000000006,,,INST_n2q5_1c,control,control_group_14
n14q5,fixation,45,47,244.0,3.1330181896695124,7.887859999999992,-11.149740000000008,,,INST_n2q5_1c,control,control_group_14
n14q5,fixation,53,54,123.0,2.5858363918082707,-9.309330000000006,12.428159999999991,,,INST_n2q5_1a,control,control_group_14
n14q5,fixation,56,60,490.0,2.076469130519395,-9.056028000000007,17.583299999999998,,,INST_n2q5_1a,control,control_group_14
n14q5,fixation,62,65,366.0,7.622499638832392,-13.415805000000008,11.529509999999998,,,INST_n2q5_1a,control,control_group_14
n14q5,fixation,67,69,244.0,1.677021456034472,-11.447720000000004,4.413179999999994,,,INST_n2q5_1b,control,control_group_14
n14q5,fixation,72,77,612.0,10.156642628152275,-3.322550000000007,-5.539360000000006,,,BG_n2q5,control,control_group_14
n14q5,saccade,2,2,0.0,0.0,,,50.49465993523493,50.49465993523493,,control,control_group_14
n14q5,saccade,3,3,0.0,0.0,,,7.0639690696090485,7.0639690696090485,,control,control_group_14
n14q5,saccade,4,4,0.0,0.0,,,71.4175770800881,71.4175770800881,,control,control_group_14
n14q5,saccade,7,8,122.0,10.334825991394341,,,84.71168845405198,63.18249027831108,,control,control_group_14
n14q5,saccade,18,19,122.0,5.250450429134631,,,78.0299946452487,60.53323678629087,,control,control_group_14
n14q5,saccade,25,25,0.0,0.0,,,93.3390274497763,93.3390274497763,,control,control_group_14
n14q5,saccade,35,37,245.0,15.217406706071829,,,74.3738453385197,56.021518855827246,,control,control_group_14
n14q5,saccade,44,44,0.0,0.0,,,42.992861647570464,42.992861647570464,,control,control_group_14
n14q5,saccade,48,52,489.0,25.18315988929905,,,80.33963927982883,61.698450068554415,,control,control_group_14
n14q5,saccade,55,55,0.0,0.0,,,61.97256337948901,61.97256337948901,,control,control_group_14
n14q5,saccade,61,61,0.0,0.0,,,44.25483897627543,44.25483897627543,,control,control_group_14
n14q5,saccade,66,66,0.0,0.0,,,44.60691033804004,44.60691033804004,,control,control_group_14
n14q5,saccade,70,71,122.0,6.967787091178949,,,81.7731910895794,69.44310001683458,,control,control_group_14
n14q5,saccade,78,78,0.0,0.0,,,58.568625040574155,58.568625040574155,,control,control_group_14
n14q5,saccade,79,79,0.0,0.0,,,17.859259390018803,17.859259390018803,,control,control_group_14
n15q5,fixation,0,1,122.0,2.2175826655166615,-24.472140000000003,13.254959999999997,,,INST_n2q5_1a,control,control_group_15
n15q5,fixation,6,9,366.0,2.1406800000000024,-30.0,0.34904999999999603,,,BG_n2q5,control,control_group_15
n15q5,fixation,12,13,122.0,0.9929795109668652,-14.005290000000006,-2.277480000000003,,,INST_n2q5_1b,control,control_group_15
n15q5,fixation,15,19,488.0,4.963401586694347,-29.463516000000006,-11.381148000000003,,,BG_n2q5,control,control_group_15
n15q5,fixation,24,27,366.0,9.226365414072866,-1.8783150000000037,-17.105985000000008,,,INST_n2q5_1c,control,control_group_15
n15q5,fixation,30,31,122.0,2.080148327884337,-22.428030000000007,-10.019820000000003,,,INST_n2q5_1c,control,control_group_15
n15q5,fixation,42,43,122.0,1.0515289793438891,-28.510110000000005,14.169329999999997,,,INST_n2q5_1a,control,control_group_15
n15q5,fixation,46,49,611.0,2.1421839534456373,-6.854685000000006,16.707465,,,INST_n2q5_1a,control,control_group_15
n15q5,saccade,2,2,0.0,0.0,,,41.26061752388139,41.26061752388139,,control,control_group_15
n15q5,saccade,3,3,0.0,0.0,,,2.3164123833130192,2.3164123833130192,,control,control_group_15
n15q5,saccade,4,5,122.0,4.904260556373409,,,115.2368128968658,77.71783495815998,,control,control_group_15
n15q5,saccade,10,11,123.0,5.468474579149105,,,79.51500513725668,61.98707402858405,,control,control_group_15
n15q5,saccade,14,14,0.0,0.0,,,114.83432955047701,114.83432955047701,,control,control_group_15
n15q5,saccade,20,23,367.0,31.55160331485549,,,116.77342374450025,88.45330605930604,,control,control_group_15
n15q5,saccade,28,29,122.00000000000091,9.002344203906004,,,73.78970658939292,68.25102549948113,,control,control_group_15
n15q5,saccade,32,32,0.0,0.0,,,53.75492581167279,53.75492581167279,,control,control_group_15
n15q5,saccade,33,33,0.0,0.0,,,38.06858821778736,38.06858821778736,,control,control_group_15
n15q5,saccade,34,34,0.0,0.0,,,80.75427374733857,80.75427374733857,,control,control_group_15
n15q5,saccade,35,35,0.0,0.0,,,12.974609121654298,12.974609121654298,,control,control_group_15
n15q5,saccade,36,38,245.0,13.585946029114057,,,68.78231427814619,53.8345678205716,,control,control_group_15
n15q5,saccade,39,39,0.0,0.0,,,15.629589634984756,15.629589634984756,,control,control_group_15
n15q5,saccade,40,41,122.0,5.30156311610076,,,78.42962241824596,60.942528898060516,,control,control_group_15
n15q5,saccade,44,45,122.0,5.456528636926593,,,84.68136801671909,64.70350629084558,,control,control_group_15
n16q5,fixation,0,3,367.0,4.40573885930612,-9.914010000000008,12.294569999999997,,,INST_n2q5_1a,control,control_group_16
n16q5,fixation,5,11,733.0,4.231625153767758,-24.455194285714292,0.26849999999999613,,,INST_n2q5_1b,control,control_group_16
n16q5,fixation,13,15,244.0,5.114658270109542,-5.144840000000007,-1.0308400000000062,,,INST_n2q5_1b,control,control_group_16
n16q5,fixation,24,25,123.0,2.4701447285533753,-19.107690000000005,-11.838390000000004,,,INST_n2q5_1c,control,control_group_16
n16q5,fixation,29,32,365.9999999999991,3.015434085169163,5.178014999999995,-15.254130000000007,,,INST_n2q5_1c,control,control_group_16
n16q5,fixation,38,43,611.0,12.019807051712602,-1.8682100000000055,7.648689999999995,,,BG_n2q5,control,control_group_16
n16q5,fixation,45,48,366.0,2.501057598776966,-24.550185000000006,11.453114999999995,,,INST_n2q5_1a,control,control_group_16
n16q5,saccade,4,4,0.0,0.0,,,120.55573591329592,120.55573591329592,,control,control_group_16
n16q5,saccade,12,12,0.0,0.0,,,134.7634380211399,134.7634380211399,,control,control_group_16
n16q5,saccade,16,16,0.0,0.0,,,88.48557939050464,88.48557939050464,,control,control_group_16
n16q5,saccade,17,17,0.0,0.0,,,10.08772499321992,10.08772499321992,,control,control_group_16
n16q5,saccade,18,19,123.0,9.112309348326585,,,74.08381584005353,66.85494244510897,,control,control_group_16
n16q5,saccade,20,20,0.0,0.0,,,10.762887763242915,10.762887763242915,,control,control_group_16
n16q5,saccade,21,23,244.0,12.690490160888194,,,64.25376668902372,56.10232318784451,,control,control_group_16
n16q5,saccade,26,28,244.0,13.87847825025496,,,58.685407561011175,56.55947608104524,,control,control_group_16
n16q5,saccade,33,34,123.0,15.35655448632928,,,124.85003647422178,101.27831844978289,,control,control_group_16
n16q5,saccade,35,35,0.0,0.0,,,30.02233581177073,30.02233581177073,,control,control_group_16
n16q5,saccade,36,37,123.0,7.9674027157913905,,,64.77563183570236,55.60875562210205,,control,control_group_16
n16q5,saccade,44,44,0.0,0.0,,,118.99599869627664,118.99599869627664,,control,control_group_16
n17q5,fixation,2,5,367.0,0.3704569140939343,-8.547990000000006,10.631834999999992,,,INST_n2q5_1a,control,control_group_17
n17q5,fixation,7,10,366.0,1.5247028772846234,-25.138905000000005,1.0044299999999962,,,INST_n2q5_1b,control,control_group_17
n17q5,fixation,13,18,733.0,20.977981373125495,-14.715690000000007,-7.706650000000004,,,INST_n2q5_1b,control,control_group_17
n17q5,fixation,25,36,1466.0,10.477653640791912,5.819814999999994,-10.086005000000005,,,INST_n2q5_1c,control,control_group_17
n17q5,fixation,39,40,123.0,1.267744918349114,-25.077360000000006,-10.898130000000005,,,INST_n2q5_1c,control,control_group_17
n17q5,fixation,43,44,122.0,3.9968706267778984,5.677109999999996,-8.834310000000006,,,INST_n2q5_1c,control,control_group_17
n17q5,saccade,0,0,0.0,0.0,,,0.0,0.0,,control,control_group_17
n17q5,saccade,1,1,0.0,0.0,,,62.23406081331812,62.23406081331812,,control,control_group_17
n17q5,saccade,6,6,0.0,0.0,,,140.64574515663026,140.64574515663026,,control,control_group_17
n17q5,saccade,11,12,123.0,6.59674564038966,,,89.33158091517292,71.48182964616231,,control,control_group_17
n17q5,saccade,19,20,122.0,7.060704844702121,,,57.87462987460755,51.56403557844048,,control,control_group_17
n17q5,saccade,21,21,0.0,0.0,,,33.7860168726549,33.7860168726549,,control,control_group_17
n17q5,saccade,22,22,0.0,0.0,,,47.76451288405221,47.76451288405221,,control,control_group_17
n17q5,saccade,23,23,0.0,0.0,,,19.16670070572639,19.16670070572639,,control,control_group_17
n17q5,saccade,24,24,0.0,0.0,,,53.45730320976383,53.45730320976383,,control,control_group_17
n17q5,saccade,37,38,244.0,28.40220141840418,,,116.40246482952531,81.63402629724011,,control,control_group_17
n17q5,saccade,41,42,244.0,25.2938336582575,,,103.66325269777664,79.44893046774783,,control,control_group_17
n17q5,saccade,45,46,122.0,5.065418305174804,,,49.21304195476322,45.36643206416359,,control,control_group_17
n18q5,fixation,0,1,124.0,3.342090571842722,-11.026680000000006,10.096859999999996,,,INST_n2q5_1a,control,control_group_18
n18q5,fixation,3,5,243.0,5.450305506446406,-24.711560000000006,4.253179999999996,,,INST_n2q5_1b,control,control_group_18
n18q5,fixation,9,12,367.0,7.819631356656137,-5.397585000000007,-3.183480000000006,,,INST_n2q5_1b,control,control_group_18
n18q5,fixation,14,23,1344.0,31.248260580595527,-3.1820160000000053,-16.77935400000001,,,INST_n2q5_1c,control,control_group_18
n18q5,fixation,27,29,244.0,2.7148371935716527,-10.528320000000006,1.156439999999994,,,INST_n2q5_1b,control,control_group_18
n18q5,fixation,31,34,367.0,5.638331484153801,-19.737645000000008,11.321039999999995,,,INST_n2q5_1a,control,control_group_18
n18q5,fixation,38,45,978.0,16.534992660101185,-7.837282500000006,3.273202499999997,,,INST_n2q5_1b,control,control_group_18
n18q5,saccade,2,2,0.0,0.0,,,101.07033547126353,101.07033547126353,,control,control_group_18
n18q5,saccade,6,6,0.0,0.0,,,58.92052491506375,58.92052491506375,,control,control_group_18
n18q5,saccade,7,7,0.0,0.0,,,12.761881913814769,12.761881913814769,,control,control_group_18
n18q5,saccade,8,8,0.0,0.0,,,70.40103478952308,70.40103478952308,,control,control_group_18
n18q5,saccade,13,13,0.0,0.0,,,93.65525676095258,93.65525676095258,,control,control_group_18
n18q5,saccade,24,26,244.0,15.37648150797835,,,83.18013424364905,66.44495089394766,,control,control_group_18
n18q5,saccade,30,30,0.0,0.0,,,86.70630252607098,86.70630252607098,,control,control_group_18
n18q5,saccade,35,37,366.0,27.55581569501436,,,102.51670705550336,69.51076703149907,,control,control_group_18
n19q5,fixation,0,3,367.0,1.2376267076950134,-11.672280000000006,14.215349999999994,,,INST_n2q5_1a,control,control_group_19
n19q5,fixation,5,9,488.0,9.355376724536537,-25.175256000000008,3.8483759999999947,,,INST_n2q5_1b,control,control_group_19
n19q5,fixation,12,13,123.0,0.36609247192478045,-6.234420000000005,2.7945899999999946,,,INST_n2q5_1b,control,control_group_19
n19q5,fixation,20,24,489.0,2.9734207815242053,11.366471999999995,-14.555052000000007,,,INST_n2q5_1c,control,control_group_19
n19q5,fixation,26,33,1100.0,36.276074768397976,-13.760002500000006,5.240024999999996,,,INST_n2q5_1a,control,control_group_19
n19q5,fixation,35,43,978.0,2.064072620524771,-8.833606666666673,13.332859999999995,,,INST_n2q5_1a,control,control_group_19
n19q5,saccade,4,4,0.0,0.0,,,81.49570694853227,81.49570694853227,,control,control_group_19
n19q5,saccade,10,11,123.0,6.398574336615933,,,128.88613394275174,90.45353175436748,,control,control_group_19
n19q5,saccade,14,14,0.0,0.0,,,102.10764591679433,102.10764591679433,,control,control_group_19
n19q5,saccade,15,15,0.0,0.0,,,2.1116773462646514,2.1116773462646514,,control,control_group_19
n19q5,saccade,16,17,122.0,7.890931398028998,,,120.21541499977992,92.44759027869733,,control,control_group_19
n19q5,saccade,18,18,0.0,0.0,,,9.068112923689016,9.068112923689016,,control,control_group_19
n19q5,saccade,19,19,0.0,0.0,,,50.08805169500456,50.08805169500456,,control,control_group_19
n19q5,saccade,25,25,0.0,0.0,,,48.27757778259685,48.27757778259685,,control,control_group_19
n19q5,saccade,34,34,0.0,0.0,,,133.5684650549492,133.5684650549492,,control,control_group_19
n20q5,fixation,0,2,244.0,1.1414093451518634,-15.620740000000005,8.990179999999997,,,BG_n2q5,control,control_group_20
n20q5,fixation,4,7,366.0,0.7779889073759343,-26.810025000000007,-0.770850000000004,,,INST_n2q5_1b,control,control_group_20
n20q5,fixation,14,15,123.0,2.0279041770261217,-25.906470000000006,-13.902150000000006,,,INST_n2q5_1c,control,control_group_20
n20q5,fixation,19,23,488.0,5.118480795118798,0.1322399999999937,-15.027156000000005,,,INST_n2q5_1c,control,control_group_20
n20q5,fixation,27,29,244.0,5.280757638256085,-14.791340000000005,-4.405400000000006,,,INST_n2q5_1b,control,control_group_20
n20q5,fixation,32,33,122.0,2.900521095941212,-22.950810000000008,4.500449999999997,,,BG_n2q5,control,control_group_20
n20q5,fixation,35,45,1222.0,2.254924141340456,-7.129227272727277,8.941052727272721,,,BG_n2q5,control,control_group_20
n20q5,fixation,48,55,856.0,8.45844340850017,-7.282950000000007,3.991822499999996,,,INST_n2q5_1b,control,control_group_20
n20q5,fixation,58,63,612.0,1.0807103597171641,-20.37694000000001,0.08579999999999532,,,INST_n2q5_1b,control,control_group_20
n20q5,saccade,3,3,0.0,0.0,,,107.49923396975872,107.49923396975872,,control,control_group_20
n20q5,saccade,8,8,0.0,0.0,,,99.38095085089775,99.38095085089775,,control,control_group_20
n20q5,saccade,9,9,0.0,0.0,,,5.115132867438074,5.115132867438074,,control,control_group_20
n20q5,saccade,10,10,0.0,0.0,,,45.00213579720556,45.00213579720556,,control,control_group_20
n20q5,saccade,11,11,0.0,0.0,,,6.863228849396139,6.863228849396139,,control,control_group_20
n20q5,saccade,12,13,122.0,8.396690226654787,,,99.73072716521716,84.27802844594788,,control,control_group_20
n20q5,saccade,16,16,0.0,0.0,,,70.87364238061328,70.87364238061328,,control,control_group_20
n20q5,saccade,17,17,0.0,0.0,,,5.001135377676026,5.001135377676026,,control,control_group_20
n20q5,saccade,18,18,0.0,0.0,,,88.65236254503264,88.65236254503264,,control,control_group_20
n20q5,saccade,24,26,245.0,11.764732311463783,,,52.51586359689593,50.135462265847394,,control,control_group_20
n20q5,saccade,30,31,121.99999999999909,4.969448688053839,,,41.51328629934172,41.123236133498224,,control,control_group_20
n20q5,saccade,34,34,0.0,0.0,,,91.6945840472871,91.6945840472871,,control,control_group_20
n20q5,saccade,46,47,123.0,6.308461573600964,,,68.68214274765302,59.985224112041806,,control,control_group_20
n20q5,saccade,56,57,122.0,5.329900288485704,,,50.55607417470304,47.121890728686374,,control,control_group_20
n21q5,fixation,5,14,100.0,1.6713390388547713,-14.110518000000008,13.673291999999993,,,INST_n2q5_1a,control,control_group_21
n21q5,fixation,37,48,123.0,1.3404416958599878,-25.87002500000001,12.936184999999995,,,INST_n2q5_1a,control,control_group_21
n21q5,fixation,50,59,100.0,0.06428069694706283,-25.35883200000001,12.260033999999994,,,INST_n2q5_1a,control,control_group_21
n21q5,fixation,61,72,134.0,8.770200227816925,-14.034520000000006,9.837459999999995,,,INST_n2q5_1a,control,control_group_21
n21q5,fixation,158,176,201.0,1.1627646573576307,-22.857688421052636,0.7814463157894672,,,INST_n2q5_1b,control,control_group_21
n21q5,fixation,233,262,323.0,0.9700156670899774,-26.72385400000001,11.501971999999995,,,INST_n2q5_1a,control,control_group_21
n21q5,fixation,283,294,122.0,0.7549865826622396,-21.640865000000005,11.632349999999994,,,INST_n2q5_1a,control,control_group_21
n21q5,fixation,297,335,423.0,1.482032494380609,-15.020640000000004,10.359003076923072,,,INST_n2q5_1a,control,control_group_21
n21q5,fixation,359,368,100.0,1.0595540952683837,-20.807238000000005,-1.1639940000000057,,,INST_n2q5_1b,control,control_group_21
n21q5,fixation,452,461,100.0,1.0965616611937463,-13.852326000000005,0.295811999999993,,,INST_n2q5_1b,control,control_group_21
n21q5,fixation,594,604,110.0,0.8360635621769441,-7.207227272727278,-14.690721818181823,,,INST_n2q5_1c,control,control_group_21
n21q5,fixation,657,668,122.0,1.530741854265441,-5.065665000000006,-11.824390000000008,,,INST_n2q5_1c,control,control_group_21
n21q5,fixation,671,686,167.0,0.6710560781335618,-4.7361412500000055,-12.655263750000007,,,INST_n2q5_1c,control,control_group_21
n21q5,fixation,714,727,145.0,1.4320859841503921,3.6024042857142784,-16.47841714285715,,,INST_n2q5_1c,control,control_group_21
n21q5,fixation,780,791,124.0,2.724937182835597,-10.943555000000005,8.310774999999992,,,BG_n2q5,control,control_group_21
n21q5,fixation,793,807,156.0,0.8671222107638655,-10.741928000000009,9.37101999999999,,,INST_n2q5_1a,control,control_group_21
n21q5,fixation,914,924,110.0,0.742347625577134,-12.556052727272732,0.7879254545454487,,,INST_n2q5_1b,control,control_group_21
n21q5,fixation,932,942,111.0,0.3887809115684507,-18.6500890909091,4.740741818181812,,,INST_n2q5_1b,control,control_group_21
n21q5,fixation,1032,1061,323.0,0.2595942141111762,-19.38004400000001,9.57300799999999,,,INST_n2q5_1a,control,control_group_21
n21q5,fixation,1093,1106,145.0,0.6958203725100315,-20.32546285714286,1.7746628571428504,,,INST_n2q5_1b,control,control_group_21
n21q5,fixation,1121,1132,123.0,0.2054188744979383,-12.266905000000007,4.291754999999995,,,INST_n2q5_1b,control,control_group_21
n21q5,fixation,1141,1158,189.0,1.1800945850227438,-12.773346666666672,8.267229999999993,,,BG_n2q5,control,control_group_21
n21q5,fixation,1221,1231,111.0,0.49193798389634313,-7.0647436363636436,-4.052094545454551,,,INST_n2q5_1b,control,control_group_21
n21q5,fixation,1251,1261,111.0,1.1982506504066655,-5.2127672727272785,-7.559601818181826,,,BG_n2q5,control,control_group_21
n21q5,fixation,1267,1278,121.99999999999818,1.1281896558646531,-11.491795000000003,-1.8064850000000057,,,INST_n2q5_1b,control,control_group_21
n21q5,fixation,1297,1317,223.0,0.28838575415578444,-7.062288571428577,-2.8702657142857206,,,INST_n2q5_1b,control,control_group_21
n21q5,fixation,1483,1492,100.0,1.968579150758232,5.350679999999995,-14.398158000000006,,,INST_n2q5_1c,control,control_group_21
n21q5,fixation,1521,1533,133.0,0.30013187501496624,-11.326010769230775,-6.486530769230774,,,BG_n2q5,control,control_group_21
n21q5,fixation,1549,1558,100.0,0.5464532009239201,-21.111024000000008,-13.039392000000007,,,INST_n2q5_1c,control,control_group_21
n21q5,saccade,0,3,33.0,0.28330956143413305,,,10.950371894511116,7.037531009001668,,control,control_group_21
n21q5,saccade,4,4,0.0,0.0,,,40.026871304740936,40.026871304740936,,control,control_group_21
n21q5,saccade,15,16,11.0,4.02517078971812,,,365.9246172471018,240.0298063170718,,control,control_group_21
n21q5,saccade,17,17,0.0,0.0,,,21.447603576473487,21.447603576473487,,control,control_group_21
n21q5,saccade,18,21,33.0,1.6118656668593598,,,219.59305753827545,91.29463978723767,,control,control_group_21
n21q5,saccade,22,23,12.0,0.17376998590089418,,,19.92863847343731,17.20473531592258,,control,control_group_21
n21q5,saccade,24,24,0.0,0.0,,,65.42142282158075,65.42142282158075,,control,control_group_21
n21q5,saccade,25,26,10.0,0.18814117252743798,,,19.387630721674096,19.100873987208946,,control,control_group_21
n21q5,saccade,27,27,0.0,0.0,,,48.21334903322921,48.21334903322921,,control,control_group_21
n21q5,saccade,28,32,43.0,0.5787896353598619,,,15.580124019493818,12.10566252626403,,control,control_group_21
n21q5,saccade,33,34,12.0,0.7700147868710101,,,121.04912755837888,92.6085132321482,,control,control_group_21
n21q5,saccade,35,35,0.0,0.0,,,19.78200090991818,19.78200090991818,,control,control_group_21
n21q5,saccade,36,36,0.0,0.0,,,102.7806298919775,102.7806298919775,,control,control_group_21
n21q5,saccade,49,49,0.0,0.0,,,124.68889966632936,124.68889966632936,,control,control_group_21
n21q5,saccade,60,60,0.0,0.0,,,358.3977295945277,358.3977295945277,,control,control_group_21
n21q5,saccade,73,73,0.0,0.0,,,164.21321026336497,164.21321026336497,,control,control_group_21
n21q5,saccade,74,74,0.0,0.0,,,5.210472924713581,5.210472924713581,,control,control_group_21
n21q5,saccade,75,75,0.0,0.0,,,53.317611724457514,53.317611724457514,,control,control_group_21
n21q5,saccade,76,82,66.0,0.819780054892774,,,37.68787344702106,15.513780491454913,,control,control_group_21
n21q5,saccade,83,87,134.0,9.0408546297792,,,402.85696434963114,252.12791174536773,,control,control_group_21
n21q5,saccade,88,88,0.0,0.0,,,8.41069861781222,8.41069861781222,,control,control_group_21
n21q5,saccade,89,90,11.0,1.9962778533059948,,,181.47980484599955,170.83460881321977,,control,control_group_21
n21q5,saccade,91,95,45.0,0.3985413815402336,,,26.384588664754084,19.71814934973701,,control,control_group_21
n21q5,saccade,96,97,11.0,2.6820852422695274,,,371.5340804318146,307.68000577361306,,control,control_group_21
n21q5,saccade,98,100,22.0,0.06774095659200557,,,28.12255569543722,15.83338471079532,,control,control_group_21
n21q5,saccade,101,101,0.0,0.0,,,104.10617372790387,104.10617372790387,,control,control_group_21
n21q5,saccade,102,108,66.0,0.3903294085769101,,,36.78321571964147,16.577168013190615,,control,control_group_21
n21q5,saccade,109,109,0.0,0.0,,,122.6064152798236,122.6064152798236,,control,control_group_21
n21q5,saccade,110,110,0.0,0.0,,,15.74811496656027,15.74811496656027,,control,control_group_21
n21q5,saccade,111,111,0.0,0.0,,,89.61689320160255,89.61689320160255,,control,control_group_21
n21q5,saccade,112,118,67.0,0.30369296205213353,,,22.548062385831948,11.955922924750068,,control,control_group_21
n21q5,saccade,119,119,0.0,0.0,,,49.03192850809702,49.03192850809702,,control,control_group_21
n21q5,saccade,120,121,10.0,0.09401961710196548,,,9.401961710196547,6.64031869312447,,control,control_group_21
n21q5,saccade,122,122,0.0,0.0,,,59.659423605998924,59.659423605998924,,control,control_group_21
n21q5,saccade,123,123,0.0,0.0,,,38.57116706719716,38.57116706719716,,control,control_group_21
n21q5,saccade,124,126,22.0,7.934704589888646,,,425.45292363327223,389.60934299297224,,control,control_group_21
n21q5,saccade,127,128,10.0,0.32752817894037456,,,32.752817894037456,19.054674477170618,,control,control_group_21
n21q5,saccade,129,129,0.0,0.0,,,65.89823840589362,65.89823840589362,,control,control_group_21
n21q5,saccade,130,130,0.0,0.0,,,13.67425668912211,13.67425668912211,,control,control_group_21
n21q5,saccade,131,131,0.0,0.0,,,209.19367402003346,209.19367402003346,,control,control_group_21
n21q5,saccade,132,132,0.0,0.0,,,14.610886578560502,14.610886578560502,,control,control_group_21
n21q5,saccade,133,133,0.0,0.0,,,63.96725200386276,63.96725200386276,,control,control_group_21
n21q5,saccade,134,136,22.0,0.20824403568890124,,,24.78511903582133,14.57978279781594,,control,control_group_21
n21q5,saccade,137,140,34.0,1.7406105521913817,,,194.01416516403492,119.7153841633627,,control,control_group_21
n21q5,saccade,141,146,56.0,1.1617052586607302,,,36.312901743840726,26.240095122171613,,control,control_group_21
n21q5,saccade,147,148,11.0,1.0852213401882569,,,98.6564854716597,70.3932213096157,,control,control_group_21
n21q5,saccade,149,154,56.0,0.649362123933943,,,39.250767345238785,23.843892872391578,,control,control_group_21
n21q5,saccade,155,155,0.0,0.0,,,274.0256598047075,274.0256598047075,,control,control_group_21
n21q5,saccade,156,156,0.0,0.0,,,26.18697335611223,26.18697335611223,,control,control_group_21
n21q5,saccade,157,157,0.0,0.0,,,42.97495445889152,42.97495445889152,,control,control_group_21
n21q5,saccade,177,177,0.0,0.0,,,72.57653408074566,72.57653408074566,,control,control_group_21
n21q5,saccade,178,179,11.0,0.3208431205433551,,,29.167556413032283,24.70105947004186,,control,control_group_21
n21q5,saccade,180,180,0.0,0.0,,,106.54101334697384,106.54101334697384,,control,control_group_21
n21q5,saccade,181,181,0.0,0.0,,,18.80522874360157,18.80522874360157,,control,control_group_21
n21q5,saccade,182,182,0.0,0.0,,,139.1117196196539,139.1117196196539,,control,control_group_21
n21q5,saccade,183,186,33.0,0.5317332564359686,,,38.520676984859165,22.27259158354366,,control,control_group_21
n21q5,saccade,187,188,11.0,5.003287774493876,,,454.844343135807,304.0772020832312,,control,control_group_21
n21q5,saccade,189,189,0.0,0.0,,,26.731111783651517,26.731111783651517,,control,control_group_21
n21q5,saccade,190,192,22.0,1.7197451002982977,,,115.02432291828515,88.59471856549312,,control,control_group_21
n21q5,saccade,193,197,45.0,0.6068124049490091,,,38.974331296380214,20.387099074645995,,control,control_group_21
n21q5,saccade,198,198,0.0,0.0,,,74.16295368425924,74.16295368425924,,control,control_group_21
n21q5,saccade,199,201,23.0,0.426455017557539,,,18.953520121602946,18.196752159954844,,control,control_group_21
n21q5,saccade,202,203,11.0,1.304682278564402,,,171.7217284248653,145.16460414717818,,control,control_group_21
n21q5,saccade,204,207,34.0,0.5473642286448748,,,36.1604358929333,24.253860498293275,,control,control_group_21
n21q5,saccade,208,208,0.0,0.0,,,447.73571332329954,447.73571332329954,,control,control_group_21
n21q5,saccade,209,209,0.0,0.0,,,16.678167150623093,16.678167150623093,,control,control_group_21
n21q5,saccade,210,211,12.0,2.3129655787322063,,,192.7471315610172,182.57411505394012,,control,control_group_21
n21q5,saccade,212,212,0.0,0.0,,,27.73482108877731,27.73482108877731,,control,control_group_21
n21q5,saccade,213,213,0.0,0.0,,,188.77702144328904,188.77702144328904,,control,control_group_21
n21q5,saccade,214,220,67.0,1.1569816242274613,,,26.987867797669036,17.034037406516248,,control,control_group_21
n21q5,saccade,221,222,11.0,1.735300264738066,,,205.1511712964306,181.45287040903645,,control,control_group_21
n21q5,saccade,223,226,34.0,0.40812684498817375,,,25.960028779161206,13.260784473075477,,control,control_group_21
n21q5,saccade,227,227,0.0,0.0,,,127.0123633599545,127.0123633599545,,control,control_group_21
n21q5,saccade,228,229,11.0,0.11594089873723931,,,17.24398536896223,13.892033536173813,,control,control_group_21
n21q5,saccade,230,232,22.0,1.7073875454623693,,,116.56917360396238,90.88720111031712,,control,control_group_21
n21q5,saccade,263,263,0.0,0.0,,,41.44574583638019,41.44574583638019,,control,control_group_21
n21q5,saccade,264,267,34.0,0.18055261172300888,,,18.08272313654782,9.34032939503172,,control,control_group_21
n21q5,saccade,268,268,0.0,0.0,,,55.02131841386585,55.02131841386585,,control,control_group_21
n21q5,saccade,269,273,44.0,0.4589250017159648,,,38.92038861573708,16.624534141870907,,control,control_group_21
n21q5,saccade,274,275,10.0,0.5144000404354663,,,339.210326641156,195.3251653423513,,control,control_group_21
n21q5,saccade,276,276,0.0,0.0,,,12.995854146611563,12.995854146611563,,control,control_group_21
n21q5,saccade,277,277,0.0,0.0,,,66.91963170429098,66.91963170429098,,control,control_group_21
n21q5,saccade,278,281,34.0,0.7366767967025961,,,30.780181720984903,24.360913867094727,,control,control_group_21
n21q5,saccade,282,282,0.0,0.0,,,62.25864633928326,62.25864633928326,,control,control_group_21
n21q5,saccade,295,296,11.0,3.7567534923122055,,,341.52304475565506,317.0447567199311,,control,control_group_21
n21q5,saccade,336,338,23.0,3.39997635950605,,,245.4086715920244,183.59873234586766,,control,control_group_21
n21q5,saccade,339,340,11.0,0.22615021998662974,,,20.55911090787543,13.437508813550016,,control,control_group_21
n21q5,saccade,341,341,0.0,0.0,,,52.00059977403597,52.00059977403597,,control,control_group_21
n21q5,saccade,342,344,22.0,0.38825929995300745,,,26.935411451890733,15.716098668079868,,control,control_group_21
n21q5,saccade,345,345,0.0,0.0,,,99.12611006121313,99.12611006121313,,control,control_group_21
n21q5,saccade,346,354,88.0,0.5923966390856691,,,27.17520285113068,11.873438472834327,,control,control_group_21
n21q5,saccade,355,358,44.0,16.232468112631544,,,442.93058297608803,343.6092057948214,,control,control_group_21
n21q5,saccade,369,370,11.0,0.6467993821889442,,,58.79994383535856,58.42577781974627,,control,control_group_21
n21q5,saccade,371,376,56.0,0.3875421319031025,,,35.99538482813601,20.879594421217263,,control,control_group_21
n21q5,saccade,377,377,0.0,0.0,,,47.36254184741299,47.36254184741299,,control,control_group_21
n21q5,saccade,378,382,45.0,0.07493445135583485,,,19.531774752950625,11.442132053993818,,control,control_group_21
n21q5,saccade,383,383,0.0,0.0,,,76.83253791620193,76.83253791620193,,control,control_group_21
n21q5,saccade,384,388,45.0,0.31416185637343164,,,21.416371662973244,10.736526699145562,,control,control_group_21
n21q5,saccade,389,389,0.0,0.0,,,254.4719824484416,254.4719824484416,,control,control_group_21
n21q5,saccade,390,390,0.0,0.0,,,3.2323509342250354,3.2323509342250354,,control,control_group_21
n21q5,saccade,391,391,0.0,0.0,,,167.95766757093247,167.95766757093247,,control,control_group_21
n21q5,saccade,392,399,78.0,0.33738083229490007,,,39.61834661403401,9.997037822826098,,control,control_group_21
n21q5,saccade,400,400,0.0,0.0,,,107.81036022526216,107.81036022526216,,control,control_group_21
n21q5,saccade,401,401,0.0,0.0,,,6.971583407419917,6.971583407419917,,control,control_group_21
n21q5,saccade,402,402,0.0,0.0,,,415.47564355022166,415.47564355022166,,control,control_group_21
n21q5,saccade,403,404,12.0,0.019166408114199604,,,9.513179201107965,5.555189938645633,,control,control_group_21
n21q5,saccade,405,405,0.0,0.0,,,126.3023622401335,126.3023622401335,,control,control_group_21
n21q5,saccade,406,414,89.0,0.877294472340961,,,32.620374964274724,14.31352026779136,,control,control_group_21
n21q5,saccade,415,415,0.0,0.0,,,89.96407431729986,89.96407431729986,,control,control_group_21
n21q5,saccade,416,420,45.0,0.2966539802530902,,,14.49539681849454,11.094384405128746,,control,control_group_21
n21q5,saccade,421,421,0.0,0.0,,,42.64655958724108,42.64655958724108,,control,control_group_21
n21q5,saccade,422,422,0.0,0.0,,,4.0152901977194055,4.0152901977194055,,control,control_group_21
n21q5,saccade,423,423,0.0,0.0,,,41.39980344904846,41.39980344904846,,control,control_group_21
n21q5,saccade,424,424,0.0,0.0,,,10.768139347166548,10.768139347166548,,control,control_group_21
n21q5,saccade,425,426,11.0,1.2614979281790344,,,354.9859374397814,234.83378363711955,,control,control_group_21
n21q5,saccade,427,428,11.0,0.11347803664145607,,,10.31618514922328,8.870575739556706,,control,control_group_21
n21q5,saccade,429,429,0.0,0.0,,,69.6993473770981,69.6993473770981,,control,control_group_21
n21q5,saccade,430,430,0.0,0.0,,,5.321780600544417,5.321780600544417,,control,control_group_21
n21q5,saccade,431,431,0.0,0.0,,,49.71876154933864,49.71876154933864,,control,control_group_21
n21q5,saccade,432,432,0.0,0.0,,,12.68312721689697,12.68312721689697,,control,control_group_21
n21q5,saccade,433,433,0.0,0.0,,,95.11064950887467,95.11064950887467,,control,control_group_21
n21q5,saccade,434,435,11.0,0.10844948132656163,,,11.87464442268867,10.866844089824408,,control,control_group_21
n21q5,saccade,436,436,0.0,0.0,,,214.14925032527216,214.14925032527216,,control,control_group_21
n21q5,saccade,437,438,12.0,0.09053936381486298,,,24.923271610456744,16.23410929751433,,control,control_group_21
n21q5,saccade,439,440,12.0,0.517932042260369,,,111.91941418717307,77.54020885443525,,control,control_group_21
n21q5,saccade,441,447,67.0,0.40604461725282764,,,25.705913716497093,12.622531343557553,,control,control_group_21
n21q5,saccade,448,448,0.0,0.0,,,101.71935075173938,101.71935075173938,,control,control_group_21
n21q5,saccade,449,450,11.0,0.08367795408588978,,,17.717835529989987,12.662461132535437,,control,control_group_21
n21q5,saccade,451,451,0.0,0.0,,,187.65882114550064,187.65882114550064,,control,control_group_21
n21q5,saccade,462,465,33.0,3.300388997981906,,,320.55906187278543,164.90104133879962,,control,control_group_21
n21q5,saccade,466,467,12.0,0.23078219082069323,,,19.23184923505777,16.49490716049607,,control,control_group_21
n21q5,saccade,468,468,0.0,0.0,,,48.31357411742589,48.31357411742589,,control,control_group_21
n21q5,saccade,469,470,11.0,0.42313940256137844,,,38.46721841467077,28.220959345168104,,control,control_group_21
n21q5,saccade,471,471,0.0,0.0,,,75.74754295990557,75.74754295990557,,control,control_group_21
n21q5,saccade,472,472,0.0,0.0,,,7.637660928766721,7.637660928766721,,control,control_group_21
n21q5,saccade,473,473,0.0,0.0,,,44.590410339162396,44.590410339162396,,control,control_group_21
n21q5,saccade,474,475,10.0,0.08608402639282214,,,13.627234679126845,11.11781865920453,,control,control_group_21
n21q5,saccade,476,476,0.0,0.0,,,134.15127524552284,134.15127524552284,,control,control_group_21
n21q5,saccade,477,483,67.0,0.2062780453659598,,,32.37605818813733,19.119528243872733,,control,control_group_21
n21q5,saccade,484,484,0.0,0.0,,,51.222858340089864,51.222858340089864,,control,control_group_21
n21q5,saccade,485,491,67.0,0.32098033397702264,,,32.67423488010097,14.659241832537791,,control,control_group_21
n21q5,saccade,492,492,0.0,0.0,,,83.83804114959783,83.83804114959783,,control,control_group_21
n21q5,saccade,493,493,0.0,0.0,,,19.225096975542424,19.225096975542424,,control,control_group_21
n21q5,saccade,494,494,0.0,0.0,,,114.62888701737879,114.62888701737879,,control,control_group_21
n21q5,saccade,495,496,11.0,0.1876089859255138,,,29.551165266280922,23.303263811572908,,control,control_group_21
n21q5,saccade,497,497,0.0,0.0,,,108.92210703825387,108.92210703825387,,control,control_group_21
n21q5,saccade,498,504,66.0,0.2797143242667403,,,27.320844644082964,14.350356649684093,,control,control_group_21
n21q5,saccade,505,505,0.0,0.0,,,117.35963101397141,117.35963101397141,,control,control_group_21
n21q5,saccade,506,508,22.0,0.5582415799633691,,,34.71416137543881,27.711176936827417,,control,control_group_21
n21q5,saccade,509,509,0.0,0.0,,,45.765882489033245,45.765882489033245,,control,control_group_21
n21q5,saccade,510,510,0.0,0.0,,,16.79798350993364,16.79798350993364,,control,control_group_21
n21q5,saccade,511,512,11.0,0.6380909392868698,,,130.77916927919122,94.39371824354424,,control,control_group_21
n21q5,saccade,513,514,10.0,0.16785542350487087,,,20.440272136153613,18.61290724332035,,control,control_group_21
n21q5,saccade,515,515,0.0,0.0,,,49.43169934364013,49.43169934364013,,control,control_group_21
n21q5,saccade,516,520,44.0,0.5884064146489253,,,31.4183532192299,21.358921616087734,,control,control_group_21
n21q5,saccade,521,523,22.0,1.3055536011975915,,,154.58619674796284,106.56869307228396,,control,control_group_21
n21q5,saccade,524,525,11.0,0.4097659531976742,,,38.645003397636295,37.94822684416698,,control,control_group_21
n21q5,saccade,526,532,67.0,3.7885182962208406,,,311.5797173084547,105.7279393829302,,control,control_group_21
n21q5,saccade,533,534,11.0,0.40165927948947144,,,36.514479953588314,32.60439118997525,,control,control_group_21
n21q5,saccade,535,537,23.0,1.7911852266027635,,,157.5126252318782,103.62152750373865,,control,control_group_21
n21q5,saccade,538,543,56.0,0.2835997983074017,,,34.566165083720776,23.152641411241433,,control,control_group_21
n21q5,saccade,544,544,0.0,0.0,,,62.675816206812065,62.675816206812065,,control,control_group_21
n21q5,saccade,545,545,0.0,0.0,,,13.243854274079508,13.243854274079508,,control,control_group_21
n21q5,saccade,546,546,0.0,0.0,,,90.01939262144538,90.01939262144538,,control,control_group_21
n21q5,saccade,547,551,45.0,0.40915682323529484,,,13.42822794657308,10.73036557380858,,control,control_group_21
n21q5,saccade,552,552,0.0,0.0,,,63.070597988115374,63.070597988115374,,control,control_group_21
n21q5,saccade,553,556,33.0,0.514276394558414,,,29.564071617057863,20.826175741694737,,control,control_group_21
n21q5,saccade,557,558,12.0,1.4838573907218975,,,408.72426540870333,266.1895239844307,,control,control_group_21
n21q5,saccade,559,560,11.0,0.28326688828735463,,,25.751535298850424,18.037930131138097,,control,control_group_21
n21q5,saccade,561,561,0.0,0.0,,,60.76870021334861,60.76870021334861,,control,control_group_21
n21q5,saccade,562,564,22.0,0.12458220900272945,,,25.695558351751448,14.931431284284514,,control,control_group_21
n21q5,saccade,565,565,0.0,0.0,,,50.077358157155196,50.077358157155196,,control,control_group_21
n21q5,saccade,566,567,10.0,0.016110530717512523,,,7.360205499848509,4.485629285799881,,control,control_group_21
n21q5,saccade,568,568,0.0,0.0,,,132.99039711573158,132.99039711573158,,control,control_group_21
n21q5,saccade,569,570,7.0,0.04717732506194269,,,7.58330712412291,7.1614624950573615,,control,control_group_21
n21q5,saccade,571,571,0.0,0.0,,,94.97265645729912,94.97265645729912,,control,control_group_21
n21q5,saccade,572,574,18.0,0.1286210247199095,,,14.053491460210923,10.691181159216976,,control,control_group_21
n21q5,saccade,575,576,10.0,2.0853984793319467,,,230.1319050370894,219.33587648514202,,control,control_group_21
n21q5,saccade,577,578,11.0,0.3108050096121382,,,28.255000873830745,23.055547107681175,,control,control_group_21
n21q5,saccade,579,580,12.0,1.2340411195742227,,,102.83675996451856,91.08512203400848,,control,control_group_21
n21q5,saccade,581,588,82.0,0.7301408579171532,,,30.018608113266165,16.07260191666596,,control,control_group_21
n21q5,saccade,589,590,11.0,1.7176337240517858,,,156.14852036834418,142.08877136189116,,control,control_group_21
n21q5,saccade,591,591,0.0,0.0,,,3.825140520294885,3.825140520294885,,control,control_group_21
n21q5,saccade,592,593,11.0,0.9448410037673013,,,103.13794323883519,94.51628997247676,,control,control_group_21
n21q5,saccade,605,607,22.0,1.0108616843070062,,,171.07539456333296,87.96369826729965,,control,control_group_21
n21q5,saccade,608,613,55.0,0.2259880067614218,,,21.189909155067173,12.901840801672028,,control,control_group_21
n21q5,saccade,614,614,0.0,0.0,,,80.93141890075367,80.93141890075367,,control,control_group_21
n21q5,saccade,615,623,99.0,2.69687943000795,,,38.42513730436762,16.505086224868837,,control,control_group_21
n21q5,saccade,624,625,11.0,0.6922598567012255,,,62.932714245565954,56.81559717203056,,control,control_group_21
n21q5,saccade,626,631,55.0,0.21423562728920717,,,24.451096089950745,13.94093191464074,,control,control_group_21
n21q5,saccade,632,632,0.0,0.0,,,248.39188518347373,248.39188518347373,,control,control_group_21
n21q5,saccade,633,633,0.0,0.0,,,12.500763877486236,12.500763877486236,,control,control_group_21
n21q5,saccade,634,637,34.0,1.58074840806499,,,455.53612093629386,185.47579893534132,,control,control_group_21
n21q5,saccade,638,645,78.0,0.45019875610667714,,,36.94426774221206,18.11675630504721,,control,control_group_21
n21q5,saccade,646,648,22.0,1.9558744027160908,,,365.8602210662946,238.09784549560445,,control,control_group_21
n21q5,saccade,649,650,10.0,0.28103272407319546,,,28.103272407319544,26.628027031317615,,control,control_group_21
n21q5,saccade,651,653,22.0,3.535181389971384,,,351.6581596166937,227.03673338489511,,control,control_group_21
n21q5,saccade,654,655,10.0,0.05689569403742149,,,5.68956940374215,5.562657261429381,,control,control_group_21
n21q5,saccade,656,656,0.0,0.0,,,271.86965521183134,271.86965521183134,,control,control_group_21
n21q5,saccade,669,670,10.0,1.0990176415326576,,,164.39563132881605,137.1486977410409,,control,control_group_21
n21q5,saccade,687,687,0.0,0.0,,,100.47930718312101,100.47930718312101,,control,control_group_21
n21q5,saccade,688,693,56.0,0.12894686812792258,,,21.026310554569385,8.253004455741275,,control,control_group_21
n21q5,saccade,694,695,11.0,4.023226018259478,,,365.7478198417707,220.59179406484964,,control,control_group_21
n21q5,saccade,696,697,10.99999999999909,0.25120620692969303,,,22.836927902701255,17.85387866215232,,control,control_group_21
n21q5,saccade,698,698,0.0,0.0,,,43.59185263932535,43.59185263932535,,control,control_group_21
n21q5,saccade,699,702,34.00000000000091,0.29454836614722646,,,16.745281313877648,10.952818476033341,,control,control_group_21
n21q5,saccade,703,705,100.99999999999909,11.518381328311719,,,272.85414184870655,195.67968068068964,,control,control_group_21
n21q5,saccade,706,706,0.0,0.0,,,39.70281056729049,39.70281056729049,,control,control_group_21
n21q5,saccade,707,708,11.0,0.918779404427419,,,83.52540040249264,79.39177953585491,,control,control_group_21
n21q5,saccade,709,712,45.0,0.2712461376683525,,,31.51825185507586,21.74982993967944,,control,control_group_21
n21q5,saccade,713,713,0.0,0.0,,,40.48396560459926,40.48396560459926,,control,control_group_21
n21q5,saccade,728,730,33.0,12.404334855541425,,,183.21625103856957,99.11546836267466,,control,control_group_21
n21q5,saccade,731,732,11.0,0.21750576819937364,,,36.70545976907936,28.239355711783936,,control,control_group_21
n21q5,saccade,733,733,0.0,0.0,,,45.81105652569045,45.81105652569045,,control,control_group_21
n21q5,saccade,734,734,0.0,0.0,,,30.412926460105208,30.412926460105208,,control,control_group_21
n21q5,saccade,735,735,0.0,0.0,,,70.58592224965761,70.58592224965761,,control,control_group_21
n21q5,saccade,736,737,11.0,0.3260350588510338,,,37.05524689317352,33.34739884890648,,control,control_group_21
n21q5,saccade,738,738,0.0,0.0,,,150.78120912434733,150.78120912434733,,control,control_group_21
n21q5,saccade,739,741,23.0,0.2078517259971633,,,12.583328971301697,11.184129444141481,,control,control_group_21
n21q5,saccade,742,748,156.0,7.549731278396603,,,220.83383202896047,143.45106135129961,,control,control_group_21
n21q5,saccade,749,749,0.0,0.0,,,5.973287644945178,5.973287644945178,,control,control_group_21
n21q5,saccade,750,750,0.0,0.0,,,40.384819502890274,40.384819502890274,,control,control_group_21
n21q5,saccade,751,753,22.0,0.342393904735462,,,18.922139728392995,16.68374163564475,,control,control_group_21
n21q5,saccade,754,754,0.0,0.0,,,45.305004704112775,45.305004704112775,,control,control_group_21
n21q5,saccade,755,756,11.0,0.230707146833382,,,35.29245386764737,28.132915426250136,,control,control_group_21
n21q5,saccade,757,757,0.0,0.0,,,85.04947190356006,85.04947190356006,,control,control_group_21
n21q5,saccade,758,758,0.0,0.0,,,26.91697924918088,26.91697924918088,,control,control_group_21
n21q5,saccade,759,759,0.0,0.0,,,107.18629178727758,107.18629178727758,,control,control_group_21
n21q5,saccade,760,760,0.0,0.0,,,30.43584359282018,30.43584359282018,,control,control_group_21
n21q5,saccade,761,764,34.0,0.9838165475331279,,,339.2521541555389,218.80828094256196,,control,control_group_21
n21q5,saccade,765,767,22.0,0.24073247973632,,,18.512936196388544,12.407705493743904,,control,control_group_21
n21q5,saccade,768,769,12.0,0.9519377880933191,,,84.45714349658813,81.89264625218236,,control,control_group_21
n21q5,saccade,770,772,22.0,0.37486273807888293,,,25.6324000804509,17.592851834582138,,control,control_group_21
n21q5,saccade,773,773,0.0,0.0,,,64.81190179956181,64.81190179956181,,control,control_group_21
n21q5,saccade,774,774,0.0,0.0,,,26.192045729651543,26.192045729651543,,control,control_group_21
n21q5,saccade,775,775,0.0,0.0,,,57.30934958986409,57.30934958986409,,control,control_group_21
n21q5,saccade,776,777,12.0,0.14181645743706497,,,30.035658477305038,20.926848298530228,,control,control_group_21
n21q5,saccade,778,779,11.0,2.380250169877109,,,216.38637907973717,141.45134394913714,,control,control_group_21
n21q5,saccade,792,792,0.0,0.0,,,47.348396593759624,47.348396593759624,,control,control_group_21
n21q5,saccade,808,810,22.0,5.288770391726226,,,376.30628977602817,286.8143195513975,,control,control_group_21
n21q5,saccade,811,813,22.0,0.14029258711706993,,,26.873881756478198,17.534619312724228,,control,control_group_21
n21q5,saccade,814,814,0.0,0.0,,,76.85463081484357,76.85463081484357,,control,control_group_21
n21q5,saccade,815,820,56.0,0.6195684514240497,,,21.00987323983021,16.123642875376696,,control,control_group_21
n21q5,saccade,821,822,101.0,16.52371530136005,,,316.85727623668726,220.91017015426252,,control,control_group_21
n21q5,saccade,823,823,0.0,0.0,,,5.411076793588747,5.411076793588747,,control,control_group_21
n21q5,saccade,824,824,0.0,0.0,,,54.0412319170041,54.0412319170041,,control,control_group_21
n21q5,saccade,825,825,0.0,0.0,,,17.48240901592228,17.48240901592228,,control,control_group_21
n21q5,saccade,826,827,11.0,1.8181460159184137,,,292.89871637137645,229.09235890925248,,control,control_group_21
n21q5,saccade,828,829,12.0,0.34858907900276914,,,29.04908991689743,26.67614142534205,,control,control_group_21
n21q5,saccade,830,830,0.0,0.0,,,128.43168586405875,128.43168586405875,,control,control_group_21
n21q5,saccade,831,831,0.0,0.0,,,33.14107216827495,33.14107216827495,,control,control_group_21
n21q5,saccade,832,832,0.0,0.0,,,41.59207688375454,41.59207688375454,,control,control_group_21
n21q5,saccade,833,834,11.0,0.1950376671312497,,,30.899505091118076,24.315101051524934,,control,control_group_21
n21q5,saccade,835,835,0.0,0.0,,,103.92264492845409,103.92264492845409,,control,control_group_21
n21q5,saccade,836,838,22.0,0.3281706348837413,,,20.81005240242635,16.904006786758718,,control,control_group_21
n21q5,saccade,839,839,0.0,0.0,,,55.93583153936309,55.93583153936309,,control,control_group_21
n21q5,saccade,840,840,0.0,0.0,,,13.458835311195982,13.458835311195982,,control,control_group_21
n21q5,saccade,841,841,0.0,0.0,,,168.64708321724996,168.64708321724996,,control,control_group_21
n21q5,saccade,842,843,12.0,0.14380793441253656,,,15.57129431394718,13.777644424162613,,control,control_group_21
n21q5,saccade,844,845,12.0,1.3941095545185764,,,284.94480937192014,200.56030279090075,,control,control_group_21
n21q5,saccade,846,852,67.0,0.8281379732870526,,,23.35855324966404,14.595962779629692,,control,control_group_21
n21q5,saccade,853,853,0.0,0.0,,,58.589898002983034,58.589898002983034,,control,control_group_21
n21q5,saccade,854,856,22.0,0.23296247680688825,,,22.17065910161448,15.005515970134164,,control,control_group_21
n21q5,saccade,857,857,0.0,0.0,,,131.24461785422847,131.24461785422847,,control,control_group_21
n21q5,saccade,858,859,11.0,0.38989542444096503,,,35.44503858554227,24.702271472889354,,control,control_group_21
n21q5,saccade,860,860,0.0,0.0,,,68.79552347355163,68.79552347355163,,control,control_group_21
n21q5,saccade,861,865,44.0,0.6861486384159059,,,27.267587515686294,19.675050690064644,,control,control_group_21
n21q5,saccade,866,867,11.0,0.5940691262807728,,,171.83969812007948,112.92299116371123,,control,control_group_21
n21q5,saccade,868,870,22.0,0.1778319431373324,,,18.48310132826024,11.64467720135572,,control,control_group_21
n21q5,saccade,871,871,0.0,0.0,,,49.989151503100956,49.989151503100956,,control,control_group_21
n21q5,saccade,872,872,0.0,0.0,,,13.70337184783364,13.70337184783364,,control,control_group_21
n21q5,saccade,873,874,90.0,22.965261164602502,,,414.62986695594026,344.1746636679427,,control,control_group_21
n21q5,saccade,875,875,0.0,0.0,,,12.533340791862356,12.533340791862356,,control,control_group_21
n21q5,saccade,876,876,0.0,0.0,,,412.17676240176377,412.17676240176377,,control,control_group_21
n21q5,saccade,877,879,22.0,0.10643266040083751,,,18.044673036661035,14.72314410296201,,control,control_group_21
n21q5,saccade,880,880,0.0,0.0,,,198.95632170681932,198.95632170681932,,control,control_group_21
n21q5,saccade,881,881,0.0,0.0,,,11.257885831204353,11.257885831204353,,control,control_group_21
n21q5,saccade,882,883,12.0,1.521519783374505,,,126.79331528120876,103.80054073890925,,control,control_group_21
n21q5,saccade,884,888,46.0,0.3157436593187572,,,20.393007919382374,15.396112442607025,,control,control_group_21
n21q5,saccade,889,889,0.0,0.0,,,244.61368299422665,244.61368299422665,,control,control_group_21
n21q5,saccade,890,895,56.0,0.5926221139984577,,,34.30375952217762,13.679498543900413,,control,control_group_21
n21q5,saccade,896,902,368.0,22.012492473402457,,,373.8507360471226,215.22459763554238,,control,control_group_21
n21q5,saccade,903,903,0.0,0.0,,,3.1564102426385854,3.1564102426385854,,control,control_group_21
n21q5,saccade,904,904,0.0,0.0,,,55.55198414232157,55.55198414232157,,control,control_group_21
n21q5,saccade,905,906,11.0,0.10870079300538583,,,12.982254767295933,11.432072520256414,,control,control_group_21
n21q5,saccade,907,907,0.0,0.0,,,59.86909824776054,59.86909824776054,,control,control_group_21
n21q5,saccade,908,908,0.0,0.0,,,17.853203410032428,17.853203410032428,,control,control_group_21
n21q5,saccade,909,910,11.0,0.7995682214795703,,,72.72995600163682,72.7089880680716,,control,control_group_21
n21q5,saccade,911,912,11.0,0.07532103291909961,,,8.176734784468719,7.512050706738887,,control,control_group_21
n21q5,saccade,913,913,0.0,0.0,,,111.13614532047728,111.13614532047728,,control,control_group_21
n21q5,saccade,925,925,0.0,0.0,,,295.7197227950818,295.7197227950818,,control,control_group_21
n21q5,saccade,926,928,22.0,0.7295710109372457,,,37.79871701876243,32.07157430244452,,control,control_group_21
n21q5,saccade,929,931,22.0,1.8388118360506518,,,91.73017128513385,73.2182710920945,,control,control_group_21
n21q5,saccade,943,943,0.0,0.0,,,174.55071034700734,174.55071034700734,,control,control_group_21
n21q5,saccade,944,947,33.0,0.12466817557018763,,,9.152631378845475,7.174257278348312,,control,control_group_21
n21q5,saccade,948,949,11.0,0.4793394329699963,,,157.863874350657,100.72009321941924,,control,control_group_21
n21q5,saccade,950,951,10.0,0.19788725881168417,,,19.788725881168418,16.842791270070077,,control,control_group_21
n21q5,saccade,952,952,0.0,0.0,,,213.26951262399393,213.26951262399393,,control,control_group_21
n21q5,saccade,953,956,33.0,0.17086072222719717,,,24.101026211819686,12.754837755672364,,control,control_group_21
n21q5,saccade,957,957,0.0,0.0,,,47.57234438634717,47.57234438634717,,control,control_group_21
n21q5,saccade,958,966,89.0,1.1471493942813205,,,39.28828934095817,18.784003437916667,,control,control_group_21
n21q5,saccade,967,967,0.0,0.0,,,51.86638475707144,51.86638475707144,,control,control_group_21
n21q5,saccade,968,976,88.0,0.6641320886691097,,,25.958770361434468,9.071808051638332,,control,control_group_21
n21q5,saccade,977,982,134.0,12.583395648202435,,,300.5619804728886,157.15858320486916,,control,control_group_21
n21q5,saccade,983,984,11.0,0.16904559976527211,,,15.36778179684292,11.470245258335666,,control,control_group_21
n21q5,saccade,985,985,0.0,0.0,,,97.7044566516123,97.7044566516123,,control,control_group_21
n21q5,saccade,986,986,0.0,0.0,,,22.035744825169804,22.035744825169804,,control,control_group_21
n21q5,saccade,987,988,11.0,0.6995311921565737,,,134.32747128006193,98.96060801078431,,control,control_group_21
n21q5,saccade,989,992,33.0,0.42916075309841467,,,36.55709285510162,19.117448772860484,,control,control_group_21
n21q5,saccade,993,993,0.0,0.0,,,85.91291437379108,85.91291437379108,,control,control_group_21
n21q5,saccade,994,994,0.0,0.0,,,17.371712543506533,17.371712543506533,,control,control_group_21
n21q5,saccade,995,995,0.0,0.0,,,88.34401069116103,88.34401069116103,,control,control_group_21
n21q5,saccade,996,1002,66.0,0.1676435754808375,,,27.741007924391237,12.522438966907014,,control,control_group_21
n21q5,saccade,1003,1003,0.0,0.0,,,115.82174461214083,115.82174461214083,,control,control_group_21
n21q5,saccade,1004,1004,0.0,0.0,,,27.04266998652319,27.04266998652319,,control,control_group_21
n21q5,saccade,1005,1009,66.0,13.118015159283818,,,328.54308279128327,107.8944787624284,,control,control_group_21
n21q5,saccade,1010,1012,23.0,0.5076994122509897,,,31.783471333383307,21.36472891778224,,control,control_group_21
n21q5,saccade,1013,1016,33.0,1.9484543819140359,,,65.0656887910313,58.53885777281008,,control,control_group_21
n21q5,saccade,1017,1023,67.0,1.31661021293319,,,30.978105891550168,19.98559883341445,,control,control_group_21
n21q5,saccade,1024,1024,0.0,0.0,,,50.965815962213725,50.965815962213725,,control,control_group_21
n21q5,saccade,1025,1029,45.0,0.47479857666172176,,,37.87585541133703,22.4438570897997,,control,control_group_21
n21q5,saccade,1030,1031,11.0,3.2611052544191206,,,296.46411403810185,193.66077456297865,,control,control_group_21
n21q5,saccade,1062,1063,11.0,1.9119929473719297,,,398.81252067857616,286.3150306743758,,control,control_group_21
n21q5,saccade,1064,1065,11.0,0.06429604031353439,,,16.02745763828746,10.936276106122566,,control,control_group_21
n21q5,saccade,1066,1066,0.0,0.0,,,46.47291485237404,46.47291485237404,,control,control_group_21
n21q5,saccade,1067,1074,78.0,0.7419414577983949,,,25.2047044014991,14.521788475576566,,control,control_group_21
n21q5,saccade,1075,1075,0.0,0.0,,,57.78633921611593,57.78633921611593,,control,control_group_21
n21q5,saccade,1076,1079,33.0,0.2168688608352996,,,22.770336292554948,10.629263201162455,,control,control_group_21
n21q5,saccade,1080,1082,22.0,5.720755806744412,,,395.13514503226503,244.567280082924,,control,control_group_21
n21q5,saccade,1083,1083,0.0,0.0,,,9.19459759859006,9.19459759859006,,control,control_group_21
n21q5,saccade,1084,1085,11.0,0.5731521410585465,,,90.66556546082207,71.38515277852679,,control,control_group_21
n21q5,saccade,1086,1091,56.0,0.9210021576521974,,,34.75468451687919,19.95682387836158,,control,control_group_21
n21q5,saccade,1092,1092,0.0,0.0,,,70.24121782110382,70.24121782110382,,control,control_group_21
n21q5,saccade,1107,1107,0.0,0.0,,,50.91569259144075,50.91569259144075,,control,control_group_21
n21q5,saccade,1108,1109,12.0,0.16104931046112006,,,13.420775871760005,9.485312549553484,,control,control_group_21
n21q5,saccade,1110,1110,0.0,0.0,,,59.28868056362164,59.28868056362164,,control,control_group_21
n21q5,saccade,1111,1114,34.0,0.5538887252869484,,,35.20181080992219,16.41750944259226,,control,control_group_21
n21q5,saccade,1115,1118,34.0,6.933094662010604,,,316.37611908138666,213.6813741211752,,control,control_group_21
n21q5,saccade,1119,1119,0.0,0.0,,,7.127903497134922,7.127903497134922,,control,control_group_21
n21q5,saccade,1120,1120,0.0,0.0,,,62.63212380425408,62.63212380425408,,control,control_group_21
n21q5,saccade,1133,1133,0.0,0.0,,,114.56350520111897,114.56350520111897,,control,control_group_21
n21q5,saccade,1134,1138,45.0,0.27739798124715886,,,39.608823209394004,17.39245355183336,,control,control_group_21
n21q5,saccade,1139,1140,11.0,1.6957308664997495,,,154.1573514999772,128.03324868810478,,control,control_group_21
n21q5,saccade,1159,1160,11.0,2.802668401220524,,,431.99874612086523,343.3933912977292,,control,control_group_21
n21q5,saccade,1161,1161,0.0,0.0,,,5.2230996781542425,5.2230996781542425,,control,control_group_21
n21q5,saccade,1162,1162,0.0,0.0,,,199.89083877981847,199.89083877981847,,control,control_group_21
n21q5,saccade,1163,1167,45.0,0.17497338426172454,,,15.056766634560132,7.496543538557849,,control,control_group_21
n21q5,saccade,1168,1172,145.0,6.5525880098782325,,,352.2599314180433,229.8692175655743,,control,control_group_21
n21q5,saccade,1173,1173,0.0,0.0,,,21.9203856212687,21.9203856212687,,control,control_group_21
n21q5,saccade,1174,1175,11.0,2.0361754189656645,,,185.10685626960586,126.54615584515419,,control,control_group_21
n21q5,saccade,1176,1178,22.0,0.28173102704529907,,,18.805735014124803,16.863917582343927,,control,control_group_21
n21q5,saccade,1179,1181,23.0,0.278898497665371,,,105.19625276926074,82.52018795922753,,control,control_group_21
n21q5,saccade,1182,1182,0.0,0.0,,,24.41750164895786,24.41750164895786,,control,control_group_21
n21q5,saccade,1183,1183,0.0,0.0,,,187.0288545378816,187.0288545378816,,control,control_group_21
n21q5,saccade,1184,1188,44.0,0.6302420020912591,,,33.23377018924784,14.390850437971391,,control,control_group_21
n21q5,saccade,1189,1189,0.0,0.0,,,46.312539543931834,46.312539543931834,,control,control_group_21
n21q5,saccade,1190,1196,67.0,0.21938653559414167,,,31.049014836449185,9.88917535021621,,control,control_group_21
n21q5,saccade,1197,1197,0.0,0.0,,,63.11504136322014,63.11504136322014,,control,control_group_21
n21q5,saccade,1198,1205,78.0,0.3457368999687467,,,39.33057620986508,14.34289196846787,,control,control_group_21
n21q5,saccade,1206,1207,11.0,1.3557445192955795,,,198.93072744214544,161.0901145981445,,control,control_group_21
n21q5,saccade,1208,1208,0.0,0.0,,,2.5303976756025355,2.5303976756025355,,control,control_group_21
n21q5,saccade,1209,1209,0.0,0.0,,,257.8047137913264,257.8047137913264,,control,control_group_21
n21q5,saccade,1210,1210,0.0,0.0,,,22.501616053075292,22.501616053075292,,control,control_group_21
n21q5,saccade,1211,1213,23.0,1.323850311779997,,,113.25773997391916,93.0179185817263,,control,control_group_21
n21q5,saccade,1214,1218,44.0,0.3242359418694966,,,24.924187197138796,13.576052182761364,,control,control_group_21
n21q5,saccade,1219,1220,11.0,0.9391256810459399,,,85.37506191326726,77.26287986400001,,control,control_group_21
n21q5,saccade,1232,1232,0.0,0.0,,,42.642187235546466,42.642187235546466,,control,control_group_21
n21q5,saccade,1233,1235,23.0,0.31627265768636925,,,25.351688799762382,14.602676110369467,,control,control_group_21
n21q5,saccade,1236,1239,134.0,2.515947353423759,,,378.7441123037211,296.4568272970926,,control,control_group_21
n21q5,saccade,1240,1241,11.0,0.20953375384409917,,,19.048523076736288,13.9843598399198,,control,control_group_21
n21q5,saccade,1242,1250,234.0,1.5100025496667207,,,438.8386379246427,140.30536774254512,,control,control_group_21
n21q5,saccade,1262,1262,0.0,0.0,,,41.04615603196008,41.04615603196008,,control,control_group_21
n21q5,saccade,1263,1264,11.0,0.09239409721405274,,,12.508370486654268,10.453916934874986,,control,control_group_21
n21q5,saccade,1265,1266,11.0,3.7500545760828596,,,340.9140523711691,329.81091378866404,,control,control_group_21
n21q5,saccade,1279,1279,0.0,0.0,,,54.97419535900391,54.97419535900391,,control,control_group_21
n21q5,saccade,1280,1285,56.00000000000182,0.6625513441236085,,,34.314128839539585,15.945846604988299,,control,control_group_21
n21q5,saccade,1286,1288,22.0,4.950870331123608,,,373.21386807694813,163.673410179617,,control,control_group_21
n21q5,saccade,1289,1293,45.00000000000182,0.44948785256111395,,,33.17969691850216,18.939565481914947,,control,control_group_21
n21q5,saccade,1294,1294,0.0,0.0,,,109.18747971090737,109.18747971090737,,control,control_group_21
n21q5,saccade,1295,1295,0.0,0.0,,,10.450588500175254,10.450588500175254,,control,control_group_21
n21q5,saccade,1296,1296,0.0,0.0,,,48.256432997268455,48.256432997268455,,control,control_group_21
n21q5,saccade,1318,1318,0.0,0.0,,,122.8825626360387,122.8825626360387,,control,control_group_21
n21q5,saccade,1319,1319,0.0,0.0,,,9.294510243211025,9.294510243211025,,control,control_group_21
n21q5,saccade,1320,1320,0.0,0.0,,,43.3065397691487,43.3065397691487,,control,control_group_21
n21q5,saccade,1321,1321,0.0,0.0,,,8.365837852553042,8.365837852553042,,control,control_group_21
n21q5,saccade,1322,1322,0.0,0.0,,,83.83870405439652,83.83870405439652,,control,control_group_21
n21q5,saccade,1323,1323,0.0,0.0,,,3.579979050218096,3.579979050218096,,control,control_group_21
n21q5,saccade,1324,1326,100.0,18.172227430064822,,,296.80703241076185,149.14844842853205,,control,control_group_21
n21q5,saccade,1327,1327,0.0,0.0,,,34.31470325537065,34.31470325537065,,control,control_group_21
n21q5,saccade,1328,1329,10.0,1.5193978638921397,,,151.93978638921396,150.06888631360954,,control,control_group_21
n21q5,saccade,1330,1333,33.0,0.7547763358770572,,,28.37672425314153,22.68573721322557,,control,control_group_21
n21q5,saccade,1334,1335,12.0,0.6669973721087656,,,65.17769496277973,60.380404652588425,,control,control_group_21
n21q5,saccade,1336,1336,0.0,0.0,,,13.985731014144228,13.985731014144228,,control,control_group_21
n21q5,saccade,1337,1338,11.0,2.6979812086076516,,,245.27101896433194,153.8471565470038,,control,control_group_21
n21q5,saccade,1339,1340,11.0,0.4331644348281599,,,39.37858498437818,25.21246688486407,,control,control_group_21
n21q5,saccade,1341,1341,0.0,0.0,,,74.86433422426836,74.86433422426836,,control,control_group_21
n21q5,saccade,1342,1346,45.0,0.6905252227109442,,,21.20048783159289,15.403310695322176,,control,control_group_21
n21q5,saccade,1347,1347,0.0,0.0,,,62.95537971222743,62.95537971222743,,control,control_group_21
n21q5,saccade,1348,1351,33.0,0.4827222990498836,,,22.75521973086593,16.846823778862117,,control,control_group_21
n21q5,saccade,1352,1352,0.0,0.0,,,201.11297407302195,201.11297407302195,,control,control_group_21
n21q5,saccade,1353,1353,0.0,0.0,,,16.602487765392258,16.602487765392258,,control,control_group_21
n21q5,saccade,1354,1356,22.0,3.950690224758198,,,414.4058874505996,184.72840494039633,,control,control_group_21
n21q5,saccade,1357,1359,22.0,0.30746769196128554,,,30.287041824505188,20.72843479426259,,control,control_group_21
n21q5,saccade,1360,1361,11.0,0.6380130095852283,,,58.001182689566214,56.352553797228765,,control,control_group_21
n21q5,saccade,1362,1362,0.0,0.0,,,3.01242056923499,3.01242056923499,,control,control_group_21
n21q5,saccade,1363,1364,11.0,2.1644298990727315,,,196.76635446115742,162.57215052476676,,control,control_group_21
n21q5,saccade,1365,1368,33.0,0.49381137653966717,,,18.044216765426164,13.885434025671618,,control,control_group_21
n21q5,saccade,1369,1369,0.0,0.0,,,49.17063223490389,49.17063223490389,,control,control_group_21
n21q5,saccade,1370,1370,0.0,0.0,,,3.9509626403097995,3.9509626403097995,,control,control_group_21
n21q5,saccade,1371,1371,0.0,0.0,,,117.96849325838154,117.96849325838154,,control,control_group_21
n21q5,saccade,1372,1374,22.0,0.07694583029638011,,,12.093650069354045,10.0024785735452,,control,control_group_21
n21q5,saccade,1375,1375,0.0,0.0,,,59.20346575180157,59.20346575180157,,control,control_group_21
n21q5,saccade,1376,1377,11.0,0.2748997089849313,,,24.990882634993756,18.563730387029153,,control,control_group_21
n21q5,saccade,1378,1379,12.0,0.5784586837450029,,,48.20489031208358,45.96085432138749,,control,control_group_21
n21q5,saccade,1380,1387,76.0,0.3304005841399136,,,35.290980328717865,8.938073942940553,,control,control_group_21
n21q5,saccade,1388,1390,34.0,8.283500394012178,,,374.83616710757866,279.85981131316373,,control,control_group_21
n21q5,saccade,1391,1395,44.0,0.558533799514404,,,35.505386065630454,15.597712546493074,,control,control_group_21
n21q5,saccade,1396,1396,0.0,0.0,,,61.48810779329545,61.48810779329545,,control,control_group_21
n21q5,saccade,1397,1398,11.0,0.3450897274622966,,,31.371793405663325,25.498547417576695,,control,control_group_21
n21q5,saccade,1399,1400,11.0,0.7511320248797808,,,73.8560860728482,71.07040780368686,,control,control_group_21
n21q5,saccade,1401,1410,99.0,0.6684882410334521,,,36.588481455324825,12.407038078489066,,control,control_group_21
n21q5,saccade,1411,1411,0.0,0.0,,,42.986777327452984,42.986777327452984,,control,control_group_21
n21q5,saccade,1412,1412,0.0,0.0,,,4.400912377230648,4.400912377230648,,control,control_group_21
n21q5,saccade,1413,1413,0.0,0.0,,,100.86338236484106,100.86338236484106,,control,control_group_21
n21q5,saccade,1414,1414,0.0,0.0,,,30.550586573746383,30.550586573746383,,control,control_group_21
n21q5,saccade,1415,1415,0.0,0.0,,,209.25997169877445,209.25997169877445,,control,control_group_21
n21q5,saccade,1416,1416,0.0,0.0,,,37.7583824418909,37.7583824418909,,control,control_group_21
n21q5,saccade,1417,1419,22.0,1.2521562713974652,,,403.1784741892681,182.47548843467086,,control,control_group_21
n21q5,saccade,1420,1421,11.0,0.31521223136166615,,,29.62448016421527,29.140068780365187,,control,control_group_21
n21q5,saccade,1422,1422,0.0,0.0,,,116.59665057633445,116.59665057633445,,control,control_group_21
n21q5,saccade,1423,1423,0.0,0.0,,,21.582236329907964,21.582236329907964,,control,control_group_21
n21q5,saccade,1424,1424,0.0,0.0,,,121.37930953832291,121.37930953832291,,control,control_group_21
n21q5,saccade,1425,1425,0.0,0.0,,,15.560727425686627,15.560727425686627,,control,control_group_21
n21q5,saccade,1426,1426,0.0,0.0,,,110.06000552666261,110.06000552666261,,control,control_group_21
n21q5,saccade,1427,1427,0.0,0.0,,,7.98888290063144,7.98888290063144,,control,control_group_21
n21q5,saccade,1428,1429,12.0,0.5621284212704477,,,46.844035105870645,44.167353125058426,,control,control_group_21
n21q5,saccade,1430,1430,0.0,0.0,,,1.1389907813500546,1.1389907813500546,,control,control_group_21
n21q5,saccade,1431,1431,0.0,0.0,,,41.18518180122472,41.18518180122472,,control,control_group_21
n21q5,saccade,1432,1432,0.0,0.0,,,16.793142945856705,16.793142945856705,,control,control_group_21
n21q5,saccade,1433,1433,0.0,0.0,,,205.56540605850964,205.56540605850964,,control,control_group_21
n21q5,saccade,1434,1434,0.0,0.0,,,8.697459399157772,8.697459399157772,,control,control_group_21
n21q5,saccade,1435,1435,0.0,0.0,,,244.22171566694414,244.22171566694414,,control,control_group_21
n21q5,saccade,1436,1438,23.0,0.3365245262978508,,,19.648255011577675,15.159821278290314,,control,control_group_21
n21q5,saccade,1439,1440,10.0,2.984519207510651,,,409.2605673650954,353.8562440580803,,control,control_group_21
n21q5,saccade,1441,1441,0.0,0.0,,,19.401953126527868,19.401953126527868,,control,control_group_21
n21q5,saccade,1442,1443,11.0,0.5161316797097414,,,171.1310802516568,109.02607102172574,,control,control_group_21
n21q5,saccade,1444,1445,11.0,0.30549945531866496,,,27.77267775624227,24.184899878459337,,control,control_group_21
n21q5,saccade,1446,1454,89.0,1.4316766915753016,,,276.80059349408447,93.13617482138291,,control,control_group_21
n21q5,saccade,1455,1455,0.0,0.0,,,31.313122166827863,31.313122166827863,,control,control_group_21
n21q5,saccade,1456,1457,12.0,0.5734897802053679,,,47.79081501711399,45.39257664757933,,control,control_group_21
n21q5,saccade,1458,1460,22.0,0.15729269785975397,,,21.139501702533156,18.093516260429052,,control,control_group_21
n21q5,saccade,1461,1461,0.0,0.0,,,50.00348450668124,50.00348450668124,,control,control_group_21
n21q5,saccade,1462,1462,0.0,0.0,,,28.429288703700454,28.429288703700454,,control,control_group_21
n21q5,saccade,1463,1463,0.0,0.0,,,150.83565152808106,150.83565152808106,,control,control_group_21
n21q5,saccade,1464,1470,66.0,1.1806197179447715,,,36.9755165616384,20.12593449437723,,control,control_group_21
n21q5,saccade,1471,1472,12.0,0.7215373836468925,,,202.69593965770252,131.4120274808051,,control,control_group_21
n21q5,saccade,1473,1474,11.0,0.06776696540350817,,,13.594329396315601,9.877481307408171,,control,control_group_21
n21q5,saccade,1475,1475,0.0,0.0,,,92.95732190563442,92.95732190563442,,control,control_group_21
n21q5,saccade,1476,1477,12.0,0.033891928242574365,,,14.618040365665633,8.721183859606748,,control,control_group_21
n21q5,saccade,1478,1480,23.0,9.712946143081407,,,458.60844829001456,378.14604010145035,,control,control_group_21
n21q5,saccade,1481,1481,0.0,0.0,,,8.936886140278368,8.936886140278368,,control,control_group_21
n21q5,saccade,1482,1482,0.0,0.0,,,130.6484688640816,130.6484688640816,,control,control_group_21
n21q5,saccade,1493,1493,0.0,0.0,,,160.14081717351135,160.14081717351135,,control,control_group_21
n21q5,saccade,1494,1495,11.0,0.0026508866441274327,,,3.6785359106963225,1.959762802808499,,control,control_group_21
n21q5,saccade,1496,1496,0.0,0.0,,,97.45887549742805,97.45887549742805,,control,control_group_21
n21q5,saccade,1497,1504,78.0,0.3281909669689309,,,31.03749143181808,14.281393744541358,,control,control_group_21
n21q5,saccade,1505,1505,0.0,0.0,,,54.86872595206946,54.86872595206946,,control,control_group_21
n21q5,saccade,1506,1513,77.0,0.44064404001416174,,,31.404851153922053,14.951525444502218,,control,control_group_21
n21q5,saccade,1514,1515,34.0,17.36013982296226,,,428.3220349806907,247.79022203560788,,control,control_group_21
n21q5,saccade,1516,1516,0.0,0.0,,,6.495429162110846,6.495429162110846,,control,control_group_21
n21q5,saccade,1517,1518,11.0,1.4100253389212565,,,128.18412172011423,87.20455014615526,,control,control_group_21
n21q5,saccade,1519,1519,0.0,0.0,,,7.452204732285628,7.452204732285628,,control,control_group_21
n21q5,saccade,1520,1520,0.0,0.0,,,108.8225891110226,108.8225891110226,,control,control_group_21
n21q5,saccade,1534,1536,33.0,6.660977280189444,,,446.2666396337512,288.7783874211694,,control,control_group_21
n21q5,saccade,1537,1537,0.0,0.0,,,25.005352749275662,25.005352749275662,,control,control_group_21
n21q5,saccade,1538,1538,0.0,0.0,,,49.905156625856286,49.905156625856286,,control,control_group_21
n21q5,saccade,1539,1546,77.0,0.5986636137264335,,,28.631740406019436,14.608102875814529,,control,control_group_21
n21q5,saccade,1547,1548,11.0,0.8576124656276877,,,134.58427737184732,106.2745234871822,,control,control_group_21
n21q5,saccade,1559,1559,0.0,0.0,,,238.1447799723923,238.1447799723923,,control,control_group_21
n21q5,saccade,1560,1560,0.0,0.0,,,0.6010407640084208,0.6010407640084208,,control,control_group_21
n3q5,fixation,4,6,245.0,1.0333927433459114,-28.870540000000005,1.1693399999999965,,,INST_n2q5_1b,control,control_group_3
n3q5,fixation,10,12,244.0,2.5388573374650227,-11.868560000000008,1.0893599999999948,,,INST_n2q5_1b,control,control_group_3
n3q5,fixation,19,20,122.0,0.24150875760518495,-12.157080000000004,-9.447180000000007,,,INST_n2q5_1c,control,control_group_3
n3q5,fixation,22,23,123.0,2.1243477893226417,-20.249190000000006,-12.134940000000007,,,INST_n2q5_1c,control,control_group_3
n3q5,fixation,28,40,1467.0,0.7486650575524411,5.774653846153843,-11.645007692307699,,,INST_n2q5_1c,control,control_group_3
n3q5,fixation,48,52,489.0,7.259090133728883,-17.569968000000006,5.565875999999996,,,BG_n2q5,control,control_group_3
n3q5,fixation,54,58,489.0,1.729209715101096,-0.25281600000000504,-2.7929760000000057,,,INST_n2q5_1b,control,control_group_3
n3q5,fixation,64,67,620.0,11.385307565964132,-23.407860000000007,-4.154310000000002,,,INST_n2q5_1c,control,control_group_3
n3q5,fixation,69,74,610.0,1.7742656416670024,-11.492190000000006,2.048039999999993,,,INST_n2q5_1b,control,control_group_3
n3q5,fixation,76,83,856.0,4.881612463110932,-10.032210000000006,-3.4381050000000064,,,INST_n2q5_1b,control,control_group_3
n3q5,saccade,0,0,0.0,0.0,,,0.0,0.0,,control,control_group_3
n3q5,saccade,1,1,0.0,0.0,,,42.14133244534092,42.14133244534092,,control,control_group_3
n3q5,saccade,2,2,0.0,0.0,,,1.402539227952162,1.402539227952162,,control,control_group_3
n3q5,saccade,3,3,0.0,0.0,,,93.5077044501389,93.5077044501389,,control,control_group_3
n3q5,saccade,7,7,0.0,0.0,,,48.65098356485166,48.65098356485166,,control,control_group_3
n3q5,saccade,8,8,0.0,0.0,,,11.761727434467803,11.761727434467803,,control,control_group_3
n3q5,saccade,9,9,0.0,0.0,,,60.49564881219375,60.49564881219375,,control,control_group_3
n3q5,saccade,13,14,123.0,11.302419036737223,,,91.88958566453027,86.71437435921105,,control,control_group_3
n3q5,saccade,15,15,0.0,0.0,,,10.680456545586445,10.680456545586445,,control,control_group_3
n3q5,saccade,16,16,0.0,0.0,,,84.26588687178966,84.26588687178966,,control,control_group_3
n3q5,saccade,17,17,0.0,0.0,,,3.3349826673101215,3.3349826673101215,,control,control_group_3
n3q5,saccade,18,18,0.0,0.0,,,55.45571720159604,55.45571720159604,,control,control_group_3
n3q5,saccade,21,21,0.0,0.0,,,73.69703956530458,73.69703956530458,,control,control_group_3
n3q5,saccade,24,25,123.0,7.388109274692683,,,111.41173829125101,85.73883367689658,,control,control_group_3
n3q5,saccade,26,26,0.0,0.0,,,23.51456535415183,23.51456535415183,,control,control_group_3
n3q5,saccade,27,27,0.0,0.0,,,43.512390268518544,43.512390268518544,,control,control_group_3
n3q5,saccade,41,42,122.0,8.350287197647756,,,81.31604100415957,74.88050901702961,,control,control_group_3
n3q5,saccade,43,43,0.0,0.0,,,7.725204621021026,7.725204621021026,,control,control_group_3
n3q5,saccade,44,45,158.0,6.5553303143319965,,,64.05234662542505,52.77088949730745,,control,control_group_3
n3q5,saccade,46,46,0.0,0.0,,,0.998061288699226,0.998061288699226,,control,control_group_3
n3q5,saccade,47,47,0.0,0.0,,,70.95467488354363,70.95467488354363,,control,control_group_3
n3q5,saccade,53,53,0.0,0.0,,,86.25280071719519,86.25280071719519,,control,control_group_3
n3q5,saccade,59,61,367.0,14.739413141777394,,,93.13180849881321,72.44776652402528,,control,control_group_3
n3q5,saccade,62,62,0.0,0.0,,,4.998185494460294,4.998185494460294,,control,control_group_3
n3q5,saccade,63,63,0.0,0.0,,,72.05846014372922,72.05846014372922,,control,control_group_3
n3q5,saccade,68,68,0.0,0.0,,,79.74158493062238,79.74158493062238,,control,control_group_3
n3q5,saccade,75,75,0.0,0.0,,,48.104355278654985,48.104355278654985,,control,control_group_3
n4q5,fixation,0,1,123.0,2.7317297531051703,-20.350830000000006,4.463729999999996,,,BG_n2q5,control,control_group_4
n4q5,fixation,3,5,244.0,0.15707226489739418,-14.558600000000007,0.8321799999999957,,,INST_n2q5_1b,control,control_group_4
n4q5,fixation,10,12,244.0,2.7886596838624773,-29.2028,-14.593880000000006,,,BG_n2q5,control,control_group_4
n4q5,fixation,14,32,2689.0,32.41081403870628,-3.2587705263157956,-8.143885263157902,,,INST_n2q5_1c,control,control_group_4
n4q5,fixation,34,37,366.0,1.8166433799730706,-7.659555000000006,10.687934999999996,,,INST_n2q5_1a,control,control_group_4
n4q5,fixation,39,40,122.0,4.849603055632493,2.4663599999999954,10.871489999999996,,,BG_n2q5,control,control_group_4
n4q5,fixation,42,45,367.0,4.287885456912297,-11.074815000000006,1.585094999999992,,,INST_n2q5_1b,control,control_group_4
n4q5,fixation,49,56,855.0,0.9245299071420001,-11.322615000000006,11.855257499999997,,,INST_n2q5_1a,control,control_group_4
n4q5,saccade,2,2,0.0,0.0,,,48.1800549730389,48.1800549730389,,control,control_group_4
n4q5,saccade,6,6,0.0,0.0,,,50.17481042742187,50.17481042742187,,control,control_group_4
n4q5,saccade,7,7,0.0,0.0,,,31.87202337746396,31.87202337746396,,control,control_group_4
n4q5,saccade,8,9,122.0,12.294956971392786,,,101.81269898443958,101.29551740776398,,control,control_group_4
n4q5,saccade,13,13,0.0,0.0,,,75.8266076258414,75.8266076258414,,control,control_group_4
n4q5,saccade,33,33,0.0,0.0,,,61.32916239186916,61.32916239186916,,control,control_group_4
n4q5,saccade,38,38,0.0,0.0,,,42.05535120092523,42.05535120092523,,control,control_group_4
n4q5,saccade,41,41,0.0,0.0,,,42.98843073808096,42.98843073808096,,control,control_group_4
n4q5,saccade,46,46,0.0,0.0,,,44.87600790348223,44.87600790348223,,control,control_group_4
n4q5,saccade,47,47,0.0,0.0,,,11.55560066571615,11.55560066571615,,control,control_group_4
n4q5,saccade,48,48,0.0,0.0,,,45.16970511882234,45.16970511882234,,control,control_group_4
n5q5,fixation,0,5,733.0,16.130890562619292,-24.52874000000001,2.713979999999996,,,INST_n2q5_1b,control,control_group_5
n5q5,fixation,7,9,244.0,1.8870411887396654,-20.584440000000004,-1.1367200000000044,,,INST_n2q5_1b,control,control_group_5
n5q5,fixation,11,12,122.0,0.5067166249492907,-14.133990000000004,-0.6904800000000011,,,INST_n2q5_1b,control,control_group_5
n5q5,fixation,14,16,245.0,0.061019999999999186,-30.0,-15.593820000000008,,,BG_n2q5,control,control_group_5
n5q5,fixation,18,22,489.0,3.269662523319497,-18.841584000000008,-14.170440000000005,,,INST_n2q5_1c,control,control_group_5
n5q5,fixation,24,29,611.0,3.7735933869986598,-16.933080000000007,-13.483760000000006,,,INST_n2q5_1c,control,control_group_5
n5q5,fixation,31,32,122.0,0.4795227777697329,-10.001460000000005,-15.183960000000006,,,INST_n2q5_1c,control,control_group_5
n5q5,fixation,37,41,612.0,9.595268257823754,5.348387999999997,-4.946400000000006,,,BG_n2q5,control,control_group_5
n5q5,fixation,43,53,1344.0,7.777080559181575,-7.122054545454554,2.834154545454541,,,INST_n2q5_1b,control,control_group_5
n5q5,fixation,55,67,1467.0,9.63199180896662,-14.180533846153851,4.108790769230765,,,INST_n2q5_1b,control,control_group_5
n5q5,fixation,69,70,123.0,0.9407271591699653,-3.320610000000006,0.42920999999999543,,,INST_n2q5_1b,control,control_group_5
n5q5,saccade,6,6,0.0,0.0,,,59.69002065202694,59.69002065202694,,control,control_group_5
n5q5,saccade,10,10,0.0,0.0,,,59.93087223786767,59.93087223786767,,control,control_group_5
n5q5,saccade,13,13,0.0,0.0,,,73.72570618454482,73.72570618454482,,control,control_group_5
n5q5,saccade,17,17,0.0,0.0,,,97.670102699208,97.670102699208,,control,control_group_5
n5q5,saccade,23,23,0.0,0.0,,,52.427445166295065,52.427445166295065,,control,control_group_5
n5q5,saccade,30,30,0.0,0.0,,,55.80376557285047,55.80376557285047,,control,control_group_5
n5q5,saccade,33,33,0.0,0.0,,,51.3791240009529,51.3791240009529,,control,control_group_5
n5q5,saccade,34,34,0.0,0.0,,,11.386922774220334,11.386922774220334,,control,control_group_5
n5q5,saccade,35,36,122.0,5.78937623562332,,,94.75943300726944,71.1066682889762,,control,control_group_5
n5q5,saccade,42,42,0.0,0.0,,,66.61520702240595,66.61520702240595,,control,control_group_5
n5q5,saccade,54,54,0.0,0.0,,,43.76080785764437,43.76080785764437,,control,control_group_5
n5q5,saccade,68,68,0.0,0.0,,,54.384441844896905,54.384441844896905,,control,control_group_5
n6q5,fixation,0,2,245.0,1.0551264238943143,-26.047940000000008,-0.9384000000000037,,,INST_n2q5_1b,control,control_group_6
n6q5,fixation,4,5,122.0,1.0817166373870808,-18.715740000000007,-1.6746900000000036,,,INST_n2q5_1b,control,control_group_6
n6q5,fixation,9,10,122.0,3.6708692317760443,-6.585540000000006,-0.5177400000000015,,,INST_n2q5_1b,control,control_group_6
n6q5,fixation,15,16,123.0,0.7830601471151513,-12.704850000000004,-18.334620000000008,,,INST_n2q5_1c,control,control_group_6
n6q5,fixation,18,21,367.0,3.7741379497840315,-4.304580000000006,-16.324560000000005,,,INST_n2q5_1c,control,control_group_6
n6q5,fixation,23,25,245.0,2.6353419702194247,7.323659999999994,-20.131420000000006,,,INST_n2q5_1c,control,control_group_6
n6q5,fixation,29,35,855.0,24.536040741024216,1.0514828571428516,-7.0209257142857195,,,INST_n2q5_1c,control,control_group_6
n6q5,fixation,40,42,245.0,0.8905308360747611,-18.620700000000006,9.376059999999997,,,INST_n2q5_1a,control,control_group_6
n6q5,fixation,46,50,490.0,7.0552888258950786,-11.239356000000004,1.8315239999999953,,,INST_n2q5_1b,control,control_group_6
n6q5,fixation,52,53,122.0,0.33716105113135303,-7.622760000000005,5.051639999999999,,,INST_n2q5_1b,control,control_group_6
n6q5,fixation,55,56,122.0,0.7180902798395289,8.446049999999996,3.3593399999999973,,,BG_n2q5,control,control_group_6
n6q5,fixation,58,60,245.0,5.764504789069051,-7.1712800000000065,4.958719999999999,,,INST_n2q5_1b,control,control_group_6
n6q5,saccade,3,3,0.0,0.0,,,53.31706036243952,53.31706036243952,,control,control_group_6
n6q5,saccade,6,6,0.0,0.0,,,64.23248309519136,64.23248309519136,,control,control_group_6
n6q5,saccade,7,7,0.0,0.0,,,11.835728968693514,11.835728968693514,,control,control_group_6
n6q5,saccade,8,8,0.0,0.0,,,41.440283709141205,41.440283709141205,,control,control_group_6
n6q5,saccade,11,12,122.0,5.158655808173285,,,87.96357420890287,65.12381910516162,,control,control_group_6
n6q5,saccade,13,13,0.0,0.0,,,31.923037459063025,31.923037459063025,,control,control_group_6
n6q5,saccade,14,14,0.0,0.0,,,106.6807972626543,106.6807972626543,,control,control_group_6
n6q5,saccade,17,17,0.0,0.0,,,67.13321704070056,67.13321704070056,,control,control_group_6
n6q5,saccade,22,22,0.0,0.0,,,69.28558220378068,69.28558220378068,,control,control_group_6
n6q5,saccade,26,26,0.0,0.0,,,51.584453535148775,51.584453535148775,,control,control_group_6
n6q5,saccade,27,27,0.0,0.0,,,25.775387690363697,25.775387690363697,,control,control_group_6
n6q5,saccade,28,28,0.0,0.0,,,49.450715799061065,49.450715799061065,,control,control_group_6
n6q5,saccade,36,36,0.0,0.0,,,114.60071817996437,114.60071817996437,,control,control_group_6
n6q5,saccade,37,37,0.0,0.0,,,8.505364986375199,8.505364986375199,,control,control_group_6
n6q5,saccade,38,39,122.0,9.85032418408653,,,80.74036216464368,78.76248868146057,,control,control_group_6
n6q5,saccade,43,43,0.0,0.0,,,53.681029099556085,53.681029099556085,,control,control_group_6
n6q5,saccade,44,44,0.0,0.0,,,3.0100858944852606,3.0100858944852606,,control,control_group_6
n6q5,saccade,45,45,0.0,0.0,,,56.991409051457204,56.991409051457204,,control,control_group_6
n6q5,saccade,51,51,0.0,0.0,,,43.03112972490112,43.03112972490112,,control,control_group_6
n6q5,saccade,54,54,0.0,0.0,,,123.84269083437515,123.84269083437515,,control,control_group_6
n6q5,saccade,57,57,0.0,0.0,,,99.03910060470608,99.03910060470608,,control,control_group_6
n7q5,fixation,0,1,123.0,0.5742769885691068,-23.400960000000005,1.8696899999999972,,,INST_n2q5_1b,control,control_group_7
n7q5,fixation,5,6,122.0,1.2398317958497425,-27.20313000000001,-1.7754000000000052,,,INST_n2q5_1b,control,control_group_7
n7q5,fixation,9,12,368.0,3.6745219442534265,-3.038220000000008,-0.053580000000003625,,,INST_n2q5_1b,control,control_group_7
n7q5,fixation,18,28,1345.0,16.590484542616597,3.993414545454539,-14.558110909090914,,,INST_n2q5_1c,control,control_group_7
n7q5,fixation,31,35,489.0,1.0896009664092614,-11.616192000000007,-13.529184000000006,,,INST_n2q5_1c,control,control_group_7
n7q5,fixation,39,40,122.0,0.5291968163169517,-2.919000000000005,1.0117799999999977,,,INST_n2q5_1b,control,control_group_7
n7q5,fixation,42,45,367.0,4.7183675923353,-7.870875000000006,-1.1883300000000052,,,INST_n2q5_1b,control,control_group_7
n7q5,fixation,49,56,856.0,2.335361745426173,-3.3031500000000067,3.325979999999994,,,INST_n2q5_1b,control,control_group_7
n7q5,saccade,2,2,0.0,0.0,,,52.574799314413184,52.574799314413184,,control,control_group_7
n7q5,saccade,3,3,0.0,0.0,,,4.62012182362585,4.62012182362585,,control,control_group_7
n7q5,saccade,4,4,0.0,0.0,,,80.8878774486261,80.8878774486261,,control,control_group_7
n7q5,saccade,7,8,122.0,7.030302928921342,,,117.09044009228553,87.35793696795155,,control,control_group_7
n7q5,saccade,13,17,489.0,16.438327148721672,,,98.66469958277162,64.87438108370334,,control,control_group_7
n7q5,saccade,29,30,123.0,11.779784882331255,,,95.77060879944109,80.26857061595896,,control,control_group_7
n7q5,saccade,36,38,245.0,19.850782605308027,,,95.73566229643008,84.22420755255779,,control,control_group_7
n7q5,saccade,41,41,0.0,0.0,,,54.682799747464436,54.682799747464436,,control,control_group_7
n7q5,saccade,46,48,244.0,10.8480130010431,,,71.34931285104324,53.9184261749862,,control,control_group_7
n8q5,fixation,0,5,611.0,2.4445314147296155,-29.188530000000004,13.491729999999995,,,BG_n2q5,control,control_group_8
n8q5,fixation,7,10,367.0,1.6810102644540854,-18.277350000000006,11.316809999999997,,,INST_n2q5_1a,control,control_group_8
n8q5,fixation,12,16,489.0,2.085180000000002,-30.0,2.5652879999999962,,,BG_n2q5,control,control_group_8
n8q5,fixation,18,26,978.0,11.806442221939683,-17.13510000000001,-0.5269866666666716,,,INST_n2q5_1b,control,control_group_8
n8q5,fixation,28,37,1100.0,4.637571471923633,-28.306914,-13.113810000000006,,,BG_n2q5,control,control_group_8
n8q5,fixation,39,46,856.0,3.4324635636230734,-18.62536500000001,-12.672847500000007,,,INST_n2q5_1c,control,control_group_8
n8q5,fixation,48,50,245.0,2.1597584673291608,-8.049600000000007,-12.434460000000007,,,INST_n2q5_1c,control,control_group_8
n8q5,fixation,52,62,1834.0,12.515949878471071,4.78869272727272,-16.224523636363646,,,INST_n2q5_1c,control,control_group_8
n8q5,fixation,71,78,856.0,0.41579170554497696,-12.113340000000006,8.020679999999995,,,BG_n2q5,control,control_group_8
n8q5,fixation,80,83,367.0,1.7026062469050227,-7.393935000000006,0.29945999999999556,,,INST_n2q5_1b,control,control_group_8
n8q5,fixation,85,91,733.0,3.246623927836419,-20.81425714285715,1.3480285714285676,,,INST_n2q5_1b,control,control_group_8
n8q5,saccade,6,6,0.0,0.0,,,64.4205702651471,64.4205702651471,,control,control_group_8
n8q5,saccade,11,11,0.0,0.0,,,83.44130415177176,83.44130415177176,,control,control_group_8
n8q5,saccade,17,17,0.0,0.0,,,51.90504713215191,51.90504713215191,,control,control_group_8
n8q5,saccade,27,27,0.0,0.0,,,85.29359865737305,85.29359865737305,,control,control_group_8
n8q5,saccade,38,38,0.0,0.0,,,49.73917699416606,49.73917699416606,,control,control_group_8
n8q5,saccade,47,47,0.0,0.0,,,65.94250400961265,65.94250400961265,,control,control_group_8
n8q5,saccade,51,51,0.0,0.0,,,59.596432531585336,59.596432531585336,,control,control_group_8
n8q5,saccade,63,64,122.0,8.112773955312695,,,66.49814717469422,62.65520951850564,,control,control_group_8
n8q5,saccade,65,65,0.0,0.0,,,3.1661265243751946,3.1661265243751946,,control,control_group_8
n8q5,saccade,66,66,0.0,0.0,,,74.8592830639184,74.8592830639184,,control,control_group_8
n8q5,saccade,67,67,0.0,0.0,,,23.701618154735446,23.701618154735446,,control,control_group_8
n8q5,saccade,68,68,0.0,0.0,,,44.774231203873036,44.774231203873036,,control,control_group_8
n8q5,saccade,69,69,0.0,0.0,,,2.7563190110595523,2.7563190110595523,,control,control_group_8
n8q5,saccade,70,70,0.0,0.0,,,54.44101222238526,54.44101222238526,,control,control_group_8
n8q5,saccade,79,79,0.0,0.0,,,74.59884881343118,74.59884881343118,,control,control_group_8
n8q5,saccade,84,84,0.0,0.0,,,68.50501605010979,68.50501605010979,,control,control_group_8
n9q5,fixation,0,5,611.0,8.694118223626823,-15.031770000000009,12.877589999999996,,,INST_n2q5_1a,control,control_group_9
n9q5,fixation,7,14,856.0,1.21337315826583,-27.909247500000006,1.4628149999999962,,,INST_n2q5_1b,control,control_group_9
n9q5,fixation,18,23,612.0,9.117470229531877,-6.298760000000006,-1.8407000000000069,,,INST_n2q5_1b,control,control_group_9
n9q5,fixation,26,30,489.0,4.801998989254368,-27.611760000000004,-11.952348000000004,,,INST_n2q5_1c,control,control_group_9
n9q5,fixation,32,35,366.0,4.354211500604906,-14.526315000000007,-9.999450000000007,,,INST_n2q5_1c,control,control_group_9
n9q5,fixation,37,39,245.0,2.4380832742135805,-1.2868200000000052,-13.278080000000003,,,INST_n2q5_1c,control,control_group_9
n9q5,fixation,41,47,734.0,4.826115241475286,5.781359999999993,-14.401071428571436,,,INST_n2q5_1c,control,control_group_9
n9q5,fixation,53,55,245.0,0.7755662873023815,-14.876980000000005,9.825639999999998,,,INST_n2q5_1a,control,control_group_9
n9q5,fixation,57,61,488.0,0.6231211715228423,-7.7113800000000055,13.038071999999994,,,INST_n2q5_1a,control,control_group_9
n9q5,fixation,65,67,246.0,3.035075470890308,2.4769799999999975,13.830639999999995,,,BG_n2q5,control,control_group_9
n9q5,fixation,70,72,244.0,0.3387935796322,-10.300080000000007,12.240559999999997,,,INST_n2q5_1a,control,control_group_9
n9q5,saccade,6,6,0.0,0.0,,,64.2694277591143,64.2694277591143,,control,control_group_9
n9q5,saccade,15,15,0.0,0.0,,,49.27638948198952,49.27638948198952,,control,control_group_9
n9q5,saccade,16,16,0.0,0.0,,,6.5119756880319,6.5119756880319,,control,control_group_9
n9q5,saccade,17,17,0.0,0.0,,,75.07459094521872,75.07459094521872,,control,control_group_9
n9q5,saccade,24,25,122.0,5.953647597565713,,,93.24556396530315,71.0229770546422,,control,control_group_9
n9q5,saccade,31,31,0.0,0.0,,,68.34840708618972,68.34840708618972,,control,control_group_9
n9q5,saccade,36,36,0.0,0.0,,,76.1777360468838,76.1777360468838,,control,control_group_9
n9q5,saccade,40,40,0.0,0.0,,,69.45475071499838,69.45475071499838,,control,control_group_9
n9q5,saccade,48,48,0.0,0.0,,,50.865730936066434,50.865730936066434,,control,control_group_9
n9q5,saccade,49,49,0.0,0.0,,,1.9458229506096987,1.9458229506096987,,control,control_group_9
n9q5,saccade,50,52,366.0,17.763571963769003,,,68.67402593774241,54.66350551516884,,control,control_group_9
n9q5,saccade,56,56,0.0,0.0,,,59.436561941998974,59.436561941998974,,control,control_group_9
n9q5,saccade,62,64,244.0,8.83598980825578,,,70.93458788602025,61.63581882375471,,control,control_group_9
n9q5,saccade,68,69,122.0,5.608863319924993,,,48.76840361380372,47.371346560692814,,control,control_group_9
