ADQ_ID,EventType,StartIndex,EndIndex,Duration_ms,Amplitude_deg,MaxVel,MeanVel,ROI,group,subject
m1q5,fixation,0,1,120.0,0.2561199359675064,,,INST_n2q5_1b,mci,mci_group_1
m1q5,fixation,5,6,122.0,1.5015055240657629,,,INST_n2q5_1b,mci,mci_group_1
m1q5,fixation,10,16,734.0,7.499526207034682,,,INST_n2q5_1c,mci,mci_group_1
m1q5,fixation,20,24,489.0,3.4306576806787326,,,BG_n2q5,mci,mci_group_1
m1q5,fixation,26,34,978.0,1.439933859731068,,,INST_n2q5_1b,mci,mci_group_1
m1q5,fixation,36,48,1466.0,18.220015135065054,,,INST_n2q5_1b,mci,mci_group_1
m1q5,fixation,50,53,366.0,4.596827411682972,,,BG_n2q5,mci,mci_group_1
m1q5,fixation,57,61,489.0,5.73895428314253,,,INST_n2q5_1b,mci,mci_group_1
m1q5,saccade,2,2,0.0,0.0,42.04234340161445,42.04234340161445,,mci,mci_group_1
m1q5,saccade,3,3,0.0,0.0,12.027975767800275,12.027975767800275,,mci,mci_group_1
m1q5,saccade,4,4,0.0,0.0,58.79593001335061,58.79593001335061,,mci,mci_group_1
m1q5,saccade,7,9,243.0,16.42345290302864,97.95431341598265,88.123599690337,,mci,mci_group_1
m1q5,saccade,17,17,0.0,0.0,64.35763418530706,64.35763418530706,,mci,mci_group_1
m1q5,saccade,18,18,0.0,0.0,31.688076307064524,31.688076307064524,,mci,mci_group_1
m1q5,saccade,19,19,0.0,0.0,45.74834840199534,45.74834840199534,,mci,mci_group_1
m1q5,saccade,25,25,0.0,0.0,86.69990694677475,86.69990694677475,,mci,mci_group_1
m1q5,saccade,35,35,0.0,0.0,97.2853997261718,97.2853997261718,,mci,mci_group_1
m1q5,saccade,49,49,0.0,0.0,77.0832177653402,77.0832177653402,,mci,mci_group_1
m1q5,saccade,54,54,0.0,0.0,69.6493084496848,69.6493084496848,,mci,mci_group_1
m1q5,saccade,55,55,0.0,0.0,8.12942258441723,8.12942258441723,,mci,mci_group_1
m1q5,saccade,56,56,0.0,0.0,62.967745277956816,62.967745277956816,,mci,mci_group_1
m10q5,fixation,0,1,122.0,0.3156333803639918,,,INST_n2q5_1a,mci,mci_group_10
m10q5,fixation,5,6,123.0,0.4790540453852736,,,INST_n2q5_1b,mci,mci_group_10
m10q5,fixation,8,10,244.0,3.7985983651868227,,,INST_n2q5_1b,mci,mci_group_10
m10q5,fixation,13,15,244.0,3.3003811383535693,,,INST_n2q5_1c,mci,mci_group_10
m10q5,fixation,17,18,122.0,0.5749531893989279,,,INST_n2q5_1c,mci,mci_group_10
m10q5,fixation,20,23,367.0,0.30325465536410123,,,INST_n2q5_1c,mci,mci_group_10
m10q5,fixation,29,34,855.9999999999991,10.461064740952521,,,INST_n2q5_1c,mci,mci_group_10
m10q5,fixation,36,38,367.0,6.691846568025898,,,INST_n2q5_1c,mci,mci_group_10
m10q5,fixation,40,42,611.0,15.14624430961022,,,INST_n2q5_1c,mci,mci_group_10
m10q5,fixation,44,46,244.0,5.104860530318141,,,INST_n2q5_1b,mci,mci_group_10
m10q5,fixation,49,63,1711.0,5.3465523223101465,,,BG_n2q5,mci,mci_group_10
m10q5,saccade,2,2,0.0,0.0,106.15512270410493,106.15512270410493,,mci,mci_group_10
m10q5,saccade,3,3,0.0,0.0,18.203393509909624,18.203393509909624,,mci,mci_group_10
m10q5,saccade,4,4,0.0,0.0,52.024967910924865,52.024967910924865,,mci,mci_group_10
m10q5,saccade,7,7,0.0,0.0,116.37787648416453,116.37787648416453,,mci,mci_group_10
m10q5,saccade,11,12,122.0,14.52436839126576,119.05219992840787,115.28834587696663,,mci,mci_group_10
m10q5,saccade,16,16,0.0,0.0,76.5497803136042,76.5497803136042,,mci,mci_group_10
m10q5,saccade,19,19,0.0,0.0,64.75567927834979,64.75567927834979,,mci,mci_group_10
m10q5,saccade,24,25,123.0,5.908303090702101,48.03498447725285,46.8792230440704,,mci,mci_group_10
m10q5,saccade,26,26,0.0,0.0,16.359279711508904,16.359279711508904,,mci,mci_group_10
m10q5,saccade,27,28,122.0,8.346811468746619,102.06564844212168,85.24106794543223,,mci,mci_group_10
m10q5,saccade,35,35,0.0,0.0,57.41270794700522,57.41270794700522,,mci,mci_group_10
m10q5,saccade,39,39,0.0,0.0,55.3482888590888,55.3482888590888,,mci,mci_group_10
m10q5,saccade,43,43,0.0,0.0,62.74878335657606,62.74878335657606,,mci,mci_group_10
m10q5,saccade,47,48,123.0,5.271937739124014,51.01767924598621,46.93948083894438,,mci,mci_group_10
m11q5,fixation,2,8,733.0,4.918904668073968,,,INST_n2q5_1b,mci,mci_group_11
m11q5,fixation,10,13,366.0,2.1144722064855794,,,INST_n2q5_1b,mci,mci_group_11
m11q5,fixation,15,32,2078.0,15.877686645213773,,,INST_n2q5_1c,mci,mci_group_11
m11q5,fixation,35,37,245.0,0.15168096123112326,,,INST_n2q5_1a,mci,mci_group_11
m11q5,fixation,41,43,245.0,0.8035872955690659,,,BG_n2q5,mci,mci_group_11
m11q5,fixation,45,48,610.0,5.722543666307844,,,INST_n2q5_1b,mci,mci_group_11
m11q5,fixation,51,52,122.0,1.2585885251344053,,,INST_n2q5_1c,mci,mci_group_11
m11q5,fixation,54,57,367.0,0.39299999999999535,,,BG_n2q5,mci,mci_group_11
m11q5,fixation,59,61,244.0,0.9522382979065764,,,INST_n2q5_1a,mci,mci_group_11
m11q5,fixation,64,67,367.0,6.390951660120731,,,BG_n2q5,mci,mci_group_11
m11q5,fixation,70,73,367.0,4.492259999999998,,,BG_n2q5,mci,mci_group_11
m11q5,fixation,77,83,733.0,11.705461042590333,,,INST_n2q5_1a,mci,mci_group_11
m11q5,fixation,86,89,367.0,1.1717531880050507,,,BG_n2q5,mci,mci_group_11
m11q5,fixation,92,97,733.0,4.606395503861985,,,INST_n2q5_1a,mci,mci_group_11
m11q5,fixation,106,107,122.0,0.46386668990131363,,,BG_n2q5,mci,mci_group_11
m11q5,fixation,113,114,123.0,3.3958369153420764,,,INST_n2q5_1b,mci,mci_group_11
m11q5,fixation,118,120,244.99999999999818,2.951100000000004,,,BG_n2q5,mci,mci_group_11
m11q5,fixation,122,128,734.0,6.741774616108138,,,INST_n2q5_1a,mci,mci_group_11
m11q5,saccade,0,0,0.0,0.0,0.0,0.0,,mci,mci_group_11
m11q5,saccade,1,1,0.0,0.0,63.35704918032792,63.35704918032792,,mci,mci_group_11
m11q5,saccade,9,9,0.0,0.0,49.916493467065465,49.916493467065465,,mci,mci_group_11
m11q5,saccade,14,14,0.0,0.0,120.748757257779,120.748757257779,,mci,mci_group_11
m11q5,saccade,33,34,123.0,18.126984601858084,147.37385855169174,102.03700354000594,,mci,mci_group_11
m11q5,saccade,38,38,0.0,0.0,52.00406003206215,52.00406003206215,,mci,mci_group_11
m11q5,saccade,39,39,0.0,0.0,5.182072262404144,5.182072262404144,,mci,mci_group_11
m11q5,saccade,40,40,0.0,0.0,96.76259160451994,96.76259160451994,,mci,mci_group_11
m11q5,saccade,44,44,0.0,0.0,132.88773487342752,132.88773487342752,,mci,mci_group_11
m11q5,saccade,49,50,121.0,6.529496064506051,87.94005266013856,70.95141502637529,,mci,mci_group_11
m11q5,saccade,53,53,0.0,0.0,141.40291476953777,141.40291476953777,,mci,mci_group_11
m11q5,saccade,58,58,0.0,0.0,121.29588166430662,121.29588166430662,,mci,mci_group_11
m11q5,saccade,62,63,123.0,9.527361376456764,85.00471324871405,81.23146791076664,,mci,mci_group_11
m11q5,saccade,68,69,122.0,18.41323189962044,150.9281303247577,106.46301121103326,,mci,mci_group_11
m11q5,saccade,74,76,244.0,25.843716736615107,126.69235027029674,100.18682548827792,,mci,mci_group_11
m11q5,saccade,84,85,244.0,27.13836208889549,125.77128183182363,118.49703863905832,,mci,mci_group_11
m11q5,saccade,90,91,123.0,16.33527083918721,149.12716125639304,140.9671206248925,,mci,mci_group_11
m11q5,saccade,98,98,0.0,0.0,47.72926308245266,47.72926308245266,,mci,mci_group_11
m11q5,saccade,99,99,0.0,0.0,25.866587526291624,25.866587526291624,,mci,mci_group_11
m11q5,saccade,100,103,367.0,16.73146931219133,50.66605396623603,45.236332823166485,,mci,mci_group_11
m11q5,saccade,104,104,0.0,0.0,5.58742206927975,5.58742206927975,,mci,mci_group_11
m11q5,saccade,105,105,0.0,0.0,98.5984285394761,98.5984285394761,,mci,mci_group_11
m11q5,saccade,108,108,0.0,0.0,42.4609534401128,42.4609534401128,,mci,mci_group_11
m11q5,saccade,109,109,0.0,0.0,12.029763646202722,12.029763646202722,,mci,mci_group_11
m11q5,saccade,110,110,0.0,0.0,51.978975086226086,51.978975086226086,,mci,mci_group_11
m11q5,saccade,111,111,0.0,0.0,27.791251071503098,27.791251071503098,,mci,mci_group_11
m11q5,saccade,112,112,0.0,0.0,50.11515435899299,50.11515435899299,,mci,mci_group_11
m11q5,saccade,115,115,0.0,0.0,49.46773940312487,49.46773940312487,,mci,mci_group_11
m11q5,saccade,116,116,0.0,0.0,5.8960576268243265,5.8960576268243265,,mci,mci_group_11
m11q5,saccade,117,117,0.0,0.0,87.47350096662643,87.47350096662643,,mci,mci_group_11
m11q5,saccade,121,121,0.0,0.0,49.2610528495076,49.2610528495076,,mci,mci_group_11
m12q5,fixation,3,5,244.0,1.8046462215071382,,,INST_n2q5_1b,mci,mci_group_12
m12q5,fixation,7,10,367.0,4.0268484885329405,,,INST_n2q5_1b,mci,mci_group_12
m12q5,fixation,12,13,123.0,1.2687304763424005,,,INST_n2q5_1c,mci,mci_group_12
m12q5,fixation,18,23,611.0,2.517588892253851,,,INST_n2q5_1c,mci,mci_group_12
m12q5,fixation,27,30,367.0,2.85630796301799,,,INST_n2q5_1b,mci,mci_group_12
m12q5,fixation,32,35,367.0,6.933168586007406,,,INST_n2q5_1a,mci,mci_group_12
m12q5,fixation,38,41,612.0,7.324015525324883,,,INST_n2q5_1a,mci,mci_group_12
m12q5,fixation,43,46,366.0,3.747336506106705,,,INST_n2q5_1a,mci,mci_group_12
m12q5,saccade,0,0,0.0,0.0,0.0,0.0,,mci,mci_group_12
m12q5,saccade,1,2,122.0,8.023876132742828,65.76947649789203,56.706508429752574,,mci,mci_group_12
m12q5,saccade,6,6,0.0,0.0,43.495635631638564,43.495635631638564,,mci,mci_group_12
m12q5,saccade,11,11,0.0,0.0,116.68738601153062,116.68738601153062,,mci,mci_group_12
m12q5,saccade,14,15,122.0,10.512274623981238,86.16618544246917,81.22204161889046,,mci,mci_group_12
m12q5,saccade,16,16,0.0,0.0,5.388744521624138,5.388744521624138,,mci,mci_group_12
m12q5,saccade,17,17,0.0,0.0,58.34030859178111,58.34030859178111,,mci,mci_group_12
m12q5,saccade,24,24,0.0,0.0,123.4546963630723,123.4546963630723,,mci,mci_group_12
m12q5,saccade,25,25,0.0,0.0,16.028315849856103,16.028315849856103,,mci,mci_group_12
m12q5,saccade,26,26,0.0,0.0,51.16853980591386,51.16853980591386,,mci,mci_group_12
m12q5,saccade,31,31,0.0,0.0,101.4036370284953,101.4036370284953,,mci,mci_group_12
m12q5,saccade,36,37,123.0,5.7188644836540785,46.494833200439665,46.19854731547158,,mci,mci_group_12
m12q5,saccade,42,42,0.0,0.0,114.32303080263756,114.32303080263756,,mci,mci_group_12
m13q5,fixation,0,3,490.0,17.79866451037269,,,INST_n2q5_1a,mci,mci_group_13
m13q5,fixation,5,6,122.0,1.3370077823258921,,,INST_n2q5_1b,mci,mci_group_13
m13q5,fixation,8,9,122.0,0.9294196944330355,,,INST_n2q5_1b,mci,mci_group_13
m13q5,fixation,13,20,856.0,0.955931164258181,,,INST_n2q5_1c,mci,mci_group_13
m13q5,fixation,22,24,244.0,2.084647007816915,,,INST_n2q5_1c,mci,mci_group_13
m13q5,fixation,27,30,367.0,1.6961303045462013,,,INST_n2q5_1b,mci,mci_group_13
m13q5,fixation,32,34,367.0,6.443684198127652,,,INST_n2q5_1c,mci,mci_group_13
m13q5,fixation,36,37,245.0,4.72200264739443,,,INST_n2q5_1b,mci,mci_group_13
m13q5,fixation,42,46,489.0,0.8745583081761888,,,BG_n2q5,mci,mci_group_13
m13q5,fixation,48,49,122.0,0.6462861892381702,,,INST_n2q5_1b,mci,mci_group_13
m13q5,fixation,51,53,246.0,0.06380404062440148,,,INST_n2q5_1b,mci,mci_group_13
m13q5,saccade,4,4,0.0,0.0,47.64617217352905,47.64617217352905,,mci,mci_group_13
m13q5,saccade,7,7,0.0,0.0,78.42724312304159,78.42724312304159,,mci,mci_group_13
m13q5,saccade,10,10,0.0,0.0,83.80685956690905,83.80685956690905,,mci,mci_group_13
m13q5,saccade,11,11,0.0,0.0,9.797247291529102,9.797247291529102,,mci,mci_group_13
m13q5,saccade,12,12,0.0,0.0,70.78074044449903,70.78074044449903,,mci,mci_group_13
m13q5,saccade,21,21,0.0,0.0,54.004889121384636,54.004889121384636,,mci,mci_group_13
m13q5,saccade,25,26,122.0,12.858422947686858,105.39690940726932,81.2250278335948,,mci,mci_group_13
m13q5,saccade,31,31,0.0,0.0,96.43629602766033,96.43629602766033,,mci,mci_group_13
m13q5,saccade,35,35,0.0,0.0,61.817279324950405,61.817279324950405,,mci,mci_group_13
m13q5,saccade,38,38,0.0,0.0,97.4578869255789,97.4578869255789,,mci,mci_group_13
m13q5,saccade,39,39,0.0,0.0,1.7083590196962115,1.7083590196962115,,mci,mci_group_13
m13q5,saccade,40,41,122.0,6.154959542482794,50.450488053137654,48.90290860041993,,mci,mci_group_13
m13q5,saccade,47,47,0.0,0.0,55.59122039692083,55.59122039692083,,mci,mci_group_13
m13q5,saccade,50,50,0.0,0.0,41.6894578742641,41.6894578742641,,mci,mci_group_13
m13q5,saccade,54,55,123.0,6.280484093602972,51.06084628945506,50.484114294149485,,mci,mci_group_13
m14q5,fixation,2,5,366.0,3.262452420618578,,,INST_n2q5_1b,mci,mci_group_14
m14q5,fixation,7,8,122.0,0.11785156256918784,,,INST_n2q5_1b,mci,mci_group_14
m14q5,fixation,10,12,246.0,2.0801666371711653,,,INST_n2q5_1c,mci,mci_group_14
m14q5,fixation,14,16,245.0,1.897910463746907,,,INST_n2q5_1c,mci,mci_group_14
m14q5,fixation,18,22,489.0,4.456700511409762,,,INST_n2q5_1c,mci,mci_group_14
m14q5,fixation,24,25,122.0,0.1656463087424521,,,INST_n2q5_1c,mci,mci_group_14
m14q5,fixation,27,31,489.0,1.059074766199252,,,INST_n2q5_1b,mci,mci_group_14
m14q5,fixation,36,37,123.0,1.9972915005076186,,,INST_n2q5_1c,mci,mci_group_14
m14q5,fixation,39,40,122.0,2.168536614401517,,,INST_n2q5_1c,mci,mci_group_14
m14q5,fixation,42,43,123.0,0.6630230683769611,,,BG_n2q5,mci,mci_group_14
m14q5,fixation,45,46,122.0,0.8161874718469998,,,INST_n2q5_1b,mci,mci_group_14
m14q5,fixation,48,56,978.0,2.3541583377504574,,,INST_n2q5_1c,mci,mci_group_14
m14q5,fixation,60,64,734.0,40.07914615039597,,,INST_n2q5_1a,mci,mci_group_14
m14q5,saccade,0,0,0.0,0.0,0.0,0.0,,mci,mci_group_14
m14q5,saccade,1,1,0.0,0.0,74.78463662937871,74.78463662937871,,mci,mci_group_14
m14q5,saccade,6,6,0.0,0.0,72.46768214441316,72.46768214441316,,mci,mci_group_14
m14q5,saccade,9,9,0.0,0.0,118.65234935028627,118.65234935028627,,mci,mci_group_14
m14q5,saccade,13,13,0.0,0.0,109.59956304563322,109.59956304563322,,mci,mci_group_14
m14q5,saccade,17,17,0.0,0.0,117.24403749721436,117.24403749721436,,mci,mci_group_14
m14q5,saccade,23,23,0.0,0.0,86.35437263915792,86.35437263915792,,mci,mci_group_14
m14q5,saccade,26,26,0.0,0.0,67.2183173916624,67.2183173916624,,mci,mci_group_14
m14q5,saccade,32,32,0.0,0.0,94.2691857765085,94.2691857765085,,mci,mci_group_14
m14q5,saccade,33,33,0.0,0.0,5.75375394093218,5.75375394093218,,mci,mci_group_14
m14q5,saccade,34,35,122.0,6.7624208174292155,67.91474531916325,61.67221207527513,,mci,mci_group_14
m14q5,saccade,38,38,0.0,0.0,102.3397616194756,102.3397616194756,,mci,mci_group_14
m14q5,saccade,41,41,0.0,0.0,110.39818989692785,110.39818989692785,,mci,mci_group_14
m14q5,saccade,44,44,0.0,0.0,51.861071001415574,51.861071001415574,,mci,mci_group_14
m14q5,saccade,47,47,0.0,0.0,79.51249517956403,79.51249517956403,,mci,mci_group_14
m14q5,saccade,57,59,366.0,32.025778070098475,117.62292416798475,92.96878086056768,,mci,mci_group_14
m15q5,fixation,0,6,734.0,6.720460009612431,,,INST_n2q5_1a,mci,mci_group_15
m15q5,fixation,8,10,244.0,0.12108000000000452,,,BG_n2q5,mci,mci_group_15
m15q5,fixation,12,23,1467.0,5.691709309829516,,,INST_n2q5_1b,mci,mci_group_15
m15q5,fixation,25,36,1467.0,20.510893253342232,,,INST_n2q5_1c,mci,mci_group_15
m15q5,fixation,40,43,367.0,3.3369304233082238,,,INST_n2q5_1a,mci,mci_group_15
m15q5,fixation,46,55,1344.0,6.560647411376416,,,INST_n2q5_1a,mci,mci_group_15
m15q5,fixation,57,59,490.0,2.872410959246608,,,INST_n2q5_1a,mci,mci_group_15
m15q5,fixation,61,70,1100.0,1.348089769859558,,,BG_n2q5,mci,mci_group_15
m15q5,saccade,7,7,0.0,0.0,44.91696040548596,44.91696040548596,,mci,mci_group_15
m15q5,saccade,11,11,0.0,0.0,53.97390619661437,53.97390619661437,,mci,mci_group_15
m15q5,saccade,24,24,0.0,0.0,64.88251602672385,64.88251602672385,,mci,mci_group_15
m15q5,saccade,37,39,245.0,10.07568296162597,74.68308202168681,52.466577962007925,,mci,mci_group_15
m15q5,saccade,44,45,122.0,7.538539007791893,61.791303342556496,56.42090596236345,,mci,mci_group_15
m15q5,saccade,56,56,0.0,0.0,44.27085493733506,44.27085493733506,,mci,mci_group_15
m15q5,saccade,60,60,0.0,0.0,44.17111361470207,44.17111361470207,,mci,mci_group_15
m16q5,fixation,2,3,123.0,2.180112090787994,,,INST_n2q5_1b,mci,mci_group_16
m16q5,fixation,6,10,489.0,4.124608495602947,,,INST_n2q5_1b,mci,mci_group_16
m16q5,fixation,12,13,122.0,0.07762073176671144,,,INST_n2q5_1c,mci,mci_group_16
m16q5,fixation,17,22,611.0,5.568503173277352,,,INST_n2q5_1c,mci,mci_group_16
m16q5,fixation,24,29,612.0,2.3557856350695374,,,BG_n2q5,mci,mci_group_16
m16q5,fixation,32,33,122.0,1.0562171930053095,,,BG_n2q5,mci,mci_group_16
m16q5,fixation,35,37,245.0,0.7341308943233629,,,INST_n2q5_1a,mci,mci_group_16
m16q5,fixation,39,40,122.0,0.7966084219991656,,,INST_n2q5_1a,mci,mci_group_16
m16q5,fixation,50,56,733.0,0.4414380232829919,,,INST_n2q5_1a,mci,mci_group_16
m16q5,saccade,0,0,0.0,0.0,0.0,0.0,,mci,mci_group_16
m16q5,saccade,1,1,0.0,0.0,134.9585863064908,134.9585863064908,,mci,mci_group_16
m16q5,saccade,4,5,122.0,5.343116217489567,66.37812149087895,55.08707803023278,,mci,mci_group_16
m16q5,saccade,11,11,0.0,0.0,92.63383579238715,92.63383579238715,,mci,mci_group_16
m16q5,saccade,14,16,244.0,25.89407587094006,151.88161692912382,100.6732354884951,,mci,mci_group_16
m16q5,saccade,23,23,0.0,0.0,85.51303613260359,85.51303613260359,,mci,mci_group_16
m16q5,saccade,30,31,122.0,18.56173743490625,152.14538881070698,114.3308702550936,,mci,mci_group_16
m16q5,saccade,34,34,0.0,0.0,125.0947790208517,125.0947790208517,,mci,mci_group_16
m16q5,saccade,38,38,0.0,0.0,47.42769186828198,47.42769186828198,,mci,mci_group_16
m16q5,saccade,41,41,0.0,0.0,47.01194775263959,47.01194775263959,,mci,mci_group_16
m16q5,saccade,42,42,0.0,0.0,0.681531675963823,0.681531675963823,,mci,mci_group_16
m16q5,saccade,43,45,245.0,19.535382496076192,88.30967059997063,72.29599580293053,,mci,mci_group_16
m16q5,saccade,46,46,0.0,0.0,21.68909068626661,21.68909068626661,,mci,mci_group_16
m16q5,saccade,47,47,0.0,0.0,77.37935826576842,77.37935826576842,,mci,mci_group_16
m16q5,saccade,48,48,0.0,0.0,6.326227071907234,6.326227071907234,,mci,mci_group_16
m16q5,saccade,49,49,0.0,0.0,89.24017403854303,89.24017403854303,,mci,mci_group_16
m17q5,fixation,0,1,124.0,1.5973633845809811,,,INST_n2q5_1a,mci,mci_group_17
m17q5,fixation,5,7,244.0,0.34463177914986326,,,INST_n2q5_1b,mci,mci_group_17
m17q5,fixation,11,13,244.0,3.4779436610733065,,,INST_n2q5_1b,mci,mci_group_17
m17q5,fixation,23,24,244.0,6.870779472112316,,,INST_n2q5_1c,mci,mci_group_17
m17q5,fixation,27,29,244.0,0.3184902918457634,,,INST_n2q5_1a,mci,mci_group_17
m17q5,fixation,31,35,489.0,9.72961243955791,,,INST_n2q5_1b,mci,mci_group_17
m17q5,fixation,38,40,244.0,4.134011963843352,,,INST_n2q5_1b,mci,mci_group_17
m17q5,fixation,44,45,122.0,0.6218032080972254,,,INST_n2q5_1b,mci,mci_group_17
m17q5,fixation,47,48,122.0,4.742768756791753,,,INST_n2q5_1b,mci,mci_group_17
m17q5,saccade,2,4,244.0,8.786071746668133,64.44400598642677,50.43414891387847,,mci,mci_group_17
m17q5,saccade,8,8,0.0,0.0,81.80843232969247,81.80843232969247,,mci,mci_group_17
m17q5,saccade,9,9,0.0,0.0,8.544596617183656,8.544596617183656,,mci,mci_group_17
m17q5,saccade,10,10,0.0,0.0,101.58813214860594,101.58813214860594,,mci,mci_group_17
m17q5,saccade,14,14,0.0,0.0,70.5902219072257,70.5902219072257,,mci,mci_group_17
m17q5,saccade,15,15,0.0,0.0,13.214378490625943,13.214378490625943,,mci,mci_group_17
m17q5,saccade,16,18,245.0,2.5273132745269264,120.0521065613906,71.78761671137458,,mci,mci_group_17
m17q5,saccade,19,19,0.0,0.0,9.142607037967093,9.142607037967093,,mci,mci_group_17
m17q5,saccade,20,20,0.0,0.0,105.454890642718,105.454890642718,,mci,mci_group_17
m17q5,saccade,21,21,0.0,0.0,4.865817484285542,4.865817484285542,,mci,mci_group_17
m17q5,saccade,22,22,0.0,0.0,64.31171815790177,64.31171815790177,,mci,mci_group_17
m17q5,saccade,25,26,245.0,21.951736703176813,89.59892531908903,65.66152993054315,,mci,mci_group_17
m17q5,saccade,30,30,0.0,0.0,46.557586428158714,46.557586428158714,,mci,mci_group_17
m17q5,saccade,36,37,122.0,7.271170959673549,59.599761964537294,59.29530740658754,,mci,mci_group_17
m17q5,saccade,41,43,367.0,23.20304057185609,116.91034155684743,84.01643301706373,,mci,mci_group_17
m17q5,saccade,46,46,0.0,0.0,65.58788151213209,65.58788151213209,,mci,mci_group_17
m18q5,fixation,0,2,244.0,4.963887168580687,,,INST_n2q5_1a,mci,mci_group_18
m18q5,fixation,4,6,245.0,7.454023367095114,,,INST_n2q5_1a,mci,mci_group_18
m18q5,fixation,8,9,122.0,0.4540565044132665,,,INST_n2q5_1a,mci,mci_group_18
m18q5,fixation,13,15,245.0,2.679091443680116,,,BG_n2q5,mci,mci_group_18
m18q5,fixation,19,22,367.0,0.3865286105840036,,,INST_n2q5_1b,mci,mci_group_18
m18q5,fixation,24,26,245.0,0.9506854419838332,,,INST_n2q5_1b,mci,mci_group_18
m18q5,fixation,28,31,367.0,3.9198284491543736,,,INST_n2q5_1b,mci,mci_group_18
m18q5,fixation,33,36,366.0,0.7388511823094004,,,INST_n2q5_1b,mci,mci_group_18
m18q5,fixation,38,42,489.0,4.248794597294626,,,INST_n2q5_1b,mci,mci_group_18
m18q5,fixation,44,46,245.0,4.155794582218905,,,BG_n2q5,mci,mci_group_18
m18q5,fixation,49,52,367.0,0.8985794088448716,,,INST_n2q5_1c,mci,mci_group_18
m18q5,fixation,57,58,122.0,1.8194106210528767,,,INST_n2q5_1c,mci,mci_group_18
m18q5,fixation,63,70,978.0,5.984857374841943,,,INST_n2q5_1a,mci,mci_group_18
m18q5,fixation,72,73,122.0,0.6767701296599863,,,INST_n2q5_1a,mci,mci_group_18
m18q5,fixation,75,76,122.0,2.1245381428442305,,,BG_n2q5,mci,mci_group_18
m18q5,fixation,79,81,244.0,5.374852763304309,,,INST_n2q5_1b,mci,mci_group_18
m18q5,saccade,3,3,0.0,0.0,40.425382248510516,40.425382248510516,,mci,mci_group_18
m18q5,saccade,7,7,0.0,0.0,60.07554986527514,60.07554986527514,,mci,mci_group_18
m18q5,saccade,10,12,244.0,20.35338026115564,119.73810666275318,85.40212026464957,,mci,mci_group_18
m18q5,saccade,16,16,0.0,0.0,84.101847845446,84.101847845446,,mci,mci_group_18
m18q5,saccade,17,17,0.0,0.0,14.690100166155933,14.690100166155933,,mci,mci_group_18
m18q5,saccade,18,18,0.0,0.0,42.14901219288935,42.14901219288935,,mci,mci_group_18
m18q5,saccade,23,23,0.0,0.0,74.73085803483691,74.73085803483691,,mci,mci_group_18
m18q5,saccade,27,27,0.0,0.0,44.15193517574858,44.15193517574858,,mci,mci_group_18
m18q5,saccade,32,32,0.0,0.0,76.3821535683626,76.3821535683626,,mci,mci_group_18
m18q5,saccade,37,37,0.0,0.0,70.35131544672537,70.35131544672537,,mci,mci_group_18
m18q5,saccade,43,43,0.0,0.0,81.21371753186367,81.21371753186367,,mci,mci_group_18
m18q5,saccade,47,48,122.0,15.065859589429339,123.49065237237163,96.1574590506672,,mci,mci_group_18
m18q5,saccade,53,54,122.0,10.516750728033832,86.20287481994944,85.81043137439435,,mci,mci_group_18
m18q5,saccade,55,55,0.0,0.0,35.89476728188815,35.89476728188815,,mci,mci_group_18
m18q5,saccade,56,56,0.0,0.0,53.310485472119346,53.310485472119346,,mci,mci_group_18
m18q5,saccade,59,62,489.9999999999991,23.78939460107381,69.35936490010288,53.44088884883562,,mci,mci_group_18
m18q5,saccade,71,71,0.0,0.0,42.81322866251116,42.81322866251116,,mci,mci_group_18
m18q5,saccade,74,74,0.0,0.0,107.47261788977526,107.47261788977526,,mci,mci_group_18
m18q5,saccade,77,78,123.0,6.0426723144317505,59.49843212781027,54.31292465915615,,mci,mci_group_18
m18q5,saccade,82,83,122.0,9.159858014641927,75.08080339870432,58.73110735084778,,mci,mci_group_18
m18q5,saccade,84,84,0.0,0.0,2.736658070196971,2.736658070196971,,mci,mci_group_18
m18q5,saccade,85,85,0.0,0.0,123.2459813895573,123.2459813895573,,mci,mci_group_18
m19q5,fixation,0,2,246.0,0.22000331815678908,,,BG_n2q5,mci,mci_group_19
m19q5,fixation,4,5,123.0,0.7625662108958178,,,INST_n2q5_1a,mci,mci_group_19
m19q5,fixation,7,9,245.0,4.377453170646147,,,BG_n2q5,mci,mci_group_19
m19q5,fixation,11,12,122.0,1.1876376477697232,,,BG_n2q5,mci,mci_group_19
m19q5,fixation,14,15,123.0,0.43829979876792435,,,INST_n2q5_1c,mci,mci_group_19
m19q5,fixation,17,19,245.0,0.9473896148892466,,,INST_n2q5_1c,mci,mci_group_19
m19q5,fixation,25,31,733.0,1.8413730828922117,,,INST_n2q5_1a,mci,mci_group_19
m19q5,fixation,33,37,490.0,6.141636159623916,,,BG_n2q5,mci,mci_group_19
m19q5,fixation,39,40,122.0,2.199570975258585,,,INST_n2q5_1b,mci,mci_group_19
m19q5,fixation,47,50,366.0,2.403894488949131,,,INST_n2q5_1b,mci,mci_group_19
m19q5,fixation,52,55,367.0,1.2757440652419252,,,INST_n2q5_1b,mci,mci_group_19
m19q5,fixation,57,59,245.0,4.847361808241678,,,INST_n2q5_1a,mci,mci_group_19
m19q5,fixation,71,78,856.0,6.194459828265896,,,INST_n2q5_1b,mci,mci_group_19
m19q5,fixation,80,81,122.0,4.056891397757646,,,INST_n2q5_1b,mci,mci_group_19
m19q5,fixation,93,97,488.0,1.3155038257641098,,,INST_n2q5_1c,mci,mci_group_19
m19q5,fixation,100,102,245.0,1.1312820778214474,,,INST_n2q5_1a,mci,mci_group_19
m19q5,saccade,3,3,0.0,0.0,98.53989787331639,98.53989787331639,,mci,mci_group_19
m19q5,saccade,6,6,0.0,0.0,110.31769963729867,110.31769963729867,,mci,mci_group_19
m19q5,saccade,10,10,0.0,0.0,108.17361962425123,108.17361962425123,,mci,mci_group_19
m19q5,saccade,13,13,0.0,0.0,105.74913710672783,105.74913710672783,,mci,mci_group_19
m19q5,saccade,16,16,0.0,0.0,100.40548544264868,100.40548544264868,,mci,mci_group_19
m19q5,saccade,20,21,122.0,10.563704247355657,86.58773973242343,80.79712632841895,,mci,mci_group_19
m19q5,saccade,22,22,0.0,0.0,20.706893241324412,20.706893241324412,,mci,mci_group_19
m19q5,saccade,23,24,122.0,18.849103718161242,154.50085014886264,130.61669789467368,,mci,mci_group_19
m19q5,saccade,32,32,0.0,0.0,59.72194052714515,59.72194052714515,,mci,mci_group_19
m19q5,saccade,38,38,0.0,0.0,47.40861519668096,47.40861519668096,,mci,mci_group_19
m19q5,saccade,41,44,366.0,7.9370218844097975,133.41474351803606,86.24703489914695,,mci,mci_group_19
m19q5,saccade,45,45,0.0,0.0,5.686155409693573,5.686155409693573,,mci,mci_group_19
m19q5,saccade,46,46,0.0,0.0,66.15641806296703,66.15641806296703,,mci,mci_group_19
m19q5,saccade,51,51,0.0,0.0,63.08751406902856,63.08751406902856,,mci,mci_group_19
m19q5,saccade,56,56,0.0,0.0,62.8523189648636,62.8523189648636,,mci,mci_group_19
m19q5,saccade,60,60,0.0,0.0,79.18164231411909,79.18164231411909,,mci,mci_group_19
m19q5,saccade,61,61,0.0,0.0,1.1757155785909061,1.1757155785909061,,mci,mci_group_19
m19q5,saccade,62,64,244.0,17.424478672453876,104.1424706314543,72.624271087792,,mci,mci_group_19
m19q5,saccade,65,65,0.0,0.0,14.274890865456813,14.274890865456813,,mci,mci_group_19
m19q5,saccade,66,66,0.0,0.0,65.99897146531887,65.99897146531887,,mci,mci_group_19
m19q5,saccade,67,67,0.0,0.0,7.738719933773516,7.738719933773516,,mci,mci_group_19
m19q5,saccade,68,68,0.0,0.0,119.58756655310363,119.58756655310363,,mci,mci_group_19
m19q5,saccade,69,69,0.0,0.0,26.029379972883604,26.029379972883604,,mci,mci_group_19
m19q5,saccade,70,70,0.0,0.0,69.72061855704756,69.72061855704756,,mci,mci_group_19
m19q5,saccade,79,79,0.0,0.0,68.57050250072619,68.57050250072619,,mci,mci_group_19
m19q5,saccade,82,84,245.0,18.157888251809464,119.64096558974008,81.54674397745889,,mci,mci_group_19
m19q5,saccade,85,85,0.0,0.0,2.0654490345820005,2.0654490345820005,,mci,mci_group_19
m19q5,saccade,86,86,0.0,0.0,126.38844419998699,126.38844419998699,,mci,mci_group_19
m19q5,saccade,87,87,0.0,0.0,35.498505351816824,35.498505351816824,,mci,mci_group_19
m19q5,saccade,88,92,610.0,19.156221536336442,149.03707692238143,92.47828618911697,,mci,mci_group_19
m19q5,saccade,98,99,122.0,5.030018313525315,121.29041749654616,81.26003790206535,,mci,mci_group_19
m2q5,fixation,0,2,245.0,3.0167605964013755,,,INST_n2q5_1b,mci,mci_group_2
m2q5,fixation,7,10,611.0,22.3565406234954,,,INST_n2q5_1b,mci,mci_group_2
m2q5,fixation,14,15,122.0,0.9018639757746197,,,INST_n2q5_1c,mci,mci_group_2
m2q5,fixation,17,31,1955.0,37.72094441912609,,,INST_n2q5_1c,mci,mci_group_2
m2q5,fixation,36,39,488.0,14.616111620879199,,,INST_n2q5_1c,mci,mci_group_2
m2q5,fixation,42,57,2200.0,5.546421871332901,,,INST_n2q5_1c,mci,mci_group_2
m2q5,fixation,59,66,978.0,11.634447537859288,,,INST_n2q5_1c,mci,mci_group_2
m2q5,fixation,70,81,1344.0,3.810322179763805,,,INST_n2q5_1c,mci,mci_group_2
m2q5,fixation,85,103,2201.0,12.92913439362435,,,INST_n2q5_1b,mci,mci_group_2
m2q5,fixation,105,106,121.0,0.4044004451036116,,,INST_n2q5_1b,mci,mci_group_2
m2q5,fixation,108,111,367.0,3.5596556861022415,,,INST_n2q5_1c,mci,mci_group_2
m2q5,fixation,113,115,244.0,5.390082728641555,,,INST_n2q5_1c,mci,mci_group_2
m2q5,fixation,122,125,366.0,4.651269348167228,,,INST_n2q5_1c,mci,mci_group_2
m2q5,fixation,127,136,1222.0,3.0540616791414013,,,INST_n2q5_1c,mci,mci_group_2
m2q5,fixation,138,141,489.0,2.8894314300913972,,,INST_n2q5_1c,mci,mci_group_2
m2q5,fixation,143,144,122.0,2.1638368006853015,,,INST_n2q5_1c,mci,mci_group_2
m2q5,fixation,146,147,122.0,0.24170064459988203,,,BG_n2q5,mci,mci_group_2
m2q5,fixation,149,157,1099.0,1.7301092886867,,,INST_n2q5_1b,mci,mci_group_2
m2q5,saccade,3,6,367.0,18.51681709068813,53.110380352708376,49.74353309993143,,mci,mci_group_2
m2q5,saccade,11,11,0.0,0.0,96.81350686595059,96.81350686595059,,mci,mci_group_2
m2q5,saccade,12,12,0.0,0.0,8.409941227412647,8.409941227412647,,mci,mci_group_2
m2q5,saccade,13,13,0.0,0.0,71.39493980418058,71.39493980418058,,mci,mci_group_2
m2q5,saccade,16,16,0.0,0.0,43.93789826816568,43.93789826816568,,mci,mci_group_2
m2q5,saccade,32,33,122.0,8.79772098852879,92.93407923194201,82.52327317551521,,mci,mci_group_2
m2q5,saccade,34,34,0.0,0.0,3.1044719199308806,3.1044719199308806,,mci,mci_group_2
m2q5,saccade,35,35,0.0,0.0,47.89798590941989,47.89798590941989,,mci,mci_group_2
m2q5,saccade,40,41,122.0,7.3168341248110895,59.974050203369586,52.156375249145974,,mci,mci_group_2
m2q5,saccade,58,58,0.0,0.0,54.52765756585622,54.52765756585622,,mci,mci_group_2
m2q5,saccade,67,67,0.0,0.0,70.21563800559044,70.21563800559044,,mci,mci_group_2
m2q5,saccade,68,68,0.0,0.0,3.6911763910291513,3.6911763910291513,,mci,mci_group_2
m2q5,saccade,69,69,0.0,0.0,50.16779634985808,50.16779634985808,,mci,mci_group_2
m2q5,saccade,82,84,244.0,17.184053147787928,102.0877376130389,72.9205063381175,,mci,mci_group_2
m2q5,saccade,104,104,0.0,0.0,56.15045624716075,56.15045624716075,,mci,mci_group_2
m2q5,saccade,107,107,0.0,0.0,99.7768692417889,99.7768692417889,,mci,mci_group_2
m2q5,saccade,112,112,0.0,0.0,65.59153811526294,65.59153811526294,,mci,mci_group_2
m2q5,saccade,116,116,0.0,0.0,59.04136373587947,59.04136373587947,,mci,mci_group_2
m2q5,saccade,117,117,0.0,0.0,2.9574782660517362,2.9574782660517362,,mci,mci_group_2
m2q5,saccade,118,119,121.99999999999818,5.434311810045504,45.91948744861151,45.23151343760733,,mci,mci_group_2
m2q5,saccade,120,120,0.0,0.0,32.03124262431948,32.03124262431948,,mci,mci_group_2
m2q5,saccade,121,121,0.0,0.0,60.64443037407145,60.64443037407145,,mci,mci_group_2
m2q5,saccade,126,126,0.0,0.0,40.91659043603839,40.91659043603839,,mci,mci_group_2
m2q5,saccade,137,137,0.0,0.0,46.932196584691525,46.932196584691525,,mci,mci_group_2
m2q5,saccade,142,142,0.0,0.0,52.603091185891465,52.603091185891465,,mci,mci_group_2
m2q5,saccade,145,145,0.0,0.0,43.23717889199092,43.23717889199092,,mci,mci_group_2
m2q5,saccade,148,148,0.0,0.0,56.00174684324004,56.00174684324004,,mci,mci_group_2
m20q5,fixation,2,5,366.0,3.555520167007924,,,INST_n2q5_1c,mci,mci_group_20
m20q5,fixation,7,8,123.0,1.1794444811011715,,,INST_n2q5_1c,mci,mci_group_20
m20q5,fixation,17,22,611.0,1.1532922205581702,,,INST_n2q5_1c,mci,mci_group_20
m20q5,fixation,26,27,122.0,1.4802662490241365,,,INST_n2q5_1c,mci,mci_group_20
m20q5,fixation,31,35,612.0,7.918437784335993,,,INST_n2q5_1c,mci,mci_group_20
m20q5,fixation,39,40,123.0,0.4111758368386956,,,INST_n2q5_1b,mci,mci_group_20
m20q5,fixation,42,43,489.0,1.7933304285602285,,,BG_n2q5,mci,mci_group_20
m20q5,fixation,46,47,122.0,0.412810260046916,,,INST_n2q5_1c,mci,mci_group_20
m20q5,fixation,49,55,856.0,8.14709679397514,,,INST_n2q5_1c,mci,mci_group_20
m20q5,fixation,60,64,489.0,0.7632042122525311,,,INST_n2q5_1c,mci,mci_group_20
m20q5,fixation,66,84,2323.0,5.210850160885458,,,INST_n2q5_1c,mci,mci_group_20
m20q5,saccade,0,0,0.0,0.0,0.0,0.0,,mci,mci_group_20
m20q5,saccade,1,1,0.0,0.0,55.82695354256386,55.82695354256386,,mci,mci_group_20
m20q5,saccade,6,6,0.0,0.0,86.67133101269529,86.67133101269529,,mci,mci_group_20
m20q5,saccade,9,10,122.0,10.366820287918568,84.97393678621778,80.84212918492102,,mci,mci_group_20
m20q5,saccade,11,11,0.0,0.0,3.4820377699744762,3.4820377699744762,,mci,mci_group_20
m20q5,saccade,12,13,122.0,5.226862919227941,53.89962053227505,48.371379607235646,,mci,mci_group_20
m20q5,saccade,14,14,0.0,0.0,23.02937159838576,23.02937159838576,,mci,mci_group_20
m20q5,saccade,15,16,123.0,7.324553962938636,80.68786150003814,70.11854035546068,,mci,mci_group_20
m20q5,saccade,23,23,0.0,0.0,107.96663841353512,107.96663841353512,,mci,mci_group_20
m20q5,saccade,24,24,0.0,0.0,15.212847444125487,15.212847444125487,,mci,mci_group_20
m20q5,saccade,25,25,0.0,0.0,64.58622901278927,64.58622901278927,,mci,mci_group_20
m20q5,saccade,28,28,0.0,0.0,102.44365955999069,102.44365955999069,,mci,mci_group_20
m20q5,saccade,29,29,0.0,0.0,29.126002042899287,29.126002042899287,,mci,mci_group_20
m20q5,saccade,30,30,0.0,0.0,53.13713345531119,53.13713345531119,,mci,mci_group_20
m20q5,saccade,36,36,0.0,0.0,72.51079867273498,72.51079867273498,,mci,mci_group_20
m20q5,saccade,37,37,0.0,0.0,33.781652166249984,33.781652166249984,,mci,mci_group_20
m20q5,saccade,38,38,0.0,0.0,47.309398566426665,47.309398566426665,,mci,mci_group_20
m20q5,saccade,41,41,0.0,0.0,104.71056620442944,104.71056620442944,,mci,mci_group_20
m20q5,saccade,44,45,123.0,6.111369127290547,49.68592786415079,45.580925345152544,,mci,mci_group_20
m20q5,saccade,48,48,0.0,0.0,94.31522564768953,94.31522564768953,,mci,mci_group_20
m20q5,saccade,56,56,0.0,0.0,59.601783758291305,59.601783758291305,,mci,mci_group_20
m20q5,saccade,57,57,0.0,0.0,3.718306033414928,3.718306033414928,,mci,mci_group_20
m20q5,saccade,58,59,122.0,7.809273515916832,75.49149386891258,69.75096626198429,,mci,mci_group_20
m20q5,saccade,65,65,0.0,0.0,51.38362034933159,51.38362034933159,,mci,mci_group_20
m3q5,fixation,0,1,245.0,0.6268579274444861,,,BG_n2q5,mci,mci_group_3
m3q5,fixation,5,6,122.0,0.861499924550199,,,INST_n2q5_1b,mci,mci_group_3
m3q5,fixation,8,9,122.0,2.096381887443224,,,INST_n2q5_1b,mci,mci_group_3
m3q5,fixation,15,21,856.0,7.795009988370765,,,INST_n2q5_1c,mci,mci_group_3
m3q5,fixation,23,24,121.99999999999909,0.55883296860511,,,INST_n2q5_1b,mci,mci_group_3
m3q5,fixation,26,27,122.0,0.6971999999999984,,,INST_n2q5_1b,mci,mci_group_3
m3q5,fixation,29,33,490.0,0.4705782098652687,,,INST_n2q5_1a,mci,mci_group_3
m3q5,fixation,35,38,367.0,4.093295025282197,,,INST_n2q5_1a,mci,mci_group_3
m3q5,fixation,40,42,245.0,2.3561796882241373,,,INST_n2q5_1a,mci,mci_group_3
m3q5,fixation,50,52,244.0,0.43162460773222977,,,INST_n2q5_1a,mci,mci_group_3
m3q5,fixation,54,85,4522.0,3.609730324608753,,,INST_n2q5_1b,mci,mci_group_3
m3q5,fixation,87,93,733.0,0.4600300951024845,,,INST_n2q5_1a,mci,mci_group_3
m3q5,saccade,2,2,0.0,0.0,63.620972476750154,63.620972476750154,,mci,mci_group_3
m3q5,saccade,3,3,0.0,0.0,10.157726634122172,10.157726634122172,,mci,mci_group_3
m3q5,saccade,4,4,0.0,0.0,90.7312506387668,90.7312506387668,,mci,mci_group_3
m3q5,saccade,7,7,0.0,0.0,44.752734037031786,44.752734037031786,,mci,mci_group_3
m3q5,saccade,10,12,367.0,27.927264041871343,83.87952983692927,66.27655795635275,,mci,mci_group_3
m3q5,saccade,13,13,0.0,0.0,7.944770166035722,7.944770166035722,,mci,mci_group_3
m3q5,saccade,14,14,0.0,0.0,60.55854962363401,60.55854962363401,,mci,mci_group_3
m3q5,saccade,22,22,0.0,0.0,66.22918615407987,66.22918615407987,,mci,mci_group_3
m3q5,saccade,25,25,0.0,0.0,51.74016600617186,51.74016600617186,,mci,mci_group_3
m3q5,saccade,28,28,0.0,0.0,89.76206691507512,89.76206691507512,,mci,mci_group_3
m3q5,saccade,34,34,0.0,0.0,77.20262744901176,77.20262744901176,,mci,mci_group_3
m3q5,saccade,39,39,0.0,0.0,49.42444631968056,49.42444631968056,,mci,mci_group_3
m3q5,saccade,43,45,367.0,8.82695279853699,75.55725134549212,57.4952664195946,,mci,mci_group_3
m3q5,saccade,46,46,0.0,0.0,6.490840918087138,6.490840918087138,,mci,mci_group_3
m3q5,saccade,47,47,0.0,0.0,88.24606682299537,88.24606682299537,,mci,mci_group_3
m3q5,saccade,48,48,0.0,0.0,14.849219356807398,14.849219356807398,,mci,mci_group_3
m3q5,saccade,49,49,0.0,0.0,96.47317802145731,96.47317802145731,,mci,mci_group_3
m3q5,saccade,53,53,0.0,0.0,90.6542089156068,90.6542089156068,,mci,mci_group_3
m3q5,saccade,86,86,0.0,0.0,54.9367823019418,54.9367823019418,,mci,mci_group_3
m4q5,fixation,4,5,122.0,4.513375962403312,,,INST_n2q5_1b,mci,mci_group_4
m4q5,fixation,8,10,244.0,0.3868689312932756,,,INST_n2q5_1b,mci,mci_group_4
m4q5,fixation,14,15,123.0,0.3717491638188304,,,INST_n2q5_1c,mci,mci_group_4
m4q5,fixation,18,20,245.0,1.9667389081421058,,,INST_n2q5_1c,mci,mci_group_4
m4q5,fixation,26,29,367.0,1.8816600009566022,,,INST_n2q5_1a,mci,mci_group_4
m4q5,fixation,33,38,611.0,3.3403596962003954,,,INST_n2q5_1b,mci,mci_group_4
m4q5,fixation,41,43,244.0,4.980224278202737,,,INST_n2q5_1b,mci,mci_group_4
m4q5,fixation,45,46,123.0,0.07832332985771243,,,INST_n2q5_1b,mci,mci_group_4
m4q5,fixation,48,50,244.0,0.3927623327153441,,,INST_n2q5_1b,mci,mci_group_4
m4q5,fixation,53,62,1223.0,10.441476061343057,,,INST_n2q5_1b,mci,mci_group_4
m4q5,fixation,64,69,611.0,6.109126104738713,,,INST_n2q5_1b,mci,mci_group_4
m4q5,fixation,71,78,856.0,7.662464566573866,,,INST_n2q5_1c,mci,mci_group_4
m4q5,fixation,87,89,245.0,1.6601931445467437,,,INST_n2q5_1a,mci,mci_group_4
m4q5,fixation,91,94,367.0,5.1135451006518,,,INST_n2q5_1a,mci,mci_group_4
m4q5,fixation,96,100,488.0,1.989047534273624,,,INST_n2q5_1a,mci,mci_group_4
m4q5,fixation,106,108,245.0,1.7350566382686234,,,BG_n2q5,mci,mci_group_4
m4q5,fixation,110,111,122.0,0.13696108936483123,,,BG_n2q5,mci,mci_group_4
m4q5,fixation,113,117,489.0,0.5724978092534524,,,INST_n2q5_1c,mci,mci_group_4
m4q5,fixation,120,123,489.0,2.871475025278819,,,INST_n2q5_1c,mci,mci_group_4
m4q5,fixation,125,132,978.0,9.347026209549215,,,INST_n2q5_1c,mci,mci_group_4
m4q5,fixation,135,136,123.0,0.22389827868922815,,,INST_n2q5_1b,mci,mci_group_4
m4q5,fixation,138,145,855.0,6.779644714496475,,,BG_n2q5,mci,mci_group_4
m4q5,saccade,0,0,0.0,0.0,0.0,0.0,,mci,mci_group_4
m4q5,saccade,1,3,245.0,13.271913532042014,61.87840480972778,56.25808185102261,,mci,mci_group_4
m4q5,saccade,6,7,123.0,5.718016111519797,55.504746962461105,50.99634141423786,,mci,mci_group_4
m4q5,saccade,11,11,0.0,0.0,83.53022098058466,83.53022098058466,,mci,mci_group_4
m4q5,saccade,12,12,0.0,0.0,6.062252568807131,6.062252568807131,,mci,mci_group_4
m4q5,saccade,13,13,0.0,0.0,93.81377303118495,93.81377303118495,,mci,mci_group_4
m4q5,saccade,16,17,122.0,9.580582551828462,104.21536623837615,91.37236570864897,,mci,mci_group_4
m4q5,saccade,21,21,0.0,0.0,66.90441417112798,66.90441417112798,,mci,mci_group_4
m4q5,saccade,22,22,0.0,0.0,38.514222881286635,38.514222881286635,,mci,mci_group_4
m4q5,saccade,23,25,244.0,11.353701266547397,66.26399677652046,57.55523921265302,,mci,mci_group_4
m4q5,saccade,30,30,0.0,0.0,58.2597330531079,58.2597330531079,,mci,mci_group_4
m4q5,saccade,31,31,0.0,0.0,9.621824685544434,9.621824685544434,,mci,mci_group_4
m4q5,saccade,32,32,0.0,0.0,41.50288492943345,41.50288492943345,,mci,mci_group_4
m4q5,saccade,39,40,122.0,5.310573927627787,56.23212206513643,49.88070827694439,,mci,mci_group_4
m4q5,saccade,44,44,0.0,0.0,53.4303323977027,53.4303323977027,,mci,mci_group_4
m4q5,saccade,47,47,0.0,0.0,119.72111903480294,119.72111903480294,,mci,mci_group_4
m4q5,saccade,51,52,121.0,5.4699607255994005,70.1531562702758,57.6797216293503,,mci,mci_group_4
m4q5,saccade,63,63,0.0,0.0,42.54698623338287,42.54698623338287,,mci,mci_group_4
m4q5,saccade,70,70,0.0,0.0,68.09260828783059,68.09260828783059,,mci,mci_group_4
m4q5,saccade,79,80,122.0,6.415903095589901,111.64148014133612,82.11542488865945,,mci,mci_group_4
m4q5,saccade,81,81,0.0,0.0,16.65843215909493,16.65843215909493,,mci,mci_group_4
m4q5,saccade,82,82,0.0,0.0,47.4245995226291,47.4245995226291,,mci,mci_group_4
m4q5,saccade,83,83,0.0,0.0,11.932255293675299,11.932255293675299,,mci,mci_group_4
m4q5,saccade,84,84,0.0,0.0,88.82737687839231,88.82737687839231,,mci,mci_group_4
m4q5,saccade,85,85,0.0,0.0,4.712442678948937,4.712442678948937,,mci,mci_group_4
m4q5,saccade,86,86,0.0,0.0,88.88246936863071,88.88246936863071,,mci,mci_group_4
m4q5,saccade,90,90,0.0,0.0,41.59711092913987,41.59711092913987,,mci,mci_group_4
m4q5,saccade,95,95,0.0,0.0,40.12866396003502,40.12866396003502,,mci,mci_group_4
m4q5,saccade,101,101,0.0,0.0,66.97057022057705,66.97057022057705,,mci,mci_group_4
m4q5,saccade,102,102,0.0,0.0,2.919144087520957,2.919144087520957,,mci,mci_group_4
m4q5,saccade,103,103,0.0,0.0,49.328365458494275,49.328365458494275,,mci,mci_group_4
m4q5,saccade,104,104,0.0,0.0,7.016195487095641,7.016195487095641,,mci,mci_group_4
m4q5,saccade,105,105,0.0,0.0,40.576211491192,40.576211491192,,mci,mci_group_4
m4q5,saccade,109,109,0.0,0.0,83.31889776679661,83.31889776679661,,mci,mci_group_4
m4q5,saccade,112,112,0.0,0.0,105.78122927986018,105.78122927986018,,mci,mci_group_4
m4q5,saccade,118,119,122.0,11.78682538954404,96.61332286511508,88.24204994429203,,mci,mci_group_4
m4q5,saccade,124,124,0.0,0.0,41.59935511724173,41.59935511724173,,mci,mci_group_4
m4q5,saccade,133,134,122.0,5.621163583245023,82.14089862748862,64.1080049827813,,mci,mci_group_4
m4q5,saccade,137,137,0.0,0.0,51.60417669014572,51.60417669014572,,mci,mci_group_4
m5q5,fixation,2,3,122.0,1.59891855665009,,,BG_n2q5,mci,mci_group_5
m5q5,fixation,5,8,367.0,7.476664518620587,,,INST_n2q5_1b,mci,mci_group_5
m5q5,fixation,11,12,123.0,0.6787987348249841,,,INST_n2q5_1b,mci,mci_group_5
m5q5,fixation,17,18,122.0,0.7588008165520131,,,INST_n2q5_1c,mci,mci_group_5
m5q5,fixation,20,22,244.0,4.8417630072113225,,,INST_n2q5_1c,mci,mci_group_5
m5q5,fixation,24,26,244.0,1.8016891244607107,,,INST_n2q5_1c,mci,mci_group_5
m5q5,fixation,30,32,244.0,6.405628092763427,,,INST_n2q5_1b,mci,mci_group_5
m5q5,fixation,34,40,733.0,2.160280358472022,,,INST_n2q5_1a,mci,mci_group_5
m5q5,fixation,48,49,123.0,4.5491718378184,,,BG_n2q5,mci,mci_group_5
m5q5,fixation,55,59,489.0,3.364953746487452,,,INST_n2q5_1a,mci,mci_group_5
m5q5,fixation,61,63,244.9999999999991,0.22295562428429663,,,INST_n2q5_1a,mci,mci_group_5
m5q5,saccade,0,0,0.0,0.0,0.0,0.0,,mci,mci_group_5
m5q5,saccade,1,1,0.0,0.0,110.29922142092794,110.29922142092794,,mci,mci_group_5
m5q5,saccade,4,4,0.0,0.0,79.99396748373846,79.99396748373846,,mci,mci_group_5
m5q5,saccade,9,10,123.0,11.609037774854556,94.38242093377688,86.26447745597899,,mci,mci_group_5
m5q5,saccade,13,16,367.0,17.029865684896052,132.8152190029826,94.58211077380878,,mci,mci_group_5
m5q5,saccade,19,19,0.0,0.0,77.17815856423219,77.17815856423219,,mci,mci_group_5
m5q5,saccade,23,23,0.0,0.0,42.27175252032354,42.27175252032354,,mci,mci_group_5
m5q5,saccade,27,27,0.0,0.0,69.98511081986427,69.98511081986427,,mci,mci_group_5
m5q5,saccade,28,28,0.0,0.0,31.65123505563878,31.65123505563878,,mci,mci_group_5
m5q5,saccade,29,29,0.0,0.0,72.06501590872844,72.06501590872844,,mci,mci_group_5
m5q5,saccade,33,33,0.0,0.0,92.81246822331441,92.81246822331441,,mci,mci_group_5
m5q5,saccade,41,43,245.0,15.571896198986172,125.8871726723042,97.21875093628977,,mci,mci_group_5
m5q5,saccade,44,44,0.0,0.0,8.332408497099587,8.332408497099587,,mci,mci_group_5
m5q5,saccade,45,47,366.0,24.199519665621462,137.90985595559255,95.6015781529441,,mci,mci_group_5
m5q5,saccade,50,50,0.0,0.0,56.19368152752856,56.19368152752856,,mci,mci_group_5
m5q5,saccade,51,51,0.0,0.0,15.379445202017173,15.379445202017173,,mci,mci_group_5
m5q5,saccade,52,52,0.0,0.0,73.424078831745,73.424078831745,,mci,mci_group_5
m5q5,saccade,53,53,0.0,0.0,6.886930350159198,6.886930350159198,,mci,mci_group_5
m5q5,saccade,54,54,0.0,0.0,117.08972945242064,117.08972945242064,,mci,mci_group_5
m5q5,saccade,60,60,0.0,0.0,61.005625472753195,61.005625472753195,,mci,mci_group_5
m6q5,fixation,0,1,122.0,0.26757761341337843,,,INST_n2q5_1a,mci,mci_group_6
m6q5,fixation,6,7,122.0,0.23435167419926234,,,INST_n2q5_1b,mci,mci_group_6
m6q5,fixation,9,10,122.0,0.23703949038082187,,,INST_n2q5_1b,mci,mci_group_6
m6q5,fixation,17,18,122.0,2.1774919018907974,,,INST_n2q5_1c,mci,mci_group_6
m6q5,fixation,22,25,366.0,1.3411551883357913,,,INST_n2q5_1c,mci,mci_group_6
m6q5,fixation,36,39,489.0,26.554454612399784,,,INST_n2q5_1b,mci,mci_group_6
m6q5,fixation,41,44,366.0,1.2702259794225639,,,INST_n2q5_1a,mci,mci_group_6
m6q5,fixation,46,49,367.0,0.17307195266709693,,,INST_n2q5_1a,mci,mci_group_6
m6q5,fixation,53,55,245.0,6.753737269660407,,,INST_n2q5_1a,mci,mci_group_6
m6q5,fixation,57,60,978.0,1.7555262944199892,,,INST_n2q5_1a,mci,mci_group_6
m6q5,fixation,62,63,122.0,0.553877604530099,,,BG_n2q5,mci,mci_group_6
m6q5,fixation,65,67,245.0,3.8310350310066337,,,INST_n2q5_1b,mci,mci_group_6
m6q5,fixation,69,79,1222.0,7.870595453966618,,,INST_n2q5_1b,mci,mci_group_6
m6q5,fixation,81,85,490.0,0.8732804291864115,,,INST_n2q5_1c,mci,mci_group_6
m6q5,fixation,88,91,366.0,1.012377823739732,,,INST_n2q5_1c,mci,mci_group_6
m6q5,fixation,93,95,366.0,23.065950309397618,,,BG_n2q5,mci,mci_group_6
m6q5,fixation,97,98,123.0,0.23388049255977147,,,INST_n2q5_1c,mci,mci_group_6
m6q5,fixation,100,101,122.0,0.7120398573113698,,,INST_n2q5_1c,mci,mci_group_6
m6q5,saccade,2,2,0.0,0.0,48.28113604256818,48.28113604256818,,mci,mci_group_6
m6q5,saccade,3,3,0.0,0.0,3.5061588419973018,3.5061588419973018,,mci,mci_group_6
m6q5,saccade,4,5,122.0,5.551350516766164,78.18982911350767,61.846351100877456,,mci,mci_group_6
m6q5,saccade,8,8,0.0,0.0,66.40625381680753,66.40625381680753,,mci,mci_group_6
m6q5,saccade,11,11,0.0,0.0,66.19501020174977,66.19501020174977,,mci,mci_group_6
m6q5,saccade,12,12,0.0,0.0,6.767373270598195,6.767373270598195,,mci,mci_group_6
m6q5,saccade,13,13,0.0,0.0,141.82354064318707,141.82354064318707,,mci,mci_group_6
m6q5,saccade,14,14,0.0,0.0,7.70839288403294,7.70839288403294,,mci,mci_group_6
m6q5,saccade,15,16,123.0,12.473025818813975,101.40671397409736,83.73730282533961,,mci,mci_group_6
m6q5,saccade,19,19,0.0,0.0,106.50146329263357,106.50146329263357,,mci,mci_group_6
m6q5,saccade,20,20,0.0,0.0,6.019929502869013,6.019929502869013,,mci,mci_group_6
m6q5,saccade,21,21,0.0,0.0,105.32424703666473,105.32424703666473,,mci,mci_group_6
m6q5,saccade,26,26,0.0,0.0,91.12898797972147,91.12898797972147,,mci,mci_group_6
m6q5,saccade,27,27,0.0,0.0,10.227881640860216,10.227881640860216,,mci,mci_group_6
m6q5,saccade,28,28,0.0,0.0,49.58271488640559,49.58271488640559,,mci,mci_group_6
m6q5,saccade,29,29,0.0,0.0,10.789442535323959,10.789442535323959,,mci,mci_group_6
m6q5,saccade,30,30,0.0,0.0,136.3225531325024,136.3225531325024,,mci,mci_group_6
m6q5,saccade,31,31,0.0,0.0,29.556595738561995,29.556595738561995,,mci,mci_group_6
m6q5,saccade,32,32,0.0,0.0,126.97068299820727,126.97068299820727,,mci,mci_group_6
m6q5,saccade,33,33,0.0,0.0,3.4277466756221524,3.4277466756221524,,mci,mci_group_6
m6q5,saccade,34,35,121.0,8.019834437617773,149.5351430739886,107.90738326268757,,mci,mci_group_6
m6q5,saccade,40,40,0.0,0.0,63.2834265669044,63.2834265669044,,mci,mci_group_6
m6q5,saccade,45,45,0.0,0.0,41.006097766252594,41.006097766252594,,mci,mci_group_6
m6q5,saccade,50,50,0.0,0.0,68.05168684441504,68.05168684441504,,mci,mci_group_6
m6q5,saccade,51,51,0.0,0.0,3.336253815126563,3.336253815126563,,mci,mci_group_6
m6q5,saccade,52,52,0.0,0.0,47.31355252503916,47.31355252503916,,mci,mci_group_6
m6q5,saccade,56,56,0.0,0.0,42.493784143832954,42.493784143832954,,mci,mci_group_6
m6q5,saccade,61,61,0.0,0.0,103.99622599569548,103.99622599569548,,mci,mci_group_6
m6q5,saccade,64,64,0.0,0.0,42.36883314081937,42.36883314081937,,mci,mci_group_6
m6q5,saccade,68,68,0.0,0.0,50.14893337179175,50.14893337179175,,mci,mci_group_6
m6q5,saccade,80,80,0.0,0.0,145.314320521838,145.314320521838,,mci,mci_group_6
m6q5,saccade,86,87,122.0,8.489643457884442,69.5872414580692,68.07273213654722,,mci,mci_group_6
m6q5,saccade,92,92,0.0,0.0,78.64633126708938,78.64633126708938,,mci,mci_group_6
m6q5,saccade,96,96,0.0,0.0,65.03847028866524,65.03847028866524,,mci,mci_group_6
m6q5,saccade,99,99,0.0,0.0,95.41050195728421,95.41050195728421,,mci,mci_group_6
m7q5,fixation,0,1,122.0,0.4476918605469601,,,INST_n2q5_1a,mci,mci_group_7
m7q5,fixation,5,6,122.0,0.11622000000000132,,,BG_n2q5,mci,mci_group_7
m7q5,fixation,10,13,367.0,3.7981011593163245,,,INST_n2q5_1b,mci,mci_group_7
m7q5,fixation,16,20,490.0,0.8904599999999991,,,BG_n2q5,mci,mci_group_7
m7q5,fixation,22,23,122.0,0.2881250228633408,,,INST_n2q5_1c,mci,mci_group_7
m7q5,fixation,27,28,122.0,1.378908742448172,,,INST_n2q5_1c,mci,mci_group_7
m7q5,fixation,30,38,1101.0,9.226816610402535,,,INST_n2q5_1c,mci,mci_group_7
m7q5,fixation,40,49,1223.0,5.453562507865843,,,INST_n2q5_1a,mci,mci_group_7
m7q5,fixation,52,53,122.0,3.2162743791536195,,,BG_n2q5,mci,mci_group_7
m7q5,fixation,55,57,245.0,1.4210791600751862,,,INST_n2q5_1b,mci,mci_group_7
m7q5,fixation,61,65,611.0,4.6611766087544835,,,BG_n2q5,mci,mci_group_7
m7q5,fixation,67,68,122.0,0.466455007476599,,,BG_n2q5,mci,mci_group_7
m7q5,fixation,73,77,489.0,3.523894000959735,,,INST_n2q5_1a,mci,mci_group_7
m7q5,fixation,83,84,122.0,0.18270997017130663,,,INST_n2q5_1c,mci,mci_group_7
m7q5,fixation,90,91,122.0,0.10014107848430236,,,BG_n2q5,mci,mci_group_7
m7q5,fixation,96,100,612.0,2.1362327822594565,,,BG_n2q5,mci,mci_group_7
m7q5,fixation,102,106,612.0,6.260177038295321,,,INST_n2q5_1c,mci,mci_group_7
m7q5,fixation,111,113,245.0,0.5730604051930311,,,BG_n2q5,mci,mci_group_7
m7q5,fixation,115,121,732.9999999999982,1.0175799567601573,,,INST_n2q5_1b,mci,mci_group_7
m7q5,fixation,125,126,121.0,0.6971554710392807,,,BG_n2q5,mci,mci_group_7
m7q5,fixation,130,132,244.0,0.8186674511668368,,,INST_n2q5_1c,mci,mci_group_7
m7q5,fixation,136,138,245.0,4.14107550595253,,,INST_n2q5_1a,mci,mci_group_7
m7q5,fixation,141,144,366.0,4.598229056321574,,,INST_n2q5_1c,mci,mci_group_7
m7q5,saccade,2,4,244.0,10.113247261943112,57.553715617464505,49.77972989651817,,mci,mci_group_7
m7q5,saccade,7,7,0.0,0.0,43.27136841984126,43.27136841984126,,mci,mci_group_7
m7q5,saccade,8,8,0.0,0.0,7.427660827215334,7.427660827215334,,mci,mci_group_7
m7q5,saccade,9,9,0.0,0.0,66.96108876568022,66.96108876568022,,mci,mci_group_7
m7q5,saccade,14,15,122.0,8.102434995111029,109.2141042581324,87.81375292870156,,mci,mci_group_7
m7q5,saccade,21,21,0.0,0.0,40.20694327881505,40.20694327881505,,mci,mci_group_7
m7q5,saccade,24,26,245.0,19.023696180290518,106.77979115417489,77.76943204995808,,mci,mci_group_7
m7q5,saccade,29,29,0.0,0.0,106.83683876755559,106.83683876755559,,mci,mci_group_7
m7q5,saccade,39,39,0.0,0.0,95.9718997789362,95.9718997789362,,mci,mci_group_7
m7q5,saccade,50,51,245.0,40.4063672667811,164.923948027678,102.88435566418129,,mci,mci_group_7
m7q5,saccade,54,54,0.0,0.0,164.16444809685962,164.16444809685962,,mci,mci_group_7
m7q5,saccade,58,58,0.0,0.0,49.116851720675456,49.116851720675456,,mci,mci_group_7
m7q5,saccade,59,59,0.0,0.0,8.358545186838324,8.358545186838324,,mci,mci_group_7
m7q5,saccade,60,60,0.0,0.0,94.96169010011484,94.96169010011484,,mci,mci_group_7
m7q5,saccade,66,66,0.0,0.0,133.69726478839564,133.69726478839564,,mci,mci_group_7
m7q5,saccade,69,69,0.0,0.0,136.71667963701495,136.71667963701495,,mci,mci_group_7
m7q5,saccade,70,70,0.0,0.0,36.73602204651729,36.73602204651729,,mci,mci_group_7
m7q5,saccade,71,72,121.0,7.238351702425076,142.54525306100427,101.18317075539915,,mci,mci_group_7
m7q5,saccade,78,79,122.0,17.83381509012584,146.17881221414623,105.92132479721941,,mci,mci_group_7
m7q5,saccade,80,80,0.0,0.0,12.836028683424226,12.836028683424226,,mci,mci_group_7
m7q5,saccade,81,82,122.0,12.17707360923797,115.34425542293016,107.57816709358792,,mci,mci_group_7
m7q5,saccade,85,86,244.0,36.172548471508065,148.2481494733937,109.152877611836,,mci,mci_group_7
m7q5,saccade,87,87,0.0,0.0,10.182207726175314,10.182207726175314,,mci,mci_group_7
m7q5,saccade,88,89,122.0,6.491780548509012,158.9370275613636,106.07417176637448,,mci,mci_group_7
m7q5,saccade,92,92,0.0,0.0,120.22397498359727,120.22397498359727,,mci,mci_group_7
m7q5,saccade,93,93,0.0,0.0,4.904859726685125,4.904859726685125,,mci,mci_group_7
m7q5,saccade,94,95,122.0,7.97617382288024,76.07037576031139,70.72442485917307,,mci,mci_group_7
m7q5,saccade,101,101,0.0,0.0,56.28062195778272,56.28062195778272,,mci,mci_group_7
m7q5,saccade,107,108,122.0,18.086750490632642,148.2520532019069,127.74027582953067,,mci,mci_group_7
m7q5,saccade,109,109,0.0,0.0,20.454688315056593,20.454688315056593,,mci,mci_group_7
m7q5,saccade,110,110,0.0,0.0,144.40931729164714,144.40931729164714,,mci,mci_group_7
m7q5,saccade,114,114,0.0,0.0,99.94258889270746,99.94258889270746,,mci,mci_group_7
m7q5,saccade,122,122,0.0,0.0,49.66189084510511,49.66189084510511,,mci,mci_group_7
m7q5,saccade,123,123,0.0,0.0,7.586527932316377,7.586527932316377,,mci,mci_group_7
m7q5,saccade,124,124,0.0,0.0,79.56633898866711,79.56633898866711,,mci,mci_group_7
m7q5,saccade,127,129,244.0,22.977593264569734,114.27732296464897,88.23906549965166,,mci,mci_group_7
m7q5,saccade,133,135,367.0,29.798760301905176,111.89945403769593,93.19836618810018,,mci,mci_group_7
m7q5,saccade,139,140,122.0,6.102648108649222,114.27275871662681,82.1472322626135,,mci,mci_group_7
m7q5,saccade,145,145,0.0,0.0,84.54305440380035,84.54305440380035,,mci,mci_group_7
m7q5,saccade,146,146,0.0,0.0,14.151682330733895,14.151682330733895,,mci,mci_group_7
m7q5,saccade,147,147,0.0,0.0,46.96446784526843,46.96446784526843,,mci,mci_group_7
m7q5,saccade,148,148,0.0,0.0,3.1057118491194275,3.1057118491194275,,mci,mci_group_7
m8q5,fixation,0,1,123.0,0.7124652875754739,,,INST_n2q5_1a,mci,mci_group_8
m8q5,fixation,4,14,1345.0,12.094919841206059,,,INST_n2q5_1b,mci,mci_group_8
m8q5,fixation,19,27,1100.0,24.661294491936143,,,INST_n2q5_1c,mci,mci_group_8
m8q5,fixation,31,33,244.0,3.870820231217153,,,INST_n2q5_1b,mci,mci_group_8
m8q5,fixation,35,37,489.0,36.83874973357267,,,INST_n2q5_1c,mci,mci_group_8
m8q5,fixation,42,43,122.0,2.1567950063925867,,,INST_n2q5_1c,mci,mci_group_8
m8q5,fixation,45,48,366.0,1.3358422637422422,,,INST_n2q5_1c,mci,mci_group_8
m8q5,fixation,50,54,489.0,5.100307922351356,,,INST_n2q5_1c,mci,mci_group_8
m8q5,fixation,57,69,1466.0,25.931005575750426,,,INST_n2q5_1a,mci,mci_group_8
m8q5,fixation,71,73,244.0,0.6474346088988415,,,INST_n2q5_1a,mci,mci_group_8
m8q5,fixation,76,79,367.0,3.719781482291667,,,INST_n2q5_1a,mci,mci_group_8
m8q5,fixation,82,87,611.0,5.052682803026533,,,INST_n2q5_1b,mci,mci_group_8
m8q5,fixation,92,93,122.0,0.10589578461864607,,,INST_n2q5_1c,mci,mci_group_8
m8q5,fixation,95,108,1589.0,2.147378390503174,,,INST_n2q5_1c,mci,mci_group_8
m8q5,fixation,110,119,1100.0,7.225399955877876,,,INST_n2q5_1b,mci,mci_group_8
m8q5,fixation,121,123,243.99999999999818,0.32439895992434986,,,INST_n2q5_1b,mci,mci_group_8
m8q5,fixation,125,132,856.0,4.1380667242566265,,,INST_n2q5_1b,mci,mci_group_8
m8q5,fixation,135,136,122.0,2.1506572153646384,,,BG_n2q5,mci,mci_group_8
m8q5,fixation,140,149,1100.0,8.681509328359901,,,BG_n2q5,mci,mci_group_8
m8q5,fixation,151,160,1100.0,0.5394754585706417,,,INST_n2q5_1c,mci,mci_group_8
m8q5,fixation,165,169,489.0,1.3472186201207292,,,INST_n2q5_1b,mci,mci_group_8
m8q5,fixation,172,177,611.0,0.5097963052043452,,,BG_n2q5,mci,mci_group_8
m8q5,saccade,2,3,122.0,5.071041590994883,72.21633260856814,56.89112364442703,,mci,mci_group_8
m8q5,saccade,15,16,122.0,8.327353064425695,68.25699233135816,55.760650927946614,,mci,mci_group_8
m8q5,saccade,17,17,0.0,0.0,18.1554647501963,18.1554647501963,,mci,mci_group_8
m8q5,saccade,18,18,0.0,0.0,52.243483747268975,52.243483747268975,,mci,mci_group_8
m8q5,saccade,28,28,0.0,0.0,57.81231936666472,57.81231936666472,,mci,mci_group_8
m8q5,saccade,29,29,0.0,0.0,39.91292661588999,39.91292661588999,,mci,mci_group_8
m8q5,saccade,30,30,0.0,0.0,116.55884113730816,116.55884113730816,,mci,mci_group_8
m8q5,saccade,34,34,0.0,0.0,114.45751014060488,114.45751014060488,,mci,mci_group_8
m8q5,saccade,38,38,0.0,0.0,110.17927698370862,110.17927698370862,,mci,mci_group_8
m8q5,saccade,39,39,0.0,0.0,4.990213386476483,4.990213386476483,,mci,mci_group_8
m8q5,saccade,40,41,122.0,14.214177494670597,116.50965159566064,85.44163633241538,,mci,mci_group_8
m8q5,saccade,44,44,0.0,0.0,84.47816597836284,84.47816597836284,,mci,mci_group_8
m8q5,saccade,49,49,0.0,0.0,60.97902577748328,60.97902577748328,,mci,mci_group_8
m8q5,saccade,55,56,122.0,5.18709511075322,50.46726761460082,46.492220326780824,,mci,mci_group_8
m8q5,saccade,70,70,0.0,0.0,112.06462030465185,112.06462030465185,,mci,mci_group_8
m8q5,saccade,74,75,122.0,5.542344348233878,50.35443851863784,47.891745276670875,,mci,mci_group_8
m8q5,saccade,80,81,122.0,15.941758386388878,130.67015070810555,106.25383530877522,,mci,mci_group_8
m8q5,saccade,88,91,488.0,18.107251706208764,69.98761822482358,58.00297873408093,,mci,mci_group_8
m8q5,saccade,94,94,0.0,0.0,43.8932226315222,43.8932226315222,,mci,mci_group_8
m8q5,saccade,109,109,0.0,0.0,46.44584392116314,46.44584392116314,,mci,mci_group_8
m8q5,saccade,120,120,0.0,0.0,42.56537304268383,42.56537304268383,,mci,mci_group_8
m8q5,saccade,124,124,0.0,0.0,106.57694771132213,106.57694771132213,,mci,mci_group_8
m8q5,saccade,133,134,122.0,11.230931741667744,92.05681755465365,81.86524175219554,,mci,mci_group_8
m8q5,saccade,137,137,0.0,0.0,62.22967847263753,62.22967847263753,,mci,mci_group_8
m8q5,saccade,138,138,0.0,0.0,12.871814595917357,12.871814595917357,,mci,mci_group_8
m8q5,saccade,139,139,0.0,0.0,110.40330952815783,110.40330952815783,,mci,mci_group_8
m8q5,saccade,150,150,0.0,0.0,53.66591641142838,53.66591641142838,,mci,mci_group_8
m8q5,saccade,161,162,123.0,10.052899189109574,88.60194349371052,85.16641560502427,,mci,mci_group_8
m8q5,saccade,163,163,0.0,0.0,5.9091371429098505,5.9091371429098505,,mci,mci_group_8
m8q5,saccade,164,164,0.0,0.0,126.0857415752924,126.0857415752924,,mci,mci_group_8
m8q5,saccade,170,171,123.0,4.944104668673588,54.71303675072724,47.45450483338634,,mci,mci_group_8
m9q5,fixation,0,2,244.0,2.01330994543811,,,INST_n2q5_1a,mci,mci_group_9
m9q5,fixation,4,5,122.0,3.9861609907277944,,,INST_n2q5_1a,mci,mci_group_9
m9q5,fixation,12,14,366.0,20.758658569088706,,,INST_n2q5_1b,mci,mci_group_9
m9q5,fixation,21,23,244.0,2.0172060553151177,,,INST_n2q5_1c,mci,mci_group_9
m9q5,fixation,30,40,1222.0,15.75896844828366,,,BG_n2q5,mci,mci_group_9
m9q5,fixation,43,47,489.0,0.3614835680912746,,,INST_n2q5_1a,mci,mci_group_9
m9q5,fixation,49,60,1345.0,13.986004758429049,,,INST_n2q5_1b,mci,mci_group_9
m9q5,fixation,63,69,856.0,4.299335103059544,,,BG_n2q5,mci,mci_group_9
m9q5,fixation,81,85,488.0,3.9889727548330023,,,INST_n2q5_1c,mci,mci_group_9
m9q5,fixation,87,89,245.0,1.512380299792349,,,INST_n2q5_1b,mci,mci_group_9
m9q5,fixation,91,93,367.0,25.40248405292679,,,BG_n2q5,mci,mci_group_9
m9q5,fixation,95,96,123.0,1.6220602055410909,,,INST_n2q5_1b,mci,mci_group_9
m9q5,fixation,98,105,1100.0,2.871432467114628,,,INST_n2q5_1b,mci,mci_group_9
m9q5,fixation,113,117,490.0,0.7192998220491913,,,INST_n2q5_1c,mci,mci_group_9
m9q5,fixation,122,127,612.0,6.356992228310497,,,BG_n2q5,mci,mci_group_9
m9q5,fixation,137,139,244.0,1.1275774442582613,,,INST_n2q5_1c,mci,mci_group_9
m9q5,fixation,141,144,489.0,2.8201535779457103,,,INST_n2q5_1c,mci,mci_group_9
m9q5,fixation,154,164,1223.0,6.028978273140488,,,INST_n2q5_1c,mci,mci_group_9
m9q5,fixation,169,170,123.0,0.613983142765337,,,INST_n2q5_1c,mci,mci_group_9
m9q5,saccade,3,3,0.0,0.0,105.04523535141864,105.04523535141864,,mci,mci_group_9
m9q5,saccade,6,6,0.0,0.0,94.25208226381444,94.25208226381444,,mci,mci_group_9
m9q5,saccade,7,7,0.0,0.0,1.4109594745742169,1.4109594745742169,,mci,mci_group_9
m9q5,saccade,8,9,122.0,5.136667235513708,63.71140098403115,52.90761539166192,,mci,mci_group_9
m9q5,saccade,10,10,0.0,0.0,3.1058817769628266,3.1058817769628266,,mci,mci_group_9
m9q5,saccade,11,11,0.0,0.0,51.88006339978807,51.88006339978807,,mci,mci_group_9
m9q5,saccade,15,15,0.0,0.0,127.79866040343978,127.79866040343978,,mci,mci_group_9
m9q5,saccade,16,16,0.0,0.0,5.6118245603274906,5.6118245603274906,,mci,mci_group_9
m9q5,saccade,17,17,0.0,0.0,48.348121037455755,48.348121037455755,,mci,mci_group_9
m9q5,saccade,18,18,0.0,0.0,18.958770412708155,18.958770412708155,,mci,mci_group_9
m9q5,saccade,19,20,122.0,5.743408943754573,47.077122489791584,45.769544175978595,,mci,mci_group_9
m9q5,saccade,24,24,0.0,0.0,112.63482141258999,112.63482141258999,,mci,mci_group_9
m9q5,saccade,25,25,0.0,0.0,24.543091252837208,24.543091252837208,,mci,mci_group_9
m9q5,saccade,26,27,122.0,13.233116457161557,108.46816768165212,77.69096122036694,,mci,mci_group_9
m9q5,saccade,28,28,0.0,0.0,23.214285140477056,23.214285140477056,,mci,mci_group_9
m9q5,saccade,29,29,0.0,0.0,67.40835377349039,67.40835377349039,,mci,mci_group_9
m9q5,saccade,41,42,122.0,14.28741890710845,117.10999104187253,82.23286427890613,,mci,mci_group_9
m9q5,saccade,48,48,0.0,0.0,96.33557012787121,96.33557012787121,,mci,mci_group_9
m9q5,saccade,61,62,244.0,25.900554958718544,80.32320212690338,62.037385836874165,,mci,mci_group_9
m9q5,saccade,70,70,0.0,0.0,71.36455756130248,71.36455756130248,,mci,mci_group_9
m9q5,saccade,71,71,0.0,0.0,28.47325548632944,28.47325548632944,,mci,mci_group_9
m9q5,saccade,72,77,611.0,32.24709512310837,123.0946320325022,75.3195831368299,,mci,mci_group_9
m9q5,saccade,78,78,0.0,0.0,5.42994438732563,5.42994438732563,,mci,mci_group_9
m9q5,saccade,79,80,123.0,7.38921395548945,60.074910207231305,52.18179937258555,,mci,mci_group_9
m9q5,saccade,86,86,0.0,0.0,78.19493451446057,78.19493451446057,,mci,mci_group_9
m9q5,saccade,90,90,0.0,0.0,66.94475477760204,66.94475477760204,,mci,mci_group_9
m9q5,saccade,94,94,0.0,0.0,102.46307342279249,102.46307342279249,,mci,mci_group_9
m9q5,saccade,97,97,0.0,0.0,62.69923129510463,62.69923129510463,,mci,mci_group_9
m9q5,saccade,106,107,244.0,33.6471091414701,108.55110281292728,104.0138022289845,,mci,mci_group_9
m9q5,saccade,108,108,0.0,0.0,4.307323625879447,4.307323625879447,,mci,mci_group_9
m9q5,saccade,109,110,245.0,29.250081634593773,81.86879182787597,77.34987882242365,,mci,mci_group_9
m9q5,saccade,111,111,0.0,0.0,5.803541412007027,5.803541412007027,,mci,mci_group_9
m9q5,saccade,112,112,0.0,0.0,106.07582472725876,106.07582472725876,,mci,mci_group_9
m9q5,saccade,118,118,0.0,0.0,48.620584765013675,48.620584765013675,,mci,mci_group_9
m9q5,saccade,119,119,0.0,0.0,6.908910730877505,6.908910730877505,,mci,mci_group_9
m9q5,saccade,120,121,123.0,16.323025899997834,132.7075276422588,94.13643597053978,,mci,mci_group_9
m9q5,saccade,128,128,0.0,0.0,122.37640052324443,122.37640052324443,,mci,mci_group_9
m9q5,saccade,129,129,0.0,0.0,7.652808240793511,7.652808240793511,,mci,mci_group_9
m9q5,saccade,130,132,245.0,4.491393627639418,77.02541293710021,62.77762418113539,,mci,mci_group_9
m9q5,saccade,133,133,0.0,0.0,5.200020610630327,5.200020610630327,,mci,mci_group_9
m9q5,saccade,134,134,0.0,0.0,151.2898963796773,151.2898963796773,,mci,mci_group_9
m9q5,saccade,135,135,0.0,0.0,6.127486962812807,6.127486962812807,,mci,mci_group_9
m9q5,saccade,136,136,0.0,0.0,151.72828601692026,151.72828601692026,,mci,mci_group_9
m9q5,saccade,140,140,0.0,0.0,70.17440048434906,70.17440048434906,,mci,mci_group_9
m9q5,saccade,145,145,0.0,0.0,152.66231425112338,152.66231425112338,,mci,mci_group_9
m9q5,saccade,146,146,0.0,0.0,6.767607850429884,6.767607850429884,,mci,mci_group_9
m9q5,saccade,147,149,367.0,28.00349437538109,102.79007711901205,73.87890774480469,,mci,mci_group_9
m9q5,saccade,150,150,0.0,0.0,5.577924057495327,5.577924057495327,,mci,mci_group_9
m9q5,saccade,151,151,0.0,0.0,53.86827137494281,53.86827137494281,,mci,mci_group_9
m9q5,saccade,152,152,0.0,0.0,7.767732338024619,7.767732338024619,,mci,mci_group_9
m9q5,saccade,153,153,0.0,0.0,43.95324791140965,43.95324791140965,,mci,mci_group_9
m9q5,saccade,165,166,123.0,5.828917117269726,52.07017895199179,49.72987450554763,,mci,mci_group_9
m9q5,saccade,167,167,0.0,0.0,12.979099924391766,12.979099924391766,,mci,mci_group_9
m9q5,saccade,168,168,0.0,0.0,48.347622460481944,48.347622460481944,,mci,mci_group_9
m6q5,fixation,0,1,122.0,3.439284213553751,,,INST_n2q5_1b,mci,mci_group_jojo
m6q5,fixation,3,9,733.0,5.410450424169873,,,INST_n2q5_1a,mci,mci_group_jojo
m6q5,fixation,13,14,123.0,0.7174959080022675,,,INST_n2q5_1b,mci,mci_group_jojo
m6q5,fixation,16,20,489.0,4.7975048612377655,,,INST_n2q5_1b,mci,mci_group_jojo
m6q5,fixation,26,37,1467.0,10.901257386210089,,,INST_n2q5_1c,mci,mci_group_jojo
m6q5,fixation,39,42,367.0,0.48446916310535,,,INST_n2q5_1c,mci,mci_group_jojo
m6q5,fixation,45,51,856.0,10.80341807910811,,,INST_n2q5_1c,mci,mci_group_jojo
m6q5,fixation,60,61,122.0,1.7987176482149805,,,INST_n2q5_1c,mci,mci_group_jojo
m6q5,fixation,63,69,855.0,2.3797228727732134,,,INST_n2q5_1c,mci,mci_group_jojo
m6q5,fixation,73,74,122.0,0.9481218225523551,,,INST_n2q5_1c,mci,mci_group_jojo
m6q5,fixation,80,83,366.0,4.7674806482669645,,,INST_n2q5_1c,mci,mci_group_jojo
m6q5,saccade,2,2,0.0,0.0,104.57357981885328,104.57357981885328,,mci,mci_group_jojo
m6q5,saccade,10,12,244.0,18.145812500144498,100.68663963409422,68.65340685482612,,mci,mci_group_jojo
m6q5,saccade,15,15,0.0,0.0,106.1154479872363,106.1154479872363,,mci,mci_group_jojo
m6q5,saccade,21,21,0.0,0.0,118.55707617030208,118.55707617030208,,mci,mci_group_jojo
m6q5,saccade,22,22,0.0,0.0,1.4483606557376782,1.4483606557376782,,mci,mci_group_jojo
m6q5,saccade,23,23,0.0,0.0,124.002776253912,124.002776253912,,mci,mci_group_jojo
m6q5,saccade,24,24,0.0,0.0,14.580483475781262,14.580483475781262,,mci,mci_group_jojo
m6q5,saccade,25,25,0.0,0.0,69.95347658535032,69.95347658535032,,mci,mci_group_jojo
m6q5,saccade,38,38,0.0,0.0,48.79076597716557,48.79076597716557,,mci,mci_group_jojo
m6q5,saccade,43,44,122.0,5.039703150186528,60.95496666859448,51.132004441619074,,mci,mci_group_jojo
m6q5,saccade,52,53,123.0,17.968685261554327,146.08687204515712,93.2962008730946,,mci,mci_group_jojo
m6q5,saccade,54,54,0.0,0.0,8.84407507360445,8.84407507360445,,mci,mci_group_jojo
m6q5,saccade,55,57,490.0,13.697156823589333,107.97248456543761,74.16504141735646,,mci,mci_group_jojo
m6q5,saccade,58,58,0.0,0.0,10.063381524202446,10.063381524202446,,mci,mci_group_jojo
m6q5,saccade,59,59,0.0,0.0,122.36365550950588,122.36365550950588,,mci,mci_group_jojo
m6q5,saccade,62,62,0.0,0.0,149.94191060652628,149.94191060652628,,mci,mci_group_jojo
m6q5,saccade,70,70,0.0,0.0,90.59829841089055,90.59829841089055,,mci,mci_group_jojo
m6q5,saccade,71,71,0.0,0.0,16.28308606344421,16.28308606344421,,mci,mci_group_jojo
m6q5,saccade,72,72,0.0,0.0,152.13374561128117,152.13374561128117,,mci,mci_group_jojo
m6q5,saccade,75,75,0.0,0.0,69.27674590039356,69.27674590039356,,mci,mci_group_jojo
m6q5,saccade,76,76,0.0,0.0,4.659962894593052,4.659962894593052,,mci,mci_group_jojo
m6q5,saccade,77,77,0.0,0.0,118.92064519463018,118.92064519463018,,mci,mci_group_jojo
m6q5,saccade,78,78,0.0,0.0,4.517699924910977,4.517699924910977,,mci,mci_group_jojo
m6q5,saccade,79,79,0.0,0.0,68.11947909870854,68.11947909870854,,mci,mci_group_jojo
